INFO 2025-03-27 04:37:20,701 autoreload 34386 139874899623936 Watching for file changes with StatReloader
INFO 2025-03-27 05:45:28,308 autoreload 35622 140287222136832 Watching for file changes with StatReloader
INFO 2025-03-27 05:45:41,813 basehttp 35622 140287139640896 "GET /admin/ HTTP/1.1" 200 12239
INFO 2025-03-27 05:45:41,946 basehttp 35622 140287131248192 "GET /static/admin/css/base.css HTTP/1.1" 304 0
INFO 2025-03-27 05:45:42,020 basehttp 35622 140287139640896 "GET /static/admin/css/dark_mode.css HTTP/1.1" 304 0
INFO 2025-03-27 05:45:42,047 basehttp 35622 140286918391360 "GET /static/admin/css/nav_sidebar.css HTTP/1.1" 304 0
INFO 2025-03-27 05:45:42,051 basehttp 35622 140286909998656 "GET /static/admin/css/dashboard.css HTTP/1.1" 304 0
INFO 2025-03-27 05:45:42,056 basehttp 35622 140286901605952 "GET /static/admin/css/responsive.css HTTP/1.1" 304 0
INFO 2025-03-27 05:45:42,056 basehttp 35622 140286893213248 "GET /static/admin/js/theme.js HTTP/1.1" 304 0
INFO 2025-03-27 05:45:42,128 basehttp 35622 140287131248192 "GET /static/admin/js/nav_sidebar.js HTTP/1.1" 304 0
INFO 2025-03-27 05:45:42,240 basehttp 35622 140286909998656 "GET /static/admin/img/icon-changelink.svg HTTP/1.1" 304 0
INFO 2025-03-27 05:45:42,243 basehttp 35622 140286901605952 "GET /static/admin/img/icon-addlink.svg HTTP/1.1" 304 0
INFO 2025-03-27 05:54:02,833 basehttp 35622 140286901605952 "GET /admin/ HTTP/1.1" 200 12239
INFO 2025-03-27 05:54:04,861 basehttp 35622 140286901605952 "GET /admin/ HTTP/1.1" 200 12239
INFO 2025-03-27 05:54:05,918 basehttp 35622 140286901605952 "GET /admin/ HTTP/1.1" 200 12239
INFO 2025-03-27 05:54:06,684 basehttp 35622 140286901605952 "GET /admin/ HTTP/1.1" 200 12239
INFO 2025-03-27 05:54:07,659 basehttp 35622 140286901605952 "GET /admin/ HTTP/1.1" 200 12239
INFO 2025-03-27 06:14:22,670 autoreload 62569 140551713800192 Watching for file changes with StatReloader
INFO 2025-03-27 06:14:33,105 basehttp 62569 140551631402560 "GET /admin/ HTTP/1.1" 200 12239
INFO 2025-03-27 06:14:33,252 basehttp 62569 140551623009856 "GET /static/admin/css/base.css HTTP/1.1" 200 21310
INFO 2025-03-27 06:14:33,280 basehttp 62569 140551631402560 "GET /static/admin/css/dark_mode.css HTTP/1.1" 200 2929
INFO 2025-03-27 06:14:33,353 basehttp 62569 140551612520000 "GET /static/admin/css/nav_sidebar.css HTTP/1.1" 200 2694
INFO 2025-03-27 06:14:33,359 basehttp 62569 140551395472960 "GET /static/admin/css/dashboard.css HTTP/1.1" 200 441
INFO 2025-03-27 06:14:33,360 basehttp 62569 140551378687552 "GET /static/admin/css/responsive.css HTTP/1.1" 200 18559
INFO 2025-03-27 06:14:33,361 basehttp 62569 140551387080256 "GET /static/admin/js/theme.js HTTP/1.1" 200 1943
INFO 2025-03-27 06:14:33,422 basehttp 62569 140551623009856 "GET /static/admin/js/nav_sidebar.js HTTP/1.1" 200 3063
INFO 2025-03-27 06:14:33,632 basehttp 62569 140551378687552 "GET /static/admin/img/icon-addlink.svg HTTP/1.1" 200 331
INFO 2025-03-27 06:14:33,635 basehttp 62569 140551623009856 "GET /static/admin/img/icon-changelink.svg HTTP/1.1" 200 380
INFO 2025-03-27 06:23:23,574 basehttp 62569 140551623009856 "OPTIONS /api/v1/auth/verify/ HTTP/1.1" 200 0
INFO 2025-03-27 06:23:23,578 basehttp 62569 140551395472960 "OPTIONS /api/v1/auth/verify/ HTTP/1.1" 200 0
INFO 2025-03-27 06:23:23,591 basehttp 62569 140551631402560 "OPTIONS /api/v1/auth/verify/ HTTP/1.1" 200 0
INFO 2025-03-27 06:23:23,602 basehttp 62569 140551378687552 "OPTIONS /api/v1/auth/verify/ HTTP/1.1" 200 0
WARNING 2025-03-27 06:23:23,754 log 62569 140551623009856 Not Found: /api/v1/auth/verify/
WARNING 2025-03-27 06:23:23,754 basehttp 62569 140551623009856 "GET /api/v1/auth/verify/ HTTP/1.1" 404 21363
WARNING 2025-03-27 06:23:23,870 log 62569 140551378687552 Not Found: /api/v1/auth/verify/
WARNING 2025-03-27 06:23:23,870 basehttp 62569 140551378687552 "GET /api/v1/auth/verify/ HTTP/1.1" 404 21363
WARNING 2025-03-27 06:23:23,986 log 62569 140551623009856 Not Found: /api/v1/auth/verify/
WARNING 2025-03-27 06:23:23,986 basehttp 62569 140551623009856 "GET /api/v1/auth/verify/ HTTP/1.1" 404 21363
WARNING 2025-03-27 06:23:24,097 log 62569 140551378687552 Not Found: /api/v1/auth/verify/
WARNING 2025-03-27 06:23:24,097 basehttp 62569 140551378687552 "GET /api/v1/auth/verify/ HTTP/1.1" 404 21363
INFO 2025-03-27 06:23:59,137 basehttp 62569 140551378687552 "OPTIONS /api/v1/api-token-auth/ HTTP/1.1" 200 0
WARNING 2025-03-27 06:23:59,331 log 62569 140551378687552 Not Found: /api/v1/api-token-auth/
WARNING 2025-03-27 06:23:59,331 basehttp 62569 140551378687552 "POST /api/v1/api-token-auth/ HTTP/1.1" 404 21373
INFO 2025-03-27 06:24:13,299 basehttp 62569 140551612520000 "GET /admin/ HTTP/1.1" 200 12239
INFO 2025-03-27 06:24:14,425 basehttp 62569 140551612520000 "GET /admin/ HTTP/1.1" 200 12239
WARNING 2025-03-27 06:25:01,644 log 62569 140551378687552 Not Found: /api/v1/api-token-auth/
WARNING 2025-03-27 06:25:01,644 basehttp 62569 140551378687552 "POST /api/v1/api-token-auth/ HTTP/1.1" 404 21373
INFO 2025-03-27 06:32:23,494 basehttp 62569 140551378687552 "GET /admin/ HTTP/1.1" 200 12239
WARNING 2025-03-27 06:32:39,836 log 62569 140551623009856 Not Found: /api/v1/api-token-auth/
WARNING 2025-03-27 06:32:39,837 basehttp 62569 140551623009856 "POST /api/v1/api-token-auth/ HTTP/1.1" 404 21373
INFO 2025-03-27 10:01:13,310 autoreload 65684 140643581558784 Watching for file changes with StatReloader
INFO 2025-03-27 10:01:20,383 basehttp 65684 140643490850368 "GET /admin/ HTTP/1.1" 200 12239
INFO 2025-03-27 10:01:20,482 basehttp 65684 140643490850368 "GET /static/admin/css/base.css HTTP/1.1" 304 0
INFO 2025-03-27 10:01:20,483 basehttp 65684 140643499243072 "GET /static/admin/css/dark_mode.css HTTP/1.1" 304 0
INFO 2025-03-27 10:01:20,513 basehttp 65684 140643480360512 "GET /static/admin/css/nav_sidebar.css HTTP/1.1" 304 0
INFO 2025-03-27 10:01:20,515 basehttp 65684 140643259115072 "GET /static/admin/css/responsive.css HTTP/1.1" 304 0
INFO 2025-03-27 10:01:20,516 basehttp 65684 140643267507776 "GET /static/admin/css/dashboard.css HTTP/1.1" 304 0
INFO 2025-03-27 10:01:20,518 basehttp 65684 140643250722368 "GET /static/admin/js/theme.js HTTP/1.1" 304 0
INFO 2025-03-27 10:01:20,600 basehttp 65684 140643499243072 "GET /static/admin/js/nav_sidebar.js HTTP/1.1" 304 0
INFO 2025-03-27 10:01:20,641 basehttp 65684 140643480360512 "GET /static/admin/img/icon-addlink.svg HTTP/1.1" 304 0
INFO 2025-03-27 10:01:20,642 basehttp 65684 140643250722368 "GET /static/admin/img/icon-changelink.svg HTTP/1.1" 304 0
INFO 2025-03-27 10:01:24,619 basehttp 65684 140643242329664 "OPTIONS /api/v1/api-token-auth/ HTTP/1.1" 200 0
WARNING 2025-03-27 10:01:24,731 log 65684 140643242329664 Not Found: /api/v1/api-token-auth/
WARNING 2025-03-27 10:01:24,732 basehttp 65684 140643242329664 "POST /api/v1/api-token-auth/ HTTP/1.1" 404 21373
WARNING 2025-03-27 10:01:26,624 log 65684 140643242329664 Not Found: /api/v1/api-token-auth/
WARNING 2025-03-27 10:01:26,624 basehttp 65684 140643242329664 "POST /api/v1/api-token-auth/ HTTP/1.1" 404 21373
WARNING 2025-03-27 10:01:29,422 log 65684 140643242329664 Not Found: /api/v1/api-token-auth/
WARNING 2025-03-27 10:01:29,423 basehttp 65684 140643242329664 "POST /api/v1/api-token-auth/ HTTP/1.1" 404 21373
WARNING 2025-03-27 10:01:33,384 log 65684 140643242329664 Not Found: /api/v1/api-token-auth/
WARNING 2025-03-27 10:01:33,384 basehttp 65684 140643242329664 "POST /api/v1/api-token-auth/ HTTP/1.1" 404 21373
WARNING 2025-03-27 10:02:53,895 log 65684 140643233936960 Not Found: /
WARNING 2025-03-27 10:02:53,895 basehttp 65684 140643233936960 "GET / HTTP/1.1" 404 2417
INFO 2025-03-27 10:06:50,417 basehttp 65684 140643242329664 "OPTIONS /api-token-auth/ HTTP/1.1" 200 0
INFO 2025-03-27 10:06:50,844 basehttp 65684 140643242329664 "POST /api-token-auth/ HTTP/1.1" 200 52
INFO 2025-03-27 10:06:51,159 basehttp 65684 140643242329664 "OPTIONS /auth/verify/ HTTP/1.1" 200 0
INFO 2025-03-27 10:06:51,189 basehttp 65684 140643250722368 "OPTIONS /auth/verify/ HTTP/1.1" 200 0
WARNING 2025-03-27 10:06:51,268 log 65684 140643242329664 Not Found: /auth/verify/
WARNING 2025-03-27 10:06:51,269 basehttp 65684 140643242329664 "GET /auth/verify/ HTTP/1.1" 404 2471
WARNING 2025-03-27 10:06:51,305 log 65684 140643250722368 Not Found: /auth/verify/
WARNING 2025-03-27 10:06:51,306 basehttp 65684 140643250722368 "GET /auth/verify/ HTTP/1.1" 404 2471
INFO 2025-03-27 10:06:59,532 basehttp 65684 140643480360512 "GET /admin/ HTTP/1.1" 200 12239
WARNING 2025-03-27 10:11:20,044 log 65684 140643499243072 Not Found: /auth/login/
WARNING 2025-03-27 10:11:20,045 basehttp 65684 140643499243072 "POST /auth/login/ HTTP/1.1" 404 2469
INFO 2025-03-27 10:12:26,542 basehttp 65684 140643480360512 "POST /api-token-auth/ HTTP/1.1" 200 52
INFO 2025-03-27 10:21:38,390 basehttp 65684 140643480360512 "POST /api-token-auth/ HTTP/1.1" 200 52
WARNING 2025-03-27 10:21:38,684 log 65684 140643480360512 Not Found: /auth/verify/
WARNING 2025-03-27 10:21:38,684 basehttp 65684 140643480360512 "GET /auth/verify/ HTTP/1.1" 404 2471
WARNING 2025-03-27 10:21:38,755 log 65684 140643250722368 Not Found: /auth/verify/
WARNING 2025-03-27 10:21:38,755 basehttp 65684 140643250722368 "GET /auth/verify/ HTTP/1.1" 404 2471
INFO 2025-03-27 10:22:52,724 basehttp 65684 140643480360512 "POST /api-token-auth/ HTTP/1.1" 200 52
WARNING 2025-03-27 10:22:53,088 log 65684 140643480360512 Not Found: /auth/verify/
WARNING 2025-03-27 10:22:53,091 basehttp 65684 140643480360512 "GET /auth/verify/ HTTP/1.1" 404 2471
WARNING 2025-03-27 10:22:53,144 log 65684 140643480360512 Not Found: /auth/verify/
WARNING 2025-03-27 10:22:53,145 basehttp 65684 140643480360512 "GET /auth/verify/ HTTP/1.1" 404 2471
INFO 2025-03-27 10:23:50,503 basehttp 65684 140643480360512 "GET /admin/ HTTP/1.1" 200 12239
INFO 2025-03-27 10:27:28,754 basehttp 65684 140643480360512 "GET /admin/ HTTP/1.1" 200 12239
WARNING 2025-03-27 10:29:11,721 log 65684 140643242329664 Not Found: /auth/login/
WARNING 2025-03-27 10:29:11,722 basehttp 65684 140643242329664 "POST /auth/login/ HTTP/1.1" 404 2469
WARNING 2025-03-27 10:29:21,303 log 65684 140643242329664 Not Found: /auth/login/
WARNING 2025-03-27 10:29:21,303 basehttp 65684 140643242329664 "POST /auth/login/ HTTP/1.1" 404 2469
WARNING 2025-03-27 10:29:26,297 log 65684 140643242329664 Not Found: /auth/login/
WARNING 2025-03-27 10:29:26,298 basehttp 65684 140643242329664 "POST /auth/login/ HTTP/1.1" 404 2469
WARNING 2025-03-27 10:29:33,411 log 65684 140643242329664 Not Found: /auth/login/
WARNING 2025-03-27 10:29:33,412 basehttp 65684 140643242329664 "POST /auth/login/ HTTP/1.1" 404 2469
WARNING 2025-03-27 10:29:40,843 log 65684 140643242329664 Not Found: /auth/login/
WARNING 2025-03-27 10:29:40,844 basehttp 65684 140643242329664 "POST /auth/login/ HTTP/1.1" 404 2469
WARNING 2025-03-27 10:29:41,257 log 65684 140643242329664 Not Found: /auth/login/
WARNING 2025-03-27 10:29:41,257 basehttp 65684 140643242329664 "POST /auth/login/ HTTP/1.1" 404 2469
INFO 2025-03-27 10:30:45,850 basehttp 65684 140643242329664 "POST /api-token-auth/ HTTP/1.1" 200 52
INFO 2025-03-27 10:32:16,929 basehttp 65684 140643480360512 "POST /api-token-auth/ HTTP/1.1" 200 52
WARNING 2025-03-27 10:32:17,220 log 65684 140643480360512 Not Found: /auth/verify/
WARNING 2025-03-27 10:32:17,221 basehttp 65684 140643480360512 "GET /auth/verify/ HTTP/1.1" 404 2471
WARNING 2025-03-27 10:32:17,275 log 65684 140643480360512 Not Found: /auth/verify/
WARNING 2025-03-27 10:32:17,276 basehttp 65684 140643480360512 "GET /auth/verify/ HTTP/1.1" 404 2471
INFO 2025-03-27 10:38:06,928 basehttp 65684 140643250722368 "POST /api-token-auth/ HTTP/1.1" 200 52
WARNING 2025-03-27 10:38:07,227 log 65684 140643250722368 Not Found: /auth/verify/
WARNING 2025-03-27 10:38:07,227 basehttp 65684 140643250722368 "GET /auth/verify/ HTTP/1.1" 404 2471
WARNING 2025-03-27 10:38:07,278 log 65684 140643250722368 Not Found: /auth/verify/
WARNING 2025-03-27 10:38:07,279 basehttp 65684 140643250722368 "GET /auth/verify/ HTTP/1.1" 404 2471
INFO 2025-03-27 10:46:45,667 autoreload 66833 140594395951104 Watching for file changes with StatReloader
INFO 2025-03-27 10:48:28,223 basehttp 66833 140594313688640 "GET /admin/ HTTP/1.1" 200 12239
INFO 2025-03-27 10:48:28,272 basehttp 66833 140594305295936 "GET /static/admin/css/base.css HTTP/1.1" 304 0
INFO 2025-03-27 10:48:28,275 basehttp 66833 140594313688640 "GET /static/admin/css/dark_mode.css HTTP/1.1" 304 0
INFO 2025-03-27 10:48:28,301 basehttp 66833 140594294806080 "GET /static/admin/css/nav_sidebar.css HTTP/1.1" 304 0
INFO 2025-03-27 10:48:28,302 basehttp 66833 140594076710464 "GET /static/admin/css/dashboard.css HTTP/1.1" 304 0
INFO 2025-03-27 10:48:28,302 basehttp 66833 140594068317760 "GET /static/admin/css/responsive.css HTTP/1.1" 304 0
INFO 2025-03-27 10:48:28,304 basehttp 66833 140594059925056 "GET /static/admin/js/theme.js HTTP/1.1" 304 0
INFO 2025-03-27 10:48:28,376 basehttp 66833 140594313688640 "GET /static/admin/js/nav_sidebar.js HTTP/1.1" 304 0
INFO 2025-03-27 10:48:28,396 basehttp 66833 140594076710464 "GET /static/admin/img/icon-addlink.svg HTTP/1.1" 304 0
INFO 2025-03-27 10:48:28,396 basehttp 66833 140594294806080 "GET /static/admin/img/icon-changelink.svg HTTP/1.1" 304 0
WARNING 2025-03-27 10:49:01,709 log 66833 140594051532352 Not Found: /
WARNING 2025-03-27 10:49:01,710 basehttp 66833 140594051532352 "HEAD / HTTP/1.1" 404 0
INFO 2025-03-27 10:52:21,178 basehttp 66833 140594294806080 "GET /admin/ HTTP/1.1" 200 12239
INFO 2025-03-27 10:52:21,918 basehttp 66833 140594294806080 "GET /admin/ HTTP/1.1" 200 12239
WARNING 2025-03-27 10:57:14,037 log 66833 140594294806080 Not Found: /
WARNING 2025-03-27 10:57:14,038 basehttp 66833 140594294806080 "GET / HTTP/1.1" 404 2417
INFO 2025-03-27 10:58:23,481 autoreload 66833 140594395951104 /root/rumah-akrilik/rumah_akrilik_app/urls.py changed, reloading.
INFO 2025-03-27 10:58:23,768 autoreload 66947 139917444345856 Watching for file changes with StatReloader
INFO 2025-03-27 11:10:50,968 autoreload 66947 139917444345856 /root/rumah-akrilik/backend/settings.py changed, reloading.
INFO 2025-03-27 11:10:51,253 autoreload 68202 140084074512384 Watching for file changes with StatReloader
INFO 2025-03-27 12:13:18,438 autoreload 70798 139821977554944 Watching for file changes with StatReloader
INFO 2025-04-03 18:32:57,862 autoreload 208345 140197805371392 Watching for file changes with StatReloader
INFO 2025-04-03 18:36:23,615 autoreload 208694 140658025422848 Watching for file changes with StatReloader
INFO 2025-04-03 18:37:54,515 autoreload 208706 139808961400832 Watching for file changes with StatReloader
INFO 2025-04-03 18:40:10,912 autoreload 208732 140661511204864 Watching for file changes with StatReloader
INFO 2025-04-03 18:40:34,193 basehttp 208732 140661424649792 "GET /admin/ HTTP/1.1" 301 0
INFO 2025-04-03 18:40:34,423 basehttp 208732 140661424649792 code 400, message Bad request version ('w÷¾\x1bK\x96')
ERROR 2025-04-03 18:40:34,424 basehttp 208732 140661424649792 You're accessing the development server over HTTPS, but it only supports HTTP.
INFO 2025-04-03 18:40:34,702 basehttp 208732 140661424649792 code 400, message Bad request version ('Wõ\x14ù¹ë¤tYæ\x00')
ERROR 2025-04-03 18:40:34,702 basehttp 208732 140661424649792 You're accessing the development server over HTTPS, but it only supports HTTP.
INFO 2025-04-03 18:40:34,727 basehttp 208732 140661407864384 code 400, message Bad request version ('(\x18_¨0?\x9cWí')
ERROR 2025-04-03 18:40:34,727 basehttp 208732 140661407864384 You're accessing the development server over HTTPS, but it only supports HTTP.
INFO 2025-04-03 18:40:34,972 basehttp 208732 140661407864384 code 400, message Bad request version ('\x00\x12\x00\x10\x04\x03\x08\x04\x04\x01\x05\x03\x08\x05\x05\x01\x08\x06\x06\x01\x00')
ERROR 2025-04-03 18:40:34,973 basehttp 208732 140661407864384 You're accessing the development server over HTTPS, but it only supports HTTP.
INFO 2025-04-03 18:41:46,865 basehttp 208732 140661407864384 code 400, message Bad request version ('3/Õ\x0e\x1b3g»M\x8eP3PÍG¦ðk')
ERROR 2025-04-03 18:41:46,865 basehttp 208732 140661407864384 You're accessing the development server over HTTPS, but it only supports HTTP.
INFO 2025-04-03 18:41:46,867 basehttp 208732 140661416257088 code 400, message Bad HTTP/0.9 request type ("\x16\x03\x01\x06À\x01\x00\x06¼\x03\x03\x95Ô\x08'd\x7f\x9b±[kjg[`üD\x12\x96\x87?v¯üìyb{\x83ä0\x7fÈ")
ERROR 2025-04-03 18:41:46,867 basehttp 208732 140661416257088 You're accessing the development server over HTTPS, but it only supports HTTP.
INFO 2025-04-03 18:41:47,095 basehttp 208732 140661416257088 code 400, message Bad request version ('\x02h2\x08http/1.1\x00-\x00\x02\x01\x01\x00')
ERROR 2025-04-03 18:41:47,095 basehttp 208732 140661416257088 You're accessing the development server over HTTPS, but it only supports HTTP.
INFO 2025-04-03 18:41:47,184 basehttp 208732 140661407864384 code 400, message Bad request version ('HLÛª_°h\x03\x13*f\x02Z½{Dc')
ERROR 2025-04-03 18:41:47,184 basehttp 208732 140661407864384 You're accessing the development server over HTTPS, but it only supports HTTP.
INFO 2025-04-03 18:41:47,188 basehttp 208732 140661416257088 code 400, message Bad request version ('Þr\x00')
ERROR 2025-04-03 18:41:47,188 basehttp 208732 140661416257088 You're accessing the development server over HTTPS, but it only supports HTTP.
INFO 2025-04-03 18:41:47,452 basehttp 208732 140661416257088 code 400, message Bad request syntax ('\x16\x03\x01\x07\x00\x01\x00\x06ü\x03\x03vµÍó\x88Å\x8b\x9cãk·\x10¨6B')
ERROR 2025-04-03 18:41:47,452 basehttp 208732 140661416257088 You're accessing the development server over HTTPS, but it only supports HTTP.
INFO 2025-04-03 18:41:51,004 basehttp 208732 140661416257088 code 400, message Bad request version ('6ªâs¦\x96aàx«Þ=\x8e\x9f\x1b')
ERROR 2025-04-03 18:41:51,005 basehttp 208732 140661416257088 You're accessing the development server over HTTPS, but it only supports HTTP.
INFO 2025-04-03 18:41:51,270 basehttp 208732 140661416257088 code 400, message Bad request version ('\xad^<Ñ\x93Oß¶b\x9f\x94Þ')
ERROR 2025-04-03 18:41:51,270 basehttp 208732 140661416257088 You're accessing the development server over HTTPS, but it only supports HTTP.
INFO 2025-04-03 18:41:51,816 basehttp 208732 140661416257088 code 400, message Bad request version ('\x00\x12\x00\x10\x04\x03\x08\x04\x04\x01\x05\x03\x08\x05\x05\x01\x08\x06\x06\x01\x00\x12\x00\x00\x00')
ERROR 2025-04-03 18:41:51,816 basehttp 208732 140661416257088 You're accessing the development server over HTTPS, but it only supports HTTP.
INFO 2025-04-03 18:41:51,824 basehttp 208732 140661407864384 code 400, message Bad HTTP/0.9 request type ('\x16\x03\x01\x06À\x01\x00\x06¼\x03\x038ïÞ£¹Pâ¸')
ERROR 2025-04-03 18:41:51,824 basehttp 208732 140661407864384 You're accessing the development server over HTTPS, but it only supports HTTP.
INFO 2025-04-03 18:41:52,074 basehttp 208732 140661407864384 code 400, message Bad request version (',áõ\x04\x00')
ERROR 2025-04-03 18:41:52,074 basehttp 208732 140661407864384 You're accessing the development server over HTTPS, but it only supports HTTP.
INFO 2025-04-03 18:41:52,099 basehttp 208732 140661416257088 code 400, message Bad request version ('\x9fNX')
ERROR 2025-04-03 18:41:52,099 basehttp 208732 140661416257088 You're accessing the development server over HTTPS, but it only supports HTTP.
INFO 2025-04-03 18:44:23,156 autoreload 208787 139735400398848 Watching for file changes with StatReloader
INFO 2025-04-03 18:44:30,808 basehttp 208787 139735297152576 code 400, message Bad request version ('\x13ïôEØÀ1S!X\x9fFºh\x07WÊ»\x82"QØ»Æ$\x82LÆ¨ü;\x94\x06\x06\x059ya\x93G\x92¡wA÷\x00')
ERROR 2025-04-03 18:44:30,809 basehttp 208787 139735297152576 You're accessing the development server over HTTPS, but it only supports HTTP.
INFO 2025-04-03 18:44:31,093 basehttp 208787 139735297152576 code 400, message Bad HTTP/0.9 request type ('\x16\x03\x01\x06À\x01\x00\x06¼\x03\x03ML²N!¢\x93\x04Mµb\x13\x8b\x8d\x98ÉK|')
ERROR 2025-04-03 18:44:31,093 basehttp 208787 139735297152576 You're accessing the development server over HTTPS, but it only supports HTTP.
INFO 2025-04-03 18:44:36,032 basehttp 208787 139735297152576 code 400, message Bad request version ('úú\x13\x01\x13\x02\x13\x03À+À/À,À0Ì©Ì¨À\x13À\x14\x00\x9c\x00\x9d\x00/\x005\x01\x00\x06\x93::\x00\x00\x00\x1b\x00\x03\x02\x00\x02\x00+\x00\x07\x06ªª\x03\x04\x03\x03\x00')
ERROR 2025-04-03 18:44:36,033 basehttp 208787 139735297152576 You're accessing the development server over HTTPS, but it only supports HTTP.
INFO 2025-04-03 18:44:36,259 basehttp 208787 139735297152576 code 400, message Bad request version ('ºº\x13\x01\x13\x02\x13\x03À+À/À,À0Ì©Ì¨À\x13À\x14\x00\x9c\x00\x9d\x00/\x005\x01\x00\x06s**\x00\x00\x00\x05\x00\x05\x01\x00\x00\x00\x00\x00+\x00\x07\x06jj\x03\x04\x03\x03ÿ\x01\x00\x01\x00\x00-\x00\x02\x01\x01DÍ\x00\x05\x00\x03\x02h2\x00')
ERROR 2025-04-03 18:44:36,260 basehttp 208787 139735297152576 You're accessing the development server over HTTPS, but it only supports HTTP.
INFO 2025-04-03 18:44:36,353 basehttp 208787 139735083251264 code 400, message Bad request version ('êê\x13\x01\x13\x02\x13\x03À+À/À,À0Ì©Ì¨À\x13À\x14\x00\x9c\x00\x9d\x00/\x005\x01\x00\x063')
ERROR 2025-04-03 18:44:36,353 basehttp 208787 139735083251264 You're accessing the development server over HTTPS, but it only supports HTTP.
INFO 2025-04-03 18:44:36,621 basehttp 208787 139735083251264 code 400, message Bad request version ('Z\x9b\x10,&j')
ERROR 2025-04-03 18:44:36,621 basehttp 208787 139735083251264 You're accessing the development server over HTTPS, but it only supports HTTP.
INFO 2025-04-03 18:44:53,561 basehttp 208787 139735083251264 code 400, message Bad request version ('\x1a\x1a\x13\x01\x13\x02\x13\x03À+À/À,À0Ì©Ì¨À\x13À\x14\x00\x9c\x00\x9d\x00/\x005\x01\x00\x063::\x00\x00\x00')
ERROR 2025-04-03 18:44:53,562 basehttp 208787 139735083251264 You're accessing the development server over HTTPS, but it only supports HTTP.
INFO 2025-04-03 18:44:53,786 basehttp 208787 139735083251264 code 400, message Bad request version ('\x12º,ô¶&{\x0f¥åt\x18)x$å.2ô')
ERROR 2025-04-03 18:44:53,786 basehttp 208787 139735083251264 You're accessing the development server over HTTPS, but it only supports HTTP.
INFO 2025-04-03 20:16:22,986 autoreload 213600 139985572884480 Watching for file changes with StatReloader
ERROR 2025-04-03 20:36:12,192 exception 1010 139646667108352 Invalid HTTP_HOST header: '45-77-252-39.cprapid.com'. You may need to add '45-77-252-39.cprapid.com' to ALLOWED_HOSTS.
Traceback (most recent call last):
  File "/root/rumah-akrilik/venv/lib/python3.10/site-packages/django/core/handlers/exception.py", line 55, in inner
    response = get_response(request)
  File "/root/rumah-akrilik/venv/lib/python3.10/site-packages/django/utils/deprecation.py", line 128, in __call__
    response = self.process_request(request)
  File "/root/rumah-akrilik/venv/lib/python3.10/site-packages/django/middleware/security.py", line 28, in process_request
    host = self.redirect_host or request.get_host()
  File "/root/rumah-akrilik/venv/lib/python3.10/site-packages/django/http/request.py", line 151, in get_host
    raise DisallowedHost(msg)
django.core.exceptions.DisallowedHost: Invalid HTTP_HOST header: '45-77-252-39.cprapid.com'. You may need to add '45-77-252-39.cprapid.com' to ALLOWED_HOSTS.
WARNING 2025-04-03 20:36:12,276 log 1010 139646667108352 Bad Request: /
ERROR 2025-04-03 20:36:12,649 exception 1010 139646667108352 Invalid HTTP_HOST header: '45-77-252-39.cprapid.com'. You may need to add '45-77-252-39.cprapid.com' to ALLOWED_HOSTS.
Traceback (most recent call last):
  File "/root/rumah-akrilik/venv/lib/python3.10/site-packages/django/core/handlers/exception.py", line 55, in inner
    response = get_response(request)
  File "/root/rumah-akrilik/venv/lib/python3.10/site-packages/django/utils/deprecation.py", line 128, in __call__
    response = self.process_request(request)
  File "/root/rumah-akrilik/venv/lib/python3.10/site-packages/django/middleware/security.py", line 28, in process_request
    host = self.redirect_host or request.get_host()
  File "/root/rumah-akrilik/venv/lib/python3.10/site-packages/django/http/request.py", line 151, in get_host
    raise DisallowedHost(msg)
django.core.exceptions.DisallowedHost: Invalid HTTP_HOST header: '45-77-252-39.cprapid.com'. You may need to add '45-77-252-39.cprapid.com' to ALLOWED_HOSTS.
WARNING 2025-04-03 20:36:12,649 log 1010 139646667108352 Bad Request: /favicon.ico
ERROR 2025-04-03 20:36:13,008 exception 1012 139646667108352 Invalid HTTP_HOST header: '45-77-252-39.cprapid.com'. You may need to add '45-77-252-39.cprapid.com' to ALLOWED_HOSTS.
Traceback (most recent call last):
  File "/root/rumah-akrilik/venv/lib/python3.10/site-packages/django/core/handlers/exception.py", line 55, in inner
    response = get_response(request)
  File "/root/rumah-akrilik/venv/lib/python3.10/site-packages/django/utils/deprecation.py", line 128, in __call__
    response = self.process_request(request)
  File "/root/rumah-akrilik/venv/lib/python3.10/site-packages/django/middleware/security.py", line 28, in process_request
    host = self.redirect_host or request.get_host()
  File "/root/rumah-akrilik/venv/lib/python3.10/site-packages/django/http/request.py", line 151, in get_host
    raise DisallowedHost(msg)
django.core.exceptions.DisallowedHost: Invalid HTTP_HOST header: '45-77-252-39.cprapid.com'. You may need to add '45-77-252-39.cprapid.com' to ALLOWED_HOSTS.
WARNING 2025-04-03 20:36:13,064 log 1012 139646667108352 Bad Request: /ads.txt
ERROR 2025-04-03 21:17:09,977 exception 1012 139646667108352 Invalid HTTP_HOST header: 'sandbox.onezer.io'. You may need to add 'sandbox.onezer.io' to ALLOWED_HOSTS.
Traceback (most recent call last):
  File "/root/rumah-akrilik/venv/lib/python3.10/site-packages/django/core/handlers/exception.py", line 55, in inner
    response = get_response(request)
  File "/root/rumah-akrilik/venv/lib/python3.10/site-packages/django/utils/deprecation.py", line 128, in __call__
    response = self.process_request(request)
  File "/root/rumah-akrilik/venv/lib/python3.10/site-packages/django/middleware/security.py", line 28, in process_request
    host = self.redirect_host or request.get_host()
  File "/root/rumah-akrilik/venv/lib/python3.10/site-packages/django/http/request.py", line 151, in get_host
    raise DisallowedHost(msg)
django.core.exceptions.DisallowedHost: Invalid HTTP_HOST header: 'sandbox.onezer.io'. You may need to add 'sandbox.onezer.io' to ALLOWED_HOSTS.
WARNING 2025-04-03 21:17:09,977 log 1012 139646667108352 Bad Request: /
INFO 2025-04-03 21:18:01,671 autoreload 131717 140320057286656 Watching for file changes with StatReloader
WARNING 2025-04-04 00:37:07,840 log 548486 139646667108352 Not Found: /auth/login
WARNING 2025-04-04 00:44:34,237 log 548486 139646667108352 Not Found: /auth/login
WARNING 2025-04-04 00:45:01,828 log 548482 139646667108352 Not Found: /auth/login
WARNING 2025-04-04 00:48:17,421 log 545568 139646667108352 Not Found: /auth/login
WARNING 2025-04-04 00:48:19,440 log 548482 139646667108352 Not Found: /auth/login
WARNING 2025-04-04 00:48:19,629 log 548482 139646667108352 Not Found: /auth/login
WARNING 2025-04-04 00:49:18,633 log 548482 139646667108352 Not Found: /auth/login
WARNING 2025-04-04 07:21:42,124 log 545568 139646667108352 Not Found: /api/.git/config
WARNING 2025-04-04 13:44:52,722 log 1360280 139646667108352 Not Found: /api/v1/auth/verify/
WARNING 2025-04-04 13:45:06,015 log 1360280 139646667108352 Not Found: /api/v1/auth/verify/
WARNING 2025-04-04 13:50:41,434 log 548486 139646667108352 Not Found: /api/v1/auth/verify/
WARNING 2025-04-04 13:57:37,180 log 545568 139646667108352 Not Found: /api/v1/auth/verify/
WARNING 2025-04-04 14:00:34,574 log 545568 139646667108352 Not Found: /api/v1/auth/verify/
WARNING 2025-04-04 14:01:28,847 log 1360280 139646667108352 Not Found: /api/v1/auth/verify/
WARNING 2025-04-04 14:01:51,013 log 1360280 139646667108352 Not Found: /api/v1/auth/verify/
WARNING 2025-04-04 14:05:33,951 log 548486 139646667108352 Not Found: /api/v1/auth/verify/
WARNING 2025-04-04 14:11:51,995 log 1360280 139646667108352 Not Found: /api/v1/auth/verify/
WARNING 2025-04-04 14:15:36,032 log 548486 139646667108352 Not Found: /api/v1/auth/verify/
WARNING 2025-04-04 14:15:51,306 log 548486 139646667108352 Bad Request: /api/v1/auth/login/
WARNING 2025-04-04 14:15:55,812 log 545568 139646667108352 Bad Request: /api/v1/auth/login/
WARNING 2025-04-04 14:16:09,172 log 548486 139646667108352 Not Found: /api/v1/auth/verify/
ERROR 2025-04-04 14:34:21,753 exception 545568 139646667108352 Invalid HTTP_HOST header: 'api.ipify.org'. You may need to add 'api.ipify.org' to ALLOWED_HOSTS.
Traceback (most recent call last):
  File "/root/rumah-akrilik/venv/lib/python3.10/site-packages/django/core/handlers/exception.py", line 55, in inner
    response = get_response(request)
  File "/root/rumah-akrilik/venv/lib/python3.10/site-packages/django/utils/deprecation.py", line 128, in __call__
    response = self.process_request(request)
  File "/root/rumah-akrilik/venv/lib/python3.10/site-packages/django/middleware/security.py", line 28, in process_request
    host = self.redirect_host or request.get_host()
  File "/root/rumah-akrilik/venv/lib/python3.10/site-packages/django/http/request.py", line 151, in get_host
    raise DisallowedHost(msg)
django.core.exceptions.DisallowedHost: Invalid HTTP_HOST header: 'api.ipify.org'. You may need to add 'api.ipify.org' to ALLOWED_HOSTS.
WARNING 2025-04-04 14:34:21,755 log 545568 139646667108352 Bad Request: /
ERROR 2025-04-04 14:34:24,752 exception 545568 139646667108352 Invalid HTTP_HOST header: 'www.shadowserver.org'. You may need to add 'www.shadowserver.org' to ALLOWED_HOSTS.
Traceback (most recent call last):
  File "/root/rumah-akrilik/venv/lib/python3.10/site-packages/django/core/handlers/exception.py", line 55, in inner
    response = get_response(request)
  File "/root/rumah-akrilik/venv/lib/python3.10/site-packages/django/utils/deprecation.py", line 128, in __call__
    response = self.process_request(request)
  File "/root/rumah-akrilik/venv/lib/python3.10/site-packages/django/middleware/security.py", line 28, in process_request
    host = self.redirect_host or request.get_host()
  File "/root/rumah-akrilik/venv/lib/python3.10/site-packages/django/http/request.py", line 151, in get_host
    raise DisallowedHost(msg)
django.core.exceptions.DisallowedHost: Invalid HTTP_HOST header: 'www.shadowserver.org'. You may need to add 'www.shadowserver.org' to ALLOWED_HOSTS.
WARNING 2025-04-04 14:34:24,752 log 545568 139646667108352 Bad Request: /443
WARNING 2025-04-04 17:39:33,012 log 545568 139646667108352 Not Found: /api/v1/auth/verify/
WARNING 2025-04-04 17:40:02,215 log 1360280 139646667108352 Not Found: /api/v1/auth/verify/
WARNING 2025-04-04 17:48:10,854 log 548486 139646667108352 Not Found: /api/v1/auth/verify/
WARNING 2025-04-04 17:52:13,247 log 1360280 139646667108352 Not Found: /api/v1/auth/verify/
WARNING 2025-04-04 17:56:31,870 log 1360280 139646667108352 Not Found: /api/v1/auth/verify/
WARNING 2025-04-04 17:56:54,475 log 1360280 139646667108352 Not Found: /api/v1/auth/verify/
WARNING 2025-04-04 18:02:06,350 log 1360280 139646667108352 Not Found: /api/v1/auth/verify/
WARNING 2025-04-04 18:02:22,852 log 545568 139646667108352 Not Found: /api/v1/auth/verify/
WARNING 2025-04-04 18:07:16,135 log 545568 139646667108352 Not Found: /api/v1/auth/verify/
WARNING 2025-04-04 18:16:11,269 log 545568 139646667108352 Not Found: /api/v1/auth/verify/
WARNING 2025-04-04 18:16:27,875 log 545568 139646667108352 Not Found: /api/v1/auth/verify/
WARNING 2025-04-04 18:19:13,719 log 548486 139646667108352 Not Found: /api/v1/auth/verify/
WARNING 2025-04-04 18:22:43,711 log 1360280 139646667108352 Not Found: /api/v1/auth/verify/
WARNING 2025-04-04 18:26:23,231 log 548486 139646667108352 Not Found: /api/v1/auth/verify/
WARNING 2025-04-04 18:39:08,159 log 545568 139646667108352 Not Found: /api/v1/auth/verify/
WARNING 2025-04-04 18:42:41,210 log 548486 139646667108352 Not Found: /api/v1/auth/verify/
WARNING 2025-04-04 18:42:57,533 log 548486 139646667108352 Not Found: /api/v1/auth/verify/
WARNING 2025-04-04 18:44:04,573 log 1360280 139646667108352 Not Found: /api/v1/auth/verify/
WARNING 2025-04-04 21:25:10,358 log 2790584 139646667108352 Not Found: /api/v1/components
INFO 2025-04-05 01:22:18,937 autoreload 3617471 139820326084608 Watching for file changes with StatReloader
INFO 2025-04-05 01:33:02,965 autoreload 3617471 139820326084608 /root/rumah-akrilik/rumah_akrilik_app/urls.py changed, reloading.
INFO 2025-04-05 01:33:03,377 autoreload 3641587 139659804889088 Watching for file changes with StatReloader
WARNING 2025-04-05 01:44:18,191 log 3660545 140661570150400 Not Found: /
WARNING 2025-04-05 01:55:46,558 log 3691273 139755232550912 Not Found: /
WARNING 2025-04-05 02:34:46,403 log 3720584 139685864120320 Not Found: /
WARNING 2025-04-05 02:39:33,222 log 3720583 139685864120320 Not Found: /
WARNING 2025-04-05 02:39:45,996 log 3720584 139685864120320 Not Found: /
WARNING 2025-04-05 02:55:55,112 log 3799865 139644072747008 Not Found: /
WARNING 2025-04-05 03:08:22,461 log 3799861 139644072747008 Not Found: /app/akrilik-potong.html
WARNING 2025-04-05 03:12:33,585 log 3799865 139644072747008 Not Found: /
WARNING 2025-04-05 03:13:25,972 log 3799865 139644072747008 Not Found: /app/neon-box-bulat.html
WARNING 2025-04-05 06:23:45,940 log 4158681 140442877530112 Not Found: /
ERROR 2025-04-05 08:02:52,349 exception 1006 140360766595072 Invalid HTTP_HOST header: '0.0.0.0'. You may need to add '0.0.0.0' to ALLOWED_HOSTS.
Traceback (most recent call last):
  File "/root/rumah-akrilik/venv/lib/python3.10/site-packages/django/core/handlers/exception.py", line 55, in inner
    response = get_response(request)
  File "/root/rumah-akrilik/venv/lib/python3.10/site-packages/django/utils/deprecation.py", line 128, in __call__
    response = self.process_request(request)
  File "/root/rumah-akrilik/venv/lib/python3.10/site-packages/django/middleware/common.py", line 48, in process_request
    host = request.get_host()
  File "/root/rumah-akrilik/venv/lib/python3.10/site-packages/django/http/request.py", line 151, in get_host
    raise DisallowedHost(msg)
django.core.exceptions.DisallowedHost: Invalid HTTP_HOST header: '0.0.0.0'. You may need to add '0.0.0.0' to ALLOWED_HOSTS.
WARNING 2025-04-05 08:02:52,438 log 1006 140360766595072 Bad Request: /admin/assets/js/views/login.js
WARNING 2025-04-05 15:38:27,220 log 1154323 139880267358208 Not Found: /api/
WARNING 2025-04-05 15:38:45,240 log 1154324 139880267358208 Not Found: /auth/login/
WARNING 2025-04-05 15:47:46,774 log 1154324 139880267358208 Not Found: /api/
WARNING 2025-04-05 15:47:47,302 log 1154323 139880267358208 Not Found: /api/
WARNING 2025-04-05 15:47:47,523 log 1154324 139880267358208 Not Found: /api/
WARNING 2025-04-05 15:47:47,710 log 1154323 139880267358208 Not Found: /api/
WARNING 2025-04-05 15:47:47,907 log 1154324 139880267358208 Not Found: /api/
WARNING 2025-04-05 15:47:48,069 log 1154323 139880267358208 Not Found: /api/
WARNING 2025-04-05 15:47:50,464 log 1154323 139880267358208 Not Found: /auth/login/
WARNING 2025-04-05 15:47:50,753 log 1154324 139880267358208 Not Found: /auth/login/
WARNING 2025-04-05 15:47:50,841 log 1154324 139880267358208 Not Found: /auth/login/
WARNING 2025-04-05 15:47:51,006 log 1154323 139880267358208 Not Found: /auth/login/
WARNING 2025-04-05 15:47:51,195 log 1154324 139880267358208 Not Found: /auth/login/
WARNING 2025-04-05 15:47:51,381 log 1154323 139880267358208 Not Found: /auth/login/
WARNING 2025-04-05 15:47:51,984 log 1154323 139880267358208 Not Found: /auth/login/
WARNING 2025-04-05 15:47:52,155 log 1154323 139880267358208 Not Found: /auth/login/
WARNING 2025-04-05 15:47:52,355 log 1154324 139880267358208 Not Found: /auth/login/
WARNING 2025-04-05 15:58:34,428 log 1154324 139880267358208 Not Found: /auth/login/
WARNING 2025-04-05 15:58:35,099 log 1154323 139880267358208 Not Found: /auth/login/
WARNING 2025-04-05 15:58:35,571 log 1154324 139880267358208 Not Found: /auth/login/
WARNING 2025-04-05 15:58:35,775 log 1154323 139880267358208 Not Found: /auth/login/
WARNING 2025-04-05 15:58:35,939 log 1154324 139880267358208 Not Found: /auth/login/
WARNING 2025-04-05 15:58:38,181 log 1154323 139880267358208 Not Found: /api/
WARNING 2025-04-05 15:58:38,420 log 1154324 139880267358208 Not Found: /api/
WARNING 2025-04-05 15:58:38,632 log 1154323 139880267358208 Not Found: /api/
WARNING 2025-04-05 15:58:38,816 log 1154324 139880267358208 Not Found: /api/
WARNING 2025-04-05 15:59:28,417 log 1154323 139880267358208 Not Found: /api/
WARNING 2025-04-05 15:59:28,577 log 1154324 139880267358208 Not Found: /api/
WARNING 2025-04-05 15:59:28,714 log 1154323 139880267358208 Not Found: /api/
WARNING 2025-04-05 15:59:30,973 log 1154324 139880267358208 Not Found: /auth/login/
WARNING 2025-04-05 15:59:31,145 log 1154324 139880267358208 Not Found: /auth/login/
WARNING 2025-04-05 15:59:31,307 log 1154323 139880267358208 Not Found: /auth/login/
WARNING 2025-04-05 16:04:09,592 log 1154323 139880267358208 Not Found: /api/
WARNING 2025-04-05 16:04:10,102 log 1154324 139880267358208 Not Found: /api/
WARNING 2025-04-05 16:04:10,284 log 1154324 139880267358208 Not Found: /api/
WARNING 2025-04-05 16:04:12,757 log 1154323 139880267358208 Not Found: /auth/login/
WARNING 2025-04-05 16:04:12,931 log 1154324 139880267358208 Not Found: /auth/login/
WARNING 2025-04-05 16:04:13,113 log 1154323 139880267358208 Not Found: /auth/login/
WARNING 2025-04-05 16:31:59,347 log 1270400 140483454935040 Not Found: /api/
WARNING 2025-04-05 16:32:00,926 log 1270400 140483454935040 Not Found: /api/
WARNING 2025-04-05 16:32:01,170 log 1270401 140483454935040 Not Found: /api/
WARNING 2025-04-05 16:32:01,257 log 1270400 140483454935040 Not Found: /api/
WARNING 2025-04-05 16:32:04,748 log 1270400 140483454935040 Not Found: /auth/login/
WARNING 2025-04-05 16:32:05,442 log 1270400 140483454935040 Not Found: /auth/login/
WARNING 2025-04-05 16:32:05,634 log 1270400 140483454935040 Not Found: /auth/login/
WARNING 2025-04-05 16:32:05,794 log 1270401 140483454935040 Not Found: /auth/login/
WARNING 2025-04-05 16:32:05,948 log 1270400 140483454935040 Not Found: /auth/login/
WARNING 2025-04-05 16:42:29,677 log 1293568 140329165561856 Not Found: /api/
WARNING 2025-04-05 16:42:31,482 log 1293567 140329165561856 Not Found: /api/
WARNING 2025-04-05 16:42:31,601 log 1293568 140329165561856 Not Found: /api/
WARNING 2025-04-05 16:42:31,778 log 1293568 140329165561856 Not Found: /api/
WARNING 2025-04-05 16:42:31,941 log 1293568 140329165561856 Not Found: /api/
WARNING 2025-04-05 16:42:34,202 log 1293568 140329165561856 Not Found: /auth/login/
WARNING 2025-04-05 16:42:34,411 log 1293567 140329165561856 Not Found: /auth/login/
WARNING 2025-04-05 16:42:34,622 log 1293567 140329165561856 Not Found: /auth/login/
WARNING 2025-04-05 16:42:34,798 log 1293568 140329165561856 Not Found: /auth/login/
WARNING 2025-04-05 16:42:34,986 log 1293567 140329165561856 Not Found: /auth/login/
WARNING 2025-04-05 16:42:35,165 log 1293568 140329165561856 Not Found: /auth/login/
WARNING 2025-04-05 16:53:10,471 log 1314519 140202770259968 Not Found: /api/auth/login/
WARNING 2025-04-05 16:54:55,105 log 1314523 140202770259968 Not Found: /api/
WARNING 2025-04-05 16:54:55,724 log 1314523 140202770259968 Not Found: /api/
WARNING 2025-04-05 16:54:55,995 log 1314519 140202770259968 Not Found: /api/
WARNING 2025-04-05 16:54:56,199 log 1314519 140202770259968 Not Found: /api/
WARNING 2025-04-05 16:54:56,383 log 1314519 140202770259968 Not Found: /api/
WARNING 2025-04-05 16:54:59,872 log 1314523 140202770259968 Not Found: /auth/login/
WARNING 2025-04-05 16:55:00,066 log 1314523 140202770259968 Not Found: /auth/login/
WARNING 2025-04-05 16:55:00,244 log 1314519 140202770259968 Not Found: /auth/login/
WARNING 2025-04-05 17:02:26,272 log 1335056 139805222961152 Not Found: /auth/login
WARNING 2025-04-05 17:02:26,274 log 1335056 139805222961152 Not Found: /api
WARNING 2025-04-05 17:02:26,275 log 1335056 139805222961152 Not Found: /api
WARNING 2025-04-05 17:02:26,275 log 1335056 139805222961152 Not Found: /api
WARNING 2025-04-05 17:02:26,276 log 1335056 139805222961152 Not Found: /auth/login
WARNING 2025-04-05 17:02:26,278 log 1335056 139805222961152 Not Found: /auth/login
WARNING 2025-04-05 17:02:26,279 log 1335056 139805222961152 Not Found: /api
WARNING 2025-04-05 17:02:26,280 log 1335056 139805222961152 Not Found: /api
WARNING 2025-04-05 17:02:26,281 log 1335056 139805222961152 Not Found: /api
WARNING 2025-04-05 17:02:26,282 log 1335056 139805222961152 Not Found: /api
WARNING 2025-04-05 17:02:26,282 log 1335056 139805222961152 Not Found: /auth/login
WARNING 2025-04-05 17:02:26,383 log 1335056 139805222961152 Not Found: /auth/login
WARNING 2025-04-05 17:02:26,416 log 1335056 139805222961152 Not Found: /favicon.ico
WARNING 2025-04-05 17:02:26,453 log 1335056 139805222961152 Not Found: /favicon.ico
WARNING 2025-04-05 17:02:26,518 log 1335056 139805222961152 Not Found: /favicon.ico
WARNING 2025-04-05 17:02:52,517 log 1333636 140348393078784 Not Found: /auth/login/
WARNING 2025-04-05 17:02:54,591 log 1333635 140348393078784 Not Found: /api/
WARNING 2025-04-05 17:16:44,098 log 1333635 140348393078784 Not Found: /api/vendor/phpunit/phpunit/src/Util/PHP/eval-stdin.php
WARNING 2025-04-05 17:17:30,561 log 1370174 140208559132672 Not Found: /api/
WARNING 2025-04-05 17:17:32,610 log 1370174 140208559132672 Not Found: /auth/login/
WARNING 2025-04-05 17:17:34,730 log 1344442 139805222961152 Not Found: /api
WARNING 2025-04-05 17:17:37,461 log 1344442 139805222961152 Not Found: /auth/login
WARNING 2025-04-05 17:17:38,123 log 1344442 139805222961152 Not Found: /auth/login
WARNING 2025-04-05 17:17:50,578 log 1370174 140208559132672 Not Found: /api/auth/login/
WARNING 2025-04-05 17:32:34,334 log 1344442 139805222961152 Not Found: /api
WARNING 2025-04-05 17:32:38,458 log 1344442 139805222961152 Not Found: /auth/login
WARNING 2025-04-05 17:37:33,929 log 1344442 139805222961152 Not Found: /api
WARNING 2025-04-05 17:37:36,834 log 1344442 139805222961152 Not Found: /auth/login
WARNING 2025-04-05 17:43:02,044 log 1344442 139805222961152 Not Found: /
WARNING 2025-04-05 17:43:19,089 log 1344442 139805222961152 Not Found: /favicon.ico
ERROR 2025-04-05 17:43:23,916 exception 1344442 139805222961152 Invalid HTTP_HOST header: 'api.ipify.org'. You may need to add 'api.ipify.org' to ALLOWED_HOSTS.
Traceback (most recent call last):
  File "/root/rumah-akrilik/venv/lib/python3.10/site-packages/django/core/handlers/exception.py", line 55, in inner
    response = get_response(request)
  File "/root/rumah-akrilik/venv/lib/python3.10/site-packages/django/utils/deprecation.py", line 128, in __call__
    response = self.process_request(request)
  File "/root/rumah-akrilik/venv/lib/python3.10/site-packages/django/middleware/common.py", line 48, in process_request
    host = request.get_host()
  File "/root/rumah-akrilik/venv/lib/python3.10/site-packages/django/http/request.py", line 151, in get_host
    raise DisallowedHost(msg)
django.core.exceptions.DisallowedHost: Invalid HTTP_HOST header: 'api.ipify.org'. You may need to add 'api.ipify.org' to ALLOWED_HOSTS.
WARNING 2025-04-05 17:43:23,917 log 1344442 139805222961152 Bad Request: /
ERROR 2025-04-05 17:43:26,807 exception 1344442 139805222961152 Invalid HTTP_HOST header: 'www.shadowserver.org'. You may need to add 'www.shadowserver.org' to ALLOWED_HOSTS.
Traceback (most recent call last):
  File "/root/rumah-akrilik/venv/lib/python3.10/site-packages/django/core/handlers/exception.py", line 55, in inner
    response = get_response(request)
  File "/root/rumah-akrilik/venv/lib/python3.10/site-packages/django/utils/deprecation.py", line 128, in __call__
    response = self.process_request(request)
  File "/root/rumah-akrilik/venv/lib/python3.10/site-packages/django/middleware/common.py", line 48, in process_request
    host = request.get_host()
  File "/root/rumah-akrilik/venv/lib/python3.10/site-packages/django/http/request.py", line 151, in get_host
    raise DisallowedHost(msg)
django.core.exceptions.DisallowedHost: Invalid HTTP_HOST header: 'www.shadowserver.org'. You may need to add 'www.shadowserver.org' to ALLOWED_HOSTS.
WARNING 2025-04-05 17:43:26,807 log 1344442 139805222961152 Bad Request: /443
ERROR 2025-04-05 17:47:25,859 exception 1414764 140381897293824 Invalid HTTP_HOST header: '0.0.0.0'. You may need to add '0.0.0.0' to ALLOWED_HOSTS.
Traceback (most recent call last):
  File "/root/rumah-akrilik/venv/lib/python3.10/site-packages/django/core/handlers/exception.py", line 55, in inner
    response = get_response(request)
  File "/root/rumah-akrilik/venv/lib/python3.10/site-packages/django/utils/deprecation.py", line 128, in __call__
    response = self.process_request(request)
  File "/root/rumah-akrilik/venv/lib/python3.10/site-packages/django/middleware/common.py", line 48, in process_request
    host = request.get_host()
  File "/root/rumah-akrilik/venv/lib/python3.10/site-packages/django/http/request.py", line 151, in get_host
    raise DisallowedHost(msg)
django.core.exceptions.DisallowedHost: Invalid HTTP_HOST header: '0.0.0.0'. You may need to add '0.0.0.0' to ALLOWED_HOSTS.
WARNING 2025-04-05 17:53:54,767 log 1344442 139805222961152 Not Found: /api/auth/login/
WARNING 2025-04-05 17:53:57,334 log 1344442 139805222961152 Not Found: /api/auth/login/
WARNING 2025-04-05 17:53:57,673 log 1344442 139805222961152 Not Found: /api/auth/login/
WARNING 2025-04-05 17:53:57,881 log 1344442 139805222961152 Not Found: /api/auth/login/
WARNING 2025-04-05 17:53:58,058 log 1344442 139805222961152 Not Found: /api/auth/login/
WARNING 2025-04-05 17:53:58,247 log 1344442 139805222961152 Not Found: /api/auth/login/
WARNING 2025-04-05 17:53:58,371 log 1344442 139805222961152 Not Found: /api/auth/login/
WARNING 2025-04-05 17:54:08,387 log 1344442 139805222961152 Not Found: /api
WARNING 2025-04-05 20:37:48,072 log 1682622 140432187028832 Not Found: /api/test/
WARNING 2025-04-05 20:38:19,251 log 1682624 140432187028832 Not Found: /api/
WARNING 2025-04-05 20:38:40,070 log 1682624 140432187028832 Not Found: /auth/login/
WARNING 2025-04-05 20:38:40,128 log 1682623 140432187028832 Not Found: /api/auth/login/
WARNING 2025-04-05 22:11:55,092 log 1682623 140432169869664 Not Found: /api/
WARNING 2025-04-05 22:12:09,884 log 1682622 140432169869664 Not Found: /auth/login/
WARNING 2025-04-05 22:12:11,987 log 1682624 140432169869824 Not Found: /api/auth/login/
WARNING 2025-04-05 22:12:16,045 log 1682622 140432169869824 Not Found: /api/test/
WARNING 2025-04-05 22:36:05,516 log 1682624 140432169869824 Not Found: /api/auth/login/
WARNING 2025-04-05 22:36:14,380 log 1682621 140432187029152 Not Found: /api/auth/login/
WARNING 2025-04-05 23:50:11,932 log 1682622 140432169869824 Not Found: /auth/verify/
WARNING 2025-04-06 00:03:03,061 log 1682622 140432169869824 Not Found: /auth/verify/
WARNING 2025-04-06 00:03:34,143 log 1682624 140432169869824 Not Found: /api/v1/test/
WARNING 2025-04-06 00:11:28,791 log 1682622 140432169869824 Not Found: /api/v1/test/
WARNING 2025-04-06 00:11:49,888 log 1682624 140432169869824 Not Found: /api/v1/verify/
WARNING 2025-04-06 00:28:51,629 log 1686342 140588361037152 Not Found: /auth/verify/
INFO 2025-04-06 00:36:28,177 autoreload 1686435 140135075291136 Watching for file changes with StatReloader
INFO 2025-04-06 00:38:07,974 autoreload 1686435 140135075291136 /root/rumah-akrilik/rumah_akrilik_app/urls.py changed, reloading.
INFO 2025-04-06 00:38:08,298 autoreload 1686447 139678911856640 Watching for file changes with StatReloader
INFO 2025-04-06 00:42:39,234 autoreload 1686447 139678911856640 /root/rumah-akrilik/rumah_akrilik_app/urls.py changed, reloading.
INFO 2025-04-06 00:42:39,568 autoreload 1686472 139785265627136 Watching for file changes with StatReloader
WARNING 2025-04-06 02:06:54,399 log 1687375 139630398764384 Not Found: /auth/verify/
WARNING 2025-04-06 02:25:26,888 log 1687502 139745542894944 Not Found: /api/
WARNING 2025-04-06 02:25:28,082 log 1687498 139745542894944 Not Found: /api/
WARNING 2025-04-06 02:25:29,951 log 1687500 139745542894944 Method Not Allowed: /auth/login/
WARNING 2025-04-06 04:49:57,316 log 1687502 139745530780928 Not Found: /api/graphql
WARNING 2025-04-06 07:25:41,101 log 1687501 139745542895264 Not Found: /api/auth/login/
WARNING 2025-04-06 12:13:55,322 log 1687500 139745530796672 Not Found: /api/auth/login/
WARNING 2025-04-06 12:14:04,271 log 1687499 139745542895264 Not Found: /api/auth/login/
WARNING 2025-04-06 12:14:06,607 log 1687500 139745530796672 Not Found: /api/auth/login/
WARNING 2025-04-06 12:15:02,506 log 1687500 139745530796672 Not Found: /api/auth/login/
WARNING 2025-04-06 12:15:03,802 log 1687499 139745542895264 Not Found: /api/auth/login/
WARNING 2025-04-06 13:56:17,098 log 1687500 139745530796672 Not Found: /api/.git/config
WARNING 2025-04-06 14:38:33,876 log 1687499 139745542895264 Not Found: /api/
WARNING 2025-04-06 14:38:35,776 log 1687502 139745530780928 Method Not Allowed: /auth/login/
WARNING 2025-04-06 14:38:36,910 log 1687501 139745542895264 Method Not Allowed: /auth/login/
WARNING 2025-04-06 14:38:56,213 log 1687499 139745542895264 Not Found: /api/auth/login/
WARNING 2025-04-06 14:39:04,742 log 1687498 139745530797312 Not Found: /auth/verify/
WARNING 2025-04-06 14:39:04,749 log 1687502 139745530780928 Unauthorized: /api/v1/test/
WARNING 2025-04-06 14:39:04,799 log 1687500 139745530796672 Not Found: /auth/verify/
WARNING 2025-04-06 14:39:04,803 log 1687499 139745542895264 Unauthorized: /api/v1/test/
WARNING 2025-04-06 14:39:29,348 log 1687502 139745530780928 Not Found: /auth/verify/
WARNING 2025-04-06 14:50:20,064 log 1687502 139745530780928 Not Found: /auth/verify/
WARNING 2025-04-06 14:50:20,067 log 1687500 139745530796672 Not Found: /api/auth/login/
WARNING 2025-04-06 14:50:20,069 log 1687499 139745542895264 Unauthorized: /api/v1/test/
WARNING 2025-04-06 14:50:22,700 log 1687501 139745542895264 Method Not Allowed: /auth/token/verify/
WARNING 2025-04-06 15:08:50,973 log 1687502 139745530780928 Method Not Allowed: /auth/token/verify/
WARNING 2025-04-06 15:08:51,756 log 1687499 139745542895264 Method Not Allowed: /auth/token/verify/
WARNING 2025-04-06 15:08:52,409 log 1687501 139745542895264 Method Not Allowed: /auth/token/verify/
WARNING 2025-04-06 15:08:52,636 log 1687500 139745530796672 Method Not Allowed: /auth/token/verify/
WARNING 2025-04-06 15:08:52,826 log 1687501 139745542895264 Method Not Allowed: /auth/token/verify/
WARNING 2025-04-06 15:08:53,338 log 1687498 139745530797312 Method Not Allowed: /auth/token/verify/
WARNING 2025-04-06 15:08:53,462 log 1687499 139745542895264 Method Not Allowed: /auth/token/verify/
WARNING 2025-04-06 15:08:53,628 log 1687501 139745542895264 Method Not Allowed: /auth/token/verify/
WARNING 2025-04-06 15:08:53,775 log 1687500 139745530796672 Method Not Allowed: /auth/token/verify/
WARNING 2025-04-06 15:08:57,816 log 1687501 139745542895264 Method Not Allowed: /auth/token/verify/
WARNING 2025-04-06 15:09:02,164 log 1687498 139745530797312 Method Not Allowed: /auth/token/verify/
WARNING 2025-04-06 15:09:02,329 log 1687502 139745530780928 Method Not Allowed: /auth/token/verify/
WARNING 2025-04-06 15:09:02,497 log 1687500 139745530796672 Method Not Allowed: /auth/token/verify/
WARNING 2025-04-06 15:25:59,104 log 1687500 139745530796672 Method Not Allowed: /auth/token/verify/
WARNING 2025-04-06 15:26:07,841 log 1687499 139745542895264 Unauthorized: /api/v1/test/
WARNING 2025-04-06 15:26:07,842 log 1687502 139745530780928 Not Found: /api/auth/login/
WARNING 2025-04-06 15:26:16,548 log 1687500 139745530796672 Method Not Allowed: /auth/token/verify/
WARNING 2025-04-06 15:28:19,759 log 1687502 139745530780928 Method Not Allowed: /auth/token/verify/
WARNING 2025-04-06 15:28:28,641 log 1687502 139745511737280 Unauthorized: /api/v1/test/
WARNING 2025-04-06 15:28:28,642 log 1687499 139745542895264 Not Found: /api/auth/login/
WARNING 2025-04-06 15:48:34,246 log 1701071 140021898050624 Unauthorized: /auth/token/verify/
ERROR 2025-04-06 15:55:42,347 log 1701071 140021898050624 Internal Server Error: /auth/token/
Traceback (most recent call last):
  File "/root/rumah-akrilik/venv/lib/python3.10/site-packages/django/core/handlers/exception.py", line 55, in inner
    response = get_response(request)
  File "/root/rumah-akrilik/venv/lib/python3.10/site-packages/django/core/handlers/base.py", line 197, in _get_response
    response = wrapped_callback(request, *callback_args, **callback_kwargs)
  File "/root/rumah-akrilik/venv/lib/python3.10/site-packages/django/views/decorators/csrf.py", line 56, in wrapper_view
    return view_func(*args, **kwargs)
  File "/root/rumah-akrilik/venv/lib/python3.10/site-packages/django/views/generic/base.py", line 104, in view
    return self.dispatch(request, *args, **kwargs)
  File "/root/rumah-akrilik/venv/lib/python3.10/site-packages/rest_framework/views.py", line 509, in dispatch
    response = self.handle_exception(exc)
  File "/root/rumah-akrilik/venv/lib/python3.10/site-packages/rest_framework/views.py", line 469, in handle_exception
    self.raise_uncaught_exception(exc)
  File "/root/rumah-akrilik/venv/lib/python3.10/site-packages/rest_framework/views.py", line 480, in raise_uncaught_exception
    raise exc
  File "/root/rumah-akrilik/venv/lib/python3.10/site-packages/rest_framework/views.py", line 506, in dispatch
    response = handler(request, *args, **kwargs)
  File "/root/rumah-akrilik/venv/lib/python3.10/site-packages/rest_framework_simplejwt/views.py", line 44, in post
    serializer.is_valid(raise_exception=True)
  File "/root/rumah-akrilik/venv/lib/python3.10/site-packages/rest_framework/serializers.py", line 223, in is_valid
    self._validated_data = self.run_validation(self.initial_data)
  File "/root/rumah-akrilik/venv/lib/python3.10/site-packages/rest_framework/serializers.py", line 445, in run_validation
    value = self.validate(value)
  File "/root/rumah-akrilik/venv/lib/python3.10/site-packages/rest_framework_simplejwt/serializers.py", line 73, in validate
    data = super().validate(attrs)
  File "/root/rumah-akrilik/venv/lib/python3.10/site-packages/rest_framework_simplejwt/serializers.py", line 54, in validate
    self.user = authenticate(**authenticate_kwargs)
  File "/root/rumah-akrilik/venv/lib/python3.10/site-packages/django/views/decorators/debug.py", line 42, in sensitive_variables_wrapper
    return func(*func_args, **func_kwargs)
  File "/root/rumah-akrilik/venv/lib/python3.10/site-packages/django/contrib/auth/__init__.py", line 77, in authenticate
    user = backend.authenticate(request, **credentials)
  File "/root/rumah-akrilik/venv/lib/python3.10/site-packages/django/contrib/auth/backends.py", line 46, in authenticate
    user = UserModel._default_manager.get_by_natural_key(username)
  File "/root/rumah-akrilik/venv/lib/python3.10/site-packages/django/contrib/auth/base_user.py", line 54, in get_by_natural_key
    return self.get(**{self.model.USERNAME_FIELD: username})
  File "/root/rumah-akrilik/venv/lib/python3.10/site-packages/django/db/models/manager.py", line 87, in manager_method
    return getattr(self.get_queryset(), name)(*args, **kwargs)
  File "/root/rumah-akrilik/venv/lib/python3.10/site-packages/django/db/models/query.py", line 633, in get
    num = len(clone)
  File "/root/rumah-akrilik/venv/lib/python3.10/site-packages/django/db/models/query.py", line 380, in __len__
    self._fetch_all()
  File "/root/rumah-akrilik/venv/lib/python3.10/site-packages/django/db/models/query.py", line 1881, in _fetch_all
    self._result_cache = list(self._iterable_class(self))
  File "/root/rumah-akrilik/venv/lib/python3.10/site-packages/django/db/models/query.py", line 91, in __iter__
    results = compiler.execute_sql(
  File "/root/rumah-akrilik/venv/lib/python3.10/site-packages/django/db/models/sql/compiler.py", line 1560, in execute_sql
    cursor = self.connection.cursor()
  File "/root/rumah-akrilik/venv/lib/python3.10/site-packages/django/utils/asyncio.py", line 26, in inner
    return func(*args, **kwargs)
  File "/root/rumah-akrilik/venv/lib/python3.10/site-packages/django/db/backends/base/base.py", line 330, in cursor
    return self._cursor()
  File "/root/rumah-akrilik/venv/lib/python3.10/site-packages/django/db/backends/base/base.py", line 306, in _cursor
    self.ensure_connection()
  File "/root/rumah-akrilik/venv/lib/python3.10/site-packages/django/utils/asyncio.py", line 26, in inner
    return func(*args, **kwargs)
  File "/root/rumah-akrilik/venv/lib/python3.10/site-packages/django/db/backends/base/base.py", line 289, in ensure_connection
    self.connect()
  File "/root/rumah-akrilik/venv/lib/python3.10/site-packages/django/utils/asyncio.py", line 26, in inner
    return func(*args, **kwargs)
  File "/root/rumah-akrilik/venv/lib/python3.10/site-packages/django/db/backends/base/base.py", line 272, in connect
    self.init_connection_state()
  File "/root/rumah-akrilik/venv/lib/python3.10/site-packages/django/db/backends/postgresql/base.py", line 309, in init_connection_state
    super().init_connection_state()
  File "/root/rumah-akrilik/venv/lib/python3.10/site-packages/django/db/backends/base/base.py", line 239, in init_connection_state
    self.check_database_version_supported()
  File "/root/rumah-akrilik/venv/lib/python3.10/site-packages/django/db/backends/base/base.py", line 210, in check_database_version_supported
    and self.get_database_version() < self.features.minimum_database_version
  File "/root/rumah-akrilik/venv/lib/python3.10/site-packages/django/db/backends/postgresql/base.py", line 188, in get_database_version
    return divmod(self.pg_version, 10000)
  File "/root/rumah-akrilik/venv/lib/python3.10/site-packages/django/utils/functional.py", line 57, in __get__
    res = instance.__dict__[self.name] = self.func(instance)
  File "/root/rumah-akrilik/venv/lib/python3.10/site-packages/django/db/backends/postgresql/base.py", line 436, in pg_version
    with self.temporary_connection():
  File "/usr/lib/python3.10/contextlib.py", line 135, in __enter__
    return next(self.gen)
  File "/root/rumah-akrilik/venv/lib/python3.10/site-packages/django/db/backends/base/base.py", line 705, in temporary_connection
    with self.cursor() as cursor:
  File "/root/rumah-akrilik/venv/lib/python3.10/site-packages/django/utils/asyncio.py", line 26, in inner
    return func(*args, **kwargs)
  File "/root/rumah-akrilik/venv/lib/python3.10/site-packages/django/db/backends/base/base.py", line 330, in cursor
    return self._cursor()
  File "/root/rumah-akrilik/venv/lib/python3.10/site-packages/django/db/backends/base/base.py", line 308, in _cursor
    return self._prepare_cursor(self.create_cursor(name))
  File "/root/rumah-akrilik/venv/lib/python3.10/site-packages/django/db/backends/base/base.py", line 297, in _prepare_cursor
    self.validate_thread_sharing()
  File "/root/rumah-akrilik/venv/lib/python3.10/site-packages/django/db/backends/base/base.py", line 655, in validate_thread_sharing
    raise DatabaseError(
django.db.utils.DatabaseError: DatabaseWrapper objects created in a thread can only be used in that same thread. The object with alias 'default' was created in thread id 140021949952000 and this is thread id 140021898050624.
WARNING 2025-04-06 16:04:08,581 log 1701333 140257712389184 Unauthorized: /auth/token/verify/
ERROR 2025-04-06 16:05:52,817 log 1701336 140257712389184 Internal Server Error: /auth/token/
Traceback (most recent call last):
  File "/root/rumah-akrilik/venv/lib/python3.10/site-packages/django/core/handlers/exception.py", line 55, in inner
    response = get_response(request)
  File "/root/rumah-akrilik/venv/lib/python3.10/site-packages/django/core/handlers/base.py", line 197, in _get_response
    response = wrapped_callback(request, *callback_args, **callback_kwargs)
  File "/root/rumah-akrilik/venv/lib/python3.10/site-packages/django/views/decorators/csrf.py", line 56, in wrapper_view
    return view_func(*args, **kwargs)
  File "/root/rumah-akrilik/venv/lib/python3.10/site-packages/django/views/generic/base.py", line 104, in view
    return self.dispatch(request, *args, **kwargs)
  File "/root/rumah-akrilik/venv/lib/python3.10/site-packages/rest_framework/views.py", line 509, in dispatch
    response = self.handle_exception(exc)
  File "/root/rumah-akrilik/venv/lib/python3.10/site-packages/rest_framework/views.py", line 469, in handle_exception
    self.raise_uncaught_exception(exc)
  File "/root/rumah-akrilik/venv/lib/python3.10/site-packages/rest_framework/views.py", line 480, in raise_uncaught_exception
    raise exc
  File "/root/rumah-akrilik/venv/lib/python3.10/site-packages/rest_framework/views.py", line 506, in dispatch
    response = handler(request, *args, **kwargs)
  File "/root/rumah-akrilik/venv/lib/python3.10/site-packages/rest_framework_simplejwt/views.py", line 44, in post
    serializer.is_valid(raise_exception=True)
  File "/root/rumah-akrilik/venv/lib/python3.10/site-packages/rest_framework/serializers.py", line 223, in is_valid
    self._validated_data = self.run_validation(self.initial_data)
  File "/root/rumah-akrilik/venv/lib/python3.10/site-packages/rest_framework/serializers.py", line 445, in run_validation
    value = self.validate(value)
  File "/root/rumah-akrilik/venv/lib/python3.10/site-packages/rest_framework_simplejwt/serializers.py", line 73, in validate
    data = super().validate(attrs)
  File "/root/rumah-akrilik/venv/lib/python3.10/site-packages/rest_framework_simplejwt/serializers.py", line 54, in validate
    self.user = authenticate(**authenticate_kwargs)
  File "/root/rumah-akrilik/venv/lib/python3.10/site-packages/django/views/decorators/debug.py", line 42, in sensitive_variables_wrapper
    return func(*func_args, **func_kwargs)
  File "/root/rumah-akrilik/venv/lib/python3.10/site-packages/django/contrib/auth/__init__.py", line 77, in authenticate
    user = backend.authenticate(request, **credentials)
  File "/root/rumah-akrilik/venv/lib/python3.10/site-packages/django/contrib/auth/backends.py", line 46, in authenticate
    user = UserModel._default_manager.get_by_natural_key(username)
  File "/root/rumah-akrilik/venv/lib/python3.10/site-packages/django/contrib/auth/base_user.py", line 54, in get_by_natural_key
    return self.get(**{self.model.USERNAME_FIELD: username})
  File "/root/rumah-akrilik/venv/lib/python3.10/site-packages/django/db/models/manager.py", line 87, in manager_method
    return getattr(self.get_queryset(), name)(*args, **kwargs)
  File "/root/rumah-akrilik/venv/lib/python3.10/site-packages/django/db/models/query.py", line 633, in get
    num = len(clone)
  File "/root/rumah-akrilik/venv/lib/python3.10/site-packages/django/db/models/query.py", line 380, in __len__
    self._fetch_all()
  File "/root/rumah-akrilik/venv/lib/python3.10/site-packages/django/db/models/query.py", line 1881, in _fetch_all
    self._result_cache = list(self._iterable_class(self))
  File "/root/rumah-akrilik/venv/lib/python3.10/site-packages/django/db/models/query.py", line 91, in __iter__
    results = compiler.execute_sql(
  File "/root/rumah-akrilik/venv/lib/python3.10/site-packages/django/db/models/sql/compiler.py", line 1560, in execute_sql
    cursor = self.connection.cursor()
  File "/root/rumah-akrilik/venv/lib/python3.10/site-packages/django/utils/asyncio.py", line 26, in inner
    return func(*args, **kwargs)
  File "/root/rumah-akrilik/venv/lib/python3.10/site-packages/django/db/backends/base/base.py", line 330, in cursor
    return self._cursor()
  File "/root/rumah-akrilik/venv/lib/python3.10/site-packages/django/db/backends/base/base.py", line 306, in _cursor
    self.ensure_connection()
  File "/root/rumah-akrilik/venv/lib/python3.10/site-packages/django/utils/asyncio.py", line 26, in inner
    return func(*args, **kwargs)
  File "/root/rumah-akrilik/venv/lib/python3.10/site-packages/django/db/backends/base/base.py", line 289, in ensure_connection
    self.connect()
  File "/root/rumah-akrilik/venv/lib/python3.10/site-packages/django/utils/asyncio.py", line 26, in inner
    return func(*args, **kwargs)
  File "/root/rumah-akrilik/venv/lib/python3.10/site-packages/django/db/backends/base/base.py", line 272, in connect
    self.init_connection_state()
  File "/root/rumah-akrilik/venv/lib/python3.10/site-packages/django/db/backends/postgresql/base.py", line 309, in init_connection_state
    super().init_connection_state()
  File "/root/rumah-akrilik/venv/lib/python3.10/site-packages/django/db/backends/base/base.py", line 239, in init_connection_state
    self.check_database_version_supported()
  File "/root/rumah-akrilik/venv/lib/python3.10/site-packages/django/db/backends/base/base.py", line 210, in check_database_version_supported
    and self.get_database_version() < self.features.minimum_database_version
  File "/root/rumah-akrilik/venv/lib/python3.10/site-packages/django/db/backends/postgresql/base.py", line 188, in get_database_version
    return divmod(self.pg_version, 10000)
  File "/root/rumah-akrilik/venv/lib/python3.10/site-packages/django/utils/functional.py", line 57, in __get__
    res = instance.__dict__[self.name] = self.func(instance)
  File "/root/rumah-akrilik/venv/lib/python3.10/site-packages/django/db/backends/postgresql/base.py", line 436, in pg_version
    with self.temporary_connection():
  File "/usr/lib/python3.10/contextlib.py", line 135, in __enter__
    return next(self.gen)
  File "/root/rumah-akrilik/venv/lib/python3.10/site-packages/django/db/backends/base/base.py", line 705, in temporary_connection
    with self.cursor() as cursor:
  File "/root/rumah-akrilik/venv/lib/python3.10/site-packages/django/utils/asyncio.py", line 26, in inner
    return func(*args, **kwargs)
  File "/root/rumah-akrilik/venv/lib/python3.10/site-packages/django/db/backends/base/base.py", line 330, in cursor
    return self._cursor()
  File "/root/rumah-akrilik/venv/lib/python3.10/site-packages/django/db/backends/base/base.py", line 308, in _cursor
    return self._prepare_cursor(self.create_cursor(name))
  File "/root/rumah-akrilik/venv/lib/python3.10/site-packages/django/db/backends/base/base.py", line 297, in _prepare_cursor
    self.validate_thread_sharing()
  File "/root/rumah-akrilik/venv/lib/python3.10/site-packages/django/db/backends/base/base.py", line 655, in validate_thread_sharing
    raise DatabaseError(
django.db.utils.DatabaseError: DatabaseWrapper objects created in a thread can only be used in that same thread. The object with alias 'default' was created in thread id 140257764380672 and this is thread id 140257712389184.
ERROR 2025-04-06 16:55:28,416 log 1702450 140462377565248 Internal Server Error: /auth/token/
Traceback (most recent call last):
  File "/root/rumah-akrilik/venv/lib/python3.10/site-packages/django/core/handlers/exception.py", line 55, in inner
    response = get_response(request)
  File "/root/rumah-akrilik/venv/lib/python3.10/site-packages/django/core/handlers/base.py", line 197, in _get_response
    response = wrapped_callback(request, *callback_args, **callback_kwargs)
  File "/root/rumah-akrilik/venv/lib/python3.10/site-packages/django/views/decorators/csrf.py", line 56, in wrapper_view
    return view_func(*args, **kwargs)
  File "/root/rumah-akrilik/venv/lib/python3.10/site-packages/django/views/generic/base.py", line 104, in view
    return self.dispatch(request, *args, **kwargs)
  File "/root/rumah-akrilik/venv/lib/python3.10/site-packages/rest_framework/views.py", line 509, in dispatch
    response = self.handle_exception(exc)
  File "/root/rumah-akrilik/venv/lib/python3.10/site-packages/rest_framework/views.py", line 469, in handle_exception
    self.raise_uncaught_exception(exc)
  File "/root/rumah-akrilik/venv/lib/python3.10/site-packages/rest_framework/views.py", line 480, in raise_uncaught_exception
    raise exc
  File "/root/rumah-akrilik/venv/lib/python3.10/site-packages/rest_framework/views.py", line 506, in dispatch
    response = handler(request, *args, **kwargs)
  File "/root/rumah-akrilik/venv/lib/python3.10/site-packages/rest_framework_simplejwt/views.py", line 44, in post
    serializer.is_valid(raise_exception=True)
  File "/root/rumah-akrilik/venv/lib/python3.10/site-packages/rest_framework/serializers.py", line 223, in is_valid
    self._validated_data = self.run_validation(self.initial_data)
  File "/root/rumah-akrilik/venv/lib/python3.10/site-packages/rest_framework/serializers.py", line 445, in run_validation
    value = self.validate(value)
  File "/root/rumah-akrilik/venv/lib/python3.10/site-packages/rest_framework_simplejwt/serializers.py", line 73, in validate
    data = super().validate(attrs)
  File "/root/rumah-akrilik/venv/lib/python3.10/site-packages/rest_framework_simplejwt/serializers.py", line 54, in validate
    self.user = authenticate(**authenticate_kwargs)
  File "/root/rumah-akrilik/venv/lib/python3.10/site-packages/django/views/decorators/debug.py", line 42, in sensitive_variables_wrapper
    return func(*func_args, **func_kwargs)
  File "/root/rumah-akrilik/venv/lib/python3.10/site-packages/django/contrib/auth/__init__.py", line 77, in authenticate
    user = backend.authenticate(request, **credentials)
  File "/root/rumah-akrilik/venv/lib/python3.10/site-packages/django/contrib/auth/backends.py", line 46, in authenticate
    user = UserModel._default_manager.get_by_natural_key(username)
  File "/root/rumah-akrilik/venv/lib/python3.10/site-packages/django/contrib/auth/base_user.py", line 54, in get_by_natural_key
    return self.get(**{self.model.USERNAME_FIELD: username})
  File "/root/rumah-akrilik/venv/lib/python3.10/site-packages/django/db/models/manager.py", line 87, in manager_method
    return getattr(self.get_queryset(), name)(*args, **kwargs)
  File "/root/rumah-akrilik/venv/lib/python3.10/site-packages/django/db/models/query.py", line 633, in get
    num = len(clone)
  File "/root/rumah-akrilik/venv/lib/python3.10/site-packages/django/db/models/query.py", line 380, in __len__
    self._fetch_all()
  File "/root/rumah-akrilik/venv/lib/python3.10/site-packages/django/db/models/query.py", line 1881, in _fetch_all
    self._result_cache = list(self._iterable_class(self))
  File "/root/rumah-akrilik/venv/lib/python3.10/site-packages/django/db/models/query.py", line 91, in __iter__
    results = compiler.execute_sql(
  File "/root/rumah-akrilik/venv/lib/python3.10/site-packages/django/db/models/sql/compiler.py", line 1560, in execute_sql
    cursor = self.connection.cursor()
  File "/root/rumah-akrilik/venv/lib/python3.10/site-packages/django/utils/asyncio.py", line 26, in inner
    return func(*args, **kwargs)
  File "/root/rumah-akrilik/venv/lib/python3.10/site-packages/django/db/backends/base/base.py", line 330, in cursor
    return self._cursor()
  File "/root/rumah-akrilik/venv/lib/python3.10/site-packages/django/db/backends/base/base.py", line 306, in _cursor
    self.ensure_connection()
  File "/root/rumah-akrilik/venv/lib/python3.10/site-packages/django/utils/asyncio.py", line 26, in inner
    return func(*args, **kwargs)
  File "/root/rumah-akrilik/venv/lib/python3.10/site-packages/django/db/backends/base/base.py", line 289, in ensure_connection
    self.connect()
  File "/root/rumah-akrilik/venv/lib/python3.10/site-packages/django/utils/asyncio.py", line 26, in inner
    return func(*args, **kwargs)
  File "/root/rumah-akrilik/venv/lib/python3.10/site-packages/django/db/backends/base/base.py", line 272, in connect
    self.init_connection_state()
  File "/root/rumah-akrilik/venv/lib/python3.10/site-packages/django/db/backends/postgresql/base.py", line 309, in init_connection_state
    super().init_connection_state()
  File "/root/rumah-akrilik/venv/lib/python3.10/site-packages/django/db/backends/base/base.py", line 239, in init_connection_state
    self.check_database_version_supported()
  File "/root/rumah-akrilik/venv/lib/python3.10/site-packages/django/db/backends/base/base.py", line 210, in check_database_version_supported
    and self.get_database_version() < self.features.minimum_database_version
  File "/root/rumah-akrilik/venv/lib/python3.10/site-packages/django/db/backends/postgresql/base.py", line 188, in get_database_version
    return divmod(self.pg_version, 10000)
  File "/root/rumah-akrilik/venv/lib/python3.10/site-packages/django/utils/functional.py", line 57, in __get__
    res = instance.__dict__[self.name] = self.func(instance)
  File "/root/rumah-akrilik/venv/lib/python3.10/site-packages/django/db/backends/postgresql/base.py", line 436, in pg_version
    with self.temporary_connection():
  File "/usr/lib/python3.10/contextlib.py", line 135, in __enter__
    return next(self.gen)
  File "/root/rumah-akrilik/venv/lib/python3.10/site-packages/django/db/backends/base/base.py", line 705, in temporary_connection
    with self.cursor() as cursor:
  File "/root/rumah-akrilik/venv/lib/python3.10/site-packages/django/utils/asyncio.py", line 26, in inner
    return func(*args, **kwargs)
  File "/root/rumah-akrilik/venv/lib/python3.10/site-packages/django/db/backends/base/base.py", line 330, in cursor
    return self._cursor()
  File "/root/rumah-akrilik/venv/lib/python3.10/site-packages/django/db/backends/base/base.py", line 308, in _cursor
    return self._prepare_cursor(self.create_cursor(name))
  File "/root/rumah-akrilik/venv/lib/python3.10/site-packages/django/db/backends/base/base.py", line 297, in _prepare_cursor
    self.validate_thread_sharing()
  File "/root/rumah-akrilik/venv/lib/python3.10/site-packages/django/db/backends/base/base.py", line 655, in validate_thread_sharing
    raise DatabaseError(
django.db.utils.DatabaseError: DatabaseWrapper objects created in a thread can only be used in that same thread. The object with alias 'default' was created in thread id 140462429593600 and this is thread id 140462377565248.
WARNING 2025-04-06 17:05:43,397 log 1702447 140462377565248 Not Found: /api/.env
WARNING 2025-04-06 17:05:45,976 log 1702448 140462377565248 Not Found: /api/credentials
WARNING 2025-04-06 17:05:59,217 log 1702447 140462377565248 Not Found: /api/config.json
WARNING 2025-04-06 17:05:59,797 log 1702449 140462377565248 Not Found: /api/v1/.env
WARNING 2025-04-06 23:40:35,035 log 1702451 140462377565408 Method Not Allowed: /auth/token/verify/
WARNING 2025-04-06 23:40:39,970 log 1702449 140462360127872 Method Not Allowed: /auth/token/verify/
WARNING 2025-04-06 23:40:41,700 log 1702448 140462360127872 Method Not Allowed: /auth/token/verify/
WARNING 2025-04-06 23:40:42,649 log 1702447 140462360127872 Method Not Allowed: /auth/token/verify/
WARNING 2025-04-06 23:40:45,118 log 1702451 140462377565408 Method Not Allowed: /auth/token/verify/
WARNING 2025-04-06 23:40:49,694 log 1702447 140462360127872 Method Not Allowed: /auth/token/verify/
WARNING 2025-04-06 23:40:50,353 log 1702448 140462360127872 Method Not Allowed: /auth/token/verify/
WARNING 2025-04-06 23:40:50,988 log 1702451 140462377565408 Method Not Allowed: /auth/token/verify/
WARNING 2025-04-06 23:40:51,669 log 1702449 140462360127872 Method Not Allowed: /auth/token/verify/
WARNING 2025-04-06 23:40:51,850 log 1702447 140462360127872 Method Not Allowed: /auth/token/verify/
WARNING 2025-04-06 23:40:52,366 log 1702448 140462360127872 Method Not Allowed: /auth/token/verify/
WARNING 2025-04-06 23:40:52,551 log 1702449 140462360127872 Method Not Allowed: /auth/token/verify/
WARNING 2025-04-06 23:40:53,144 log 1702447 140462360127872 Method Not Allowed: /auth/token/verify/
WARNING 2025-04-07 01:08:37,452 log 1702448 140462360127872 Not Found: /api/.git/config
WARNING 2025-04-07 01:17:07,154 log 1702451 140462377565408 Not Found: /api/.env
WARNING 2025-04-07 01:17:07,592 log 1702447 140462360127872 Not Found: /api/.env
WARNING 2025-04-07 02:18:51,450 log 1702449 140462360127872 Not Found: /api/v1/markdown/link:metadata
WARNING 2025-04-07 05:14:13,074 log 1702451 140462377565408 Not Found: /api/blade-user/user-list
WARNING 2025-04-07 05:14:13,075 log 1702447 140462360127872 Not Found: /api/blade-user/user-list
WARNING 2025-04-07 05:14:13,092 log 1702449 140462360127872 Not Found: /api/blade-user/user-list
WARNING 2025-04-07 06:20:57,408 log 1702448 140462360127872 Not Found: /api/vendor/phpunit/phpunit/src/Util/PHP/eval-stdin.php
WARNING 2025-04-07 06:31:07,084 log 1702448 140462360127872 Not Found: /api/credentials
WARNING 2025-04-07 06:31:19,747 log 1702449 140462360127872 Not Found: /api/v1/.env
WARNING 2025-04-07 19:52:01,719 log 1702449 140462360127872 Not Found: /api/config.json
WARNING 2025-04-07 21:20:41,768 log 1702447 140462360127872 Not Found: /auth/keys.ini
WARNING 2025-04-07 21:20:47,548 log 1702449 140462360127872 Not Found: /auth/config.json
WARNING 2025-04-07 21:20:57,740 log 1702447 140462360127872 Not Found: /auth/oauth_config.ini
WARNING 2025-04-07 21:27:41,057 log 1702451 140462377565408 Not Found: /api/auth/login/
WARNING 2025-04-07 22:20:32,405 log 1702447 140462360127872 Not Found: /api/config.env
WARNING 2025-04-07 22:20:33,623 log 1702451 140462377565408 Not Found: /api/objects/codes.php.save
WARNING 2025-04-07 22:20:33,862 log 1702448 140462360127872 Not Found: /api/proxy
WARNING 2025-04-07 22:20:34,099 log 1702448 140462360127872 Not Found: /api/shared/.env
WARNING 2025-04-07 22:20:34,337 log 1702447 140462360127872 Not Found: /api/shared/config.env
WARNING 2025-04-07 22:20:35,059 log 1702451 140462377565408 Not Found: /api/v1/proxy
WARNING 2025-04-07 22:20:35,301 log 1702451 140462377565408 Not Found: /api/v2/proxy
WARNING 2025-04-07 22:22:12,817 log 1702449 140462360127872 Not Found: /auth/bigquery
WARNING 2025-04-07 22:22:49,967 log 1702451 140462377565408 Not Found: /api/v2/proxy
WARNING 2025-04-07 22:22:54,546 log 1702451 140462377565408 Not Found: /api/shared/.env
WARNING 2025-04-07 22:23:03,486 log 1702447 140462360127872 Not Found: /api/objects/codes.php.save
WARNING 2025-04-07 22:23:13,116 log 1702447 140462360127872 Not Found: /api/shared/config/.env
WARNING 2025-04-07 22:23:37,101 log 1702447 140462360127872 Not Found: /api/.env
WARNING 2025-04-08 09:01:17,920 log 1702449 140462360127872 Not Found: /api/.git/config
WARNING 2025-04-08 10:50:08,528 log 1702451 140462377565408 Not Found: /api/user/binLookup
WARNING 2025-04-08 11:05:15,575 log 1702449 140462360127872 Not Found: /api/.env
WARNING 2025-04-08 11:05:17,947 log 1702451 140462377565408 Not Found: /api/credentials
WARNING 2025-04-08 11:05:30,104 log 1702448 140462360127872 Not Found: /api/config.json
WARNING 2025-04-08 17:39:18,853 log 1702448 140462360127872 Not Found: /api/user/binLookup
WARNING 2025-04-08 18:55:06,393 log 1702451 140462377565408 Not Found: /api/sonicos/tfa
WARNING 2025-04-08 19:01:06,409 log 1702447 140462360127872 Not Found: /api/.env
WARNING 2025-04-08 19:01:24,027 log 1702449 140462360127872 Not Found: /api/config.js
WARNING 2025-04-08 19:01:26,529 log 1702448 140462360127872 Not Found: /api/config/config.yml
WARNING 2025-04-08 19:01:38,524 log 1702448 140462360127872 Not Found: /api/shared/config.env
WARNING 2025-04-08 19:02:14,242 log 1702451 140462377565408 Not Found: /api/shared/config/.env
WARNING 2025-04-08 19:02:38,571 log 1702449 140462360127872 Not Found: /api/v1/proxy
WARNING 2025-04-08 19:02:39,361 log 1702448 140462360127872 Not Found: /api/v2/proxy
WARNING 2025-04-08 20:24:42,033 log 1702449 140462360127872 Not Found: /api/.env
WARNING 2025-04-08 20:24:44,989 log 1702451 140462377565408 Not Found: /api/credentials
WARNING 2025-04-08 20:24:59,891 log 1702449 140462360127872 Not Found: /api/v1/.env
WARNING 2025-04-09 09:43:00,168 log 1702451 140462377565408 Not Found: /api/.env
WARNING 2025-04-09 09:43:14,730 log 1702451 140462377565408 Not Found: /api/v1/.env
WARNING 2025-04-09 10:38:51,465 log 1702451 140462377565408 Not Found: /api/bin/440393
WARNING 2025-04-09 10:41:21,067 log 1702451 140462377565408 Not Found: /api/user/binLookup
WARNING 2025-04-10 00:56:45,740 log 1702448 140462360127872 Not Found: /api/session/properties
WARNING 2025-04-10 05:28:43,210 log 1702448 140462360127872 Not Found: /api/shared/config/config.env
WARNING 2025-04-10 05:28:44,843 log 1702451 140462377565408 Not Found: /api/shared/config/.env
WARNING 2025-04-10 05:28:45,116 log 1702448 140462360127872 Not Found: /api/shared/.env
WARNING 2025-04-10 05:29:10,287 log 1702448 140462360127872 Not Found: /api/config.js
WARNING 2025-04-10 05:29:10,624 log 1702447 140462360127872 Not Found: /api/objects/codes.php.save
WARNING 2025-04-10 05:29:29,270 log 1702448 140462360127872 Not Found: /api/config/config.yml
WARNING 2025-04-10 06:14:07,216 log 1702451 140462377565408 Not Found: /api/.env
WARNING 2025-04-10 06:14:08,168 log 1702448 140462360127872 Not Found: /api/.git/config
WARNING 2025-04-10 14:09:37,669 log 1702451 140462377565408 Not Found: /api/.env
WARNING 2025-04-10 14:33:57,667 log 1702447 140462360127872 Not Found: /api/bin/440393
WARNING 2025-04-11 06:58:02,935 log 1702451 140462377565408 Not Found: /api/.env
WARNING 2025-04-11 21:38:52,072 log 1702449 140462360127872 Not Found: /api/v2/about
WARNING 2025-04-11 21:38:54,464 log 1702449 140462360127872 Not Found: /api/v1/check-version
WARNING 2025-04-11 21:38:56,182 log 1702451 140462377565408 Not Found: /api/version
WARNING 2025-04-11 21:38:57,915 log 1702451 140462377565408 Not Found: /api/vip/i18n/api/v2/translation/products/vRNIUI/versions/1
WARNING 2025-04-11 22:10:40,121 log 1702449 140462360127872 Not Found: /auth/config.json
WARNING 2025-04-11 22:10:42,836 log 1702449 140462360127872 Not Found: /auth/provider_config.yaml
WARNING 2025-04-12 03:53:53,815 log 1702451 140462377565408 Not Found: /api/login
WARNING 2025-04-12 06:08:23,571 log 1702448 140462360127872 Not Found: /api/.env
WARNING 2025-04-12 10:48:20,029 log 1702448 140462360127872 Not Found: /api/.env
WARNING 2025-04-12 13:04:21,553 log 1702451 140462377565408 Not Found: /api/upload.api.php
WARNING 2025-04-12 15:15:20,457 log 1702448 140462360127872 Not Found: /api/2toMVpFUsIufAYjAL8C8i30dvZF
WARNING 2025-04-12 15:25:20,076 log 1702451 140462377565408 Not Found: /api/user/binLookup
WARNING 2025-04-12 16:31:39,043 log 1702451 140462377565408 Not Found: /api/user/binLookup
WARNING 2025-04-13 01:44:26,332 log 1702448 140462360127872 Not Found: /api/.env
WARNING 2025-04-13 02:46:01,599 log 1702449 140462360127872 Not Found: /auth/oauth_config.ini
WARNING 2025-04-13 02:46:03,035 log 1702451 140462377565408 Not Found: /auth/keys.ini
WARNING 2025-04-13 02:46:17,470 log 1702449 140462360127872 Not Found: /auth/provider_config.yaml
WARNING 2025-04-13 04:09:45,779 log 1702448 140462360127872 Not Found: /api/.env
WARNING 2025-04-13 07:01:36,112 log 1702449 140462360127872 Not Found: /api/example.env
WARNING 2025-04-13 09:29:42,500 log 1702448 140462360127872 Not Found: /api/config
WARNING 2025-04-13 09:29:43,000 log 1702449 140462360127872 Not Found: /api/debug
WARNING 2025-04-13 09:29:43,496 log 1702447 140462360127872 Not Found: /api/keys
WARNING 2025-04-13 09:29:49,479 log 1702447 140462360127872 Not Found: /api/token
WARNING 2025-04-13 09:29:50,053 log 1702449 140462360127872 Not Found: /api/.env
WARNING 2025-04-13 09:34:20,416 log 1702448 140462360127872 Not Found: /api/transact.dll
WARNING 2025-04-13 12:50:30,546 log 1702449 140462360127872 Not Found: /api/vendor/phpunit/phpunit/src/Util/PHP/eval-stdin.php
WARNING 2025-04-13 19:51:24,815 log 1702448 140462360127872 Not Found: /auth/provider_config.yaml
WARNING 2025-04-13 19:51:25,297 log 1702451 140462377565408 Not Found: /auth/config.json
WARNING 2025-04-13 21:48:39,969 log 1702447 140462360127872 Not Found: /auth/.git/config
WARNING 2025-04-14 06:58:00,943 log 1702448 140462360127872 Not Found: /api/sonicos/auth
WARNING 2025-04-14 09:35:44,505 log 1702449 140462360127872 Not Found: /api/.env
WARNING 2025-04-14 13:53:28,376 log 1702448 140462360127872 Not Found: /api/.env
WARNING 2025-04-14 14:35:41,966 log 1702451 140462377565408 Not Found: /api/user/binLookup
WARNING 2025-04-14 14:54:38,945 log 1702451 140462377565408 Not Found: /api/bin/440393
WARNING 2025-04-15 02:45:20,015 log 1702448 140462360127872 Not Found: /api/.config.php
WARNING 2025-04-15 11:13:20,234 log 1702448 140462360127872 Not Found: /api/.env
WARNING 2025-04-15 16:53:04,266 log 1702451 140462377565408 Not Found: /api/bin/440393
WARNING 2025-04-15 21:41:05,695 log 1702451 140462377565408 Not Found: /api/user/binLookup
WARNING 2025-04-15 22:28:39,972 log 1702449 140462360127872 Not Found: /api/bin/440393
WARNING 2025-04-16 05:19:55,208 log 1702451 140462377565408 Not Found: /api/.git/config
WARNING 2025-04-16 06:46:39,577 log 1702449 140462360127872 Not Found: /api/auth/login/
WARNING 2025-04-16 14:25:21,097 log 1702451 140462377565408 Not Found: /api/auth
WARNING 2025-04-16 14:25:21,635 log 1702449 140462360127872 Not Found: /api/credentials
WARNING 2025-04-16 14:25:21,888 log 1702447 140462360127872 Not Found: /api/debug
WARNING 2025-04-16 14:25:22,186 log 1702448 140462360127872 Not Found: /api/docs
WARNING 2025-04-16 14:25:22,439 log 1702451 140462377565408 Not Found: /api/keys
WARNING 2025-04-16 14:25:22,981 log 1702451 140462377565408 Not Found: /api/register
WARNING 2025-04-16 14:25:23,277 log 1702449 140462360127872 Not Found: /api/token
WARNING 2025-04-16 14:25:23,530 log 1702447 140462360127872 Not Found: /api/user
WARNING 2025-04-16 14:36:37,042 log 1702447 140462360127872 Not Found: /api/docs/swagger.json
WARNING 2025-04-16 14:36:37,610 log 1702449 140462360127872 Not Found: /api/internal/
WARNING 2025-04-16 14:36:37,975 log 1702448 140462360127872 Not Found: /api/private/
WARNING 2025-04-16 14:36:38,230 log 1702451 140462377565408 Not Found: /api/test/
WARNING 2025-04-16 14:36:38,767 log 1702449 140462360127872 Not Found: /api/v1/debug
WARNING 2025-04-16 14:36:39,319 log 1702448 140462360127872 Not Found: /api/v1/users
WARNING 2025-04-16 14:38:09,689 log 1702448 140462360127872 Not Found: /auth/openid-config.json
WARNING 2025-04-16 14:40:16,710 log 1702447 140462360127872 Not Found: /api/cart-handler.ts
WARNING 2025-04-16 14:40:16,948 log 1702449 140462360127872 Not Found: /api/payments/config.json
WARNING 2025-04-16 14:42:38,507 log 1702451 140462377565408 Not Found: /api/callback
WARNING 2025-04-16 14:43:05,872 log 1702451 140462377565408 Not Found: /api/admins/2
WARNING 2025-04-16 14:43:06,111 log 1702448 140462360127872 Not Found: /api/export
WARNING 2025-04-16 14:43:07,082 log 1702447 140462360127872 Not Found: /api/users/123
WARNING 2025-04-16 15:34:45,102 log 1702448 140462360127872 Not Found: /auth/oauth_config.ini
WARNING 2025-04-16 15:35:19,169 log 1702451 140462377565408 Not Found: /auth/provider_config.yaml
WARNING 2025-04-16 15:38:09,112 log 1702448 140462360127872 Not Found: /api/config
WARNING 2025-04-16 15:38:09,382 log 1702451 140462377565408 Not Found: /api/credentials
WARNING 2025-04-16 15:38:20,931 log 1702449 140462360127872 Not Found: /api/keys
WARNING 2025-04-16 15:38:21,195 log 1702451 140462377565408 Not Found: /api/login
WARNING 2025-04-16 15:38:21,451 log 1702451 140462377565408 Not Found: /api/register
WARNING 2025-04-16 15:38:21,783 log 1702447 140462360127872 Not Found: /api/token
WARNING 2025-04-16 15:38:22,385 log 1702449 140462360127872 Not Found: /api/.env
WARNING 2025-04-16 15:47:59,767 log 1702451 140462377565408 Not Found: /api/docs/swagger.json
WARNING 2025-04-16 15:48:09,060 log 1702447 140462360127872 Not Found: /api/internal/
WARNING 2025-04-16 15:48:09,322 log 1702449 140462360127872 Not Found: /api/private/
WARNING 2025-04-16 15:48:09,578 log 1702448 140462360127872 Not Found: /api/test/
WARNING 2025-04-16 15:48:10,155 log 1702447 140462360127872 Not Found: /api/v1/debug
WARNING 2025-04-16 15:48:10,411 log 1702451 140462377565408 Not Found: /api/v1/settings
WARNING 2025-04-16 15:48:10,767 log 1702449 140462360127872 Not Found: /api/v1/users
WARNING 2025-04-16 15:48:40,815 log 1702448 140462360127872 Not Found: /api/system/status
WARNING 2025-04-17 03:56:41,606 log 1702447 140462360127872 Not Found: /api/config.js
WARNING 2025-04-17 06:30:16,087 log 1702451 140462377565408 Not Found: /api/bin/440393
WARNING 2025-04-17 22:59:48,074 log 1702448 140462360127872 Not Found: /api/vendor/phpunit/phpunit/src/Util/PHP/eval-stdin.php
WARNING 2025-04-18 08:36:56,113 log 1702451 140462377565408 Not Found: /api/.config.php
WARNING 2025-04-18 08:55:44,666 log 1702451 140462377565408 Not Found: /api/phpinfo.php
WARNING 2025-04-18 09:58:06,536 log 1702449 140462360127872 Not Found: /api/.config.php
WARNING 2025-04-18 20:26:11,785 log 1702451 140462377565408 Not Found: /api/bin/440393
WARNING 2025-04-18 20:26:12,752 log 1702448 140462360127872 Not Found: /api/user/binLookup
WARNING 2025-04-18 22:22:37,743 log 1702451 140462377565408 Not Found: /api/bin/440393
WARNING 2025-04-18 22:22:38,640 log 1702449 140462360127872 Not Found: /api/user/binLookup
WARNING 2025-04-18 23:22:37,914 log 1702451 140462377565408 Not Found: /api/session/properties
WARNING 2025-04-19 01:11:21,347 log 1702451 140462377565408 Not Found: /api/bin/440393
WARNING 2025-04-19 01:36:53,149 log 1702451 140462377565408 Not Found: /api/bin/440393
WARNING 2025-04-19 11:19:53,865 log 1702451 140462377565408 Not Found: /api/bin/440393
WARNING 2025-04-19 11:19:54,858 log 1702449 140462360127872 Not Found: /api/user/binLookup
WARNING 2025-04-19 12:46:03,325 log 1702451 140462377565408 Not Found: /api/bin/440393
WARNING 2025-04-19 12:46:06,204 log 1702447 140462360127872 Not Found: /api/user/binLookup
WARNING 2025-04-19 16:45:09,728 log 1702451 140462377565408 Not Found: /api/bin/440393
WARNING 2025-04-19 20:37:22,553 log 1702451 140462377565408 Not Found: /api/.env
WARNING 2025-04-19 20:37:27,202 log 1702451 140462377565408 Not Found: /api/v1/.env
WARNING 2025-04-19 22:06:32,462 log 1702451 140462377565408 Not Found: /api/.config.php
WARNING 2025-04-20 12:42:10,817 log 1702447 140462360127872 Not Found: /api/system/.env
WARNING 2025-04-20 19:18:35,611 log 1702449 140462360127872 Not Found: /api/v1/check-version
WARNING 2025-04-20 19:18:36,412 log 1702451 140462377565408 Not Found: /api/server/version
WARNING 2025-04-20 19:18:39,085 log 1702449 140462360127872 Not Found: /api/vip/i18n/api/v2/translation/products/vRNIUI/versions/1
WARNING 2025-04-20 21:50:04,243 log 1702451 140462377565408 Not Found: /api/bin/440393
WARNING 2025-04-21 07:16:28,594 log 1702451 140462377565408 Not Found: /api/phpinfo.php
WARNING 2025-04-21 11:16:26,042 log 1702448 140462360127872 Not Found: /api/shared/config/config.env
WARNING 2025-04-21 11:16:27,565 log 1702447 140462360127872 Not Found: /api/shared/config/.env
WARNING 2025-04-21 11:16:27,885 log 1702449 140462360127872 Not Found: /api/shared/.env
WARNING 2025-04-21 11:17:04,997 log 1702449 140462360127872 Not Found: /api/config.js
WARNING 2025-04-21 11:17:05,237 log 1702448 140462360127872 Not Found: /api/objects/codes.php.save
WARNING 2025-04-21 11:17:31,003 log 1702449 140462360127872 Not Found: /api/config/config.yml
WARNING 2025-04-21 21:04:10,478 log 1702451 140462377565408 Not Found: /api/bower_componentss/angular-base64-upload/dist/angular-base64-upload.min.js
WARNING 2025-04-21 21:04:10,672 log 1702449 140462360127872 Not Found: /api/node_modules/angular-base64-upload/dist/angular-base64-upload.min.js
WARNING 2025-04-21 21:04:12,336 log 1702447 140462360127872 Not Found: /api/lib/angular-base64-upload/dist/angular-base64-upload.min.js
WARNING 2025-04-21 21:04:15,790 log 1702447 140462360127872 Not Found: /api/.env
WARNING 2025-04-21 21:04:20,552 log 1702447 140462360127872 Not Found: /api/dokumentasi
WARNING 2025-04-21 21:04:20,921 log 1702451 140462377565408 Not Found: /api/
WARNING 2025-04-21 21:04:21,287 log 1702449 140462360127872 Not Found: /api/dev
WARNING 2025-04-21 21:04:21,472 log 1702448 140462360127872 Not Found: /api/internal
ERROR 2025-04-21 21:04:22,750 log 1702449 140462360127872 Internal Server Error: /api/v1/docs/
Traceback (most recent call last):
  File "/root/rumah-akrilik/venv/lib/python3.10/site-packages/django/core/handlers/exception.py", line 55, in inner
    response = get_response(request)
  File "/root/rumah-akrilik/venv/lib/python3.10/site-packages/django/core/handlers/base.py", line 220, in _get_response
    response = response.render()
  File "/root/rumah-akrilik/venv/lib/python3.10/site-packages/django/template/response.py", line 114, in render
    self.content = self.rendered_content
  File "/root/rumah-akrilik/venv/lib/python3.10/site-packages/django/template/response.py", line 90, in rendered_content
    template = self.resolve_template(self.template_name)
  File "/root/rumah-akrilik/venv/lib/python3.10/site-packages/django/template/response.py", line 72, in resolve_template
    return select_template(template, using=self.using)
  File "/root/rumah-akrilik/venv/lib/python3.10/site-packages/django/template/loader.py", line 47, in select_template
    raise TemplateDoesNotExist(", ".join(template_name_list), chain=chain)
django.template.exceptions.TemplateDoesNotExist: swagger.html
WARNING 2025-04-21 21:04:23,342 log 1702448 140462360127872 Not Found: /api/docs
WARNING 2025-04-22 11:49:36,786 log 1702449 140462360127872 Not Found: /api/vendor/phpunit/phpunit/src/Util/PHP/eval-stdin.php
WARNING 2025-04-22 11:59:40,930 log 1702449 140462360127872 Not Found: /api/vendor/phpunit/phpunit/src/Util/PHP/eval-stdin.php
WARNING 2025-04-22 16:55:46,940 log 1702447 140462360127872 Not Found: /api/info.php
WARNING 2025-04-22 16:55:47,258 log 1702451 140462377565408 Not Found: /api/phpinfo.php
WARNING 2025-04-22 16:59:05,094 log 1702447 140462360127872 Not Found: /api/.env.local
WARNING 2025-04-22 16:59:15,307 log 1702449 140462360127872 Not Found: /api/.env.production
WARNING 2025-04-22 16:59:15,704 log 1702451 140462377565408 Not Found: /api/.env.staging
WARNING 2025-04-22 16:59:15,944 log 1702451 140462377565408 Not Found: /api/src/.env
WARNING 2025-04-22 20:18:11,889 log 1702449 140462360127872 Not Found: /api/bin/440393
WARNING 2025-04-22 20:18:12,848 log 1702448 140462360127872 Not Found: /api/user/binLookup
WARNING 2025-04-23 09:25:07,259 log 1702451 140462377565408 Not Found: /api/bin/440393
WARNING 2025-04-23 09:25:08,338 log 1702448 140462360127872 Not Found: /api/user/binLookup
WARNING 2025-04-23 12:50:00,216 log 1702448 140462360127872 Not Found: /api/.env
WARNING 2025-04-23 13:41:19,868 log 1702451 140462377565408 Not Found: /api/bin/440393
WARNING 2025-04-23 13:41:20,960 log 1702451 140462377565408 Not Found: /api/user/binLookup
WARNING 2025-04-23 22:36:46,546 log 1702448 140462360127872 Not Found: /api/.env
WARNING 2025-04-23 22:36:46,801 log 1702451 140462377565408 Not Found: /api/config.env
WARNING 2025-04-23 22:36:47,549 log 1702447 140462360127872 Not Found: /api/config.js
WARNING 2025-04-23 22:36:48,307 log 1702449 140462360127872 Not Found: /api/proxy
WARNING 2025-04-23 22:36:48,565 log 1702448 140462360127872 Not Found: /api/shared/.env
WARNING 2025-04-23 22:36:49,072 log 1702451 140462377565408 Not Found: /api/shared/config/.env
WARNING 2025-04-23 22:36:49,326 log 1702449 140462360127872 Not Found: /api/shared/config/config.env
WARNING 2025-04-23 22:36:49,839 log 1702447 140462360127872 Not Found: /api/v2/proxy
WARNING 2025-04-23 23:25:04,510 log 1702451 140462377565408 Not Found: /api/user/binLookup
WARNING 2025-04-23 23:49:06,165 log 1702449 140462360127872 Not Found: /api/user/binLookup
WARNING 2025-04-24 12:48:29,801 log 1702447 140462360127872 Not Found: /api/shared/config.env
WARNING 2025-04-24 12:48:31,330 log 1702449 140462360127872 Not Found: /api/shared/.env
WARNING 2025-04-24 12:48:31,586 log 1702451 140462377565408 Not Found: /api/config.env
WARNING 2025-04-24 12:48:53,539 log 1702449 140462360127872 Not Found: /api/objects/codes.php.save
WARNING 2025-04-25 02:05:58,556 log 1702448 140462360127872 Not Found: /api/.git/config
WARNING 2025-04-25 02:06:30,229 log 1702448 140462360127872 Not Found: /api/.env
WARNING 2025-04-25 02:08:18,791 log 1702451 140462377565408 Not Found: /api/.env
WARNING 2025-04-25 05:43:12,076 log 1702451 140462377565408 Not Found: /api/.git/config
WARNING 2025-04-25 05:43:14,531 log 1702449 140462360127872 Not Found: /api/.env
WARNING 2025-04-25 15:10:49,070 log 1702448 140462360127872 Not Found: /api/user/binLookup
WARNING 2025-04-25 16:41:30,192 log 1702448 140462360127872 Not Found: /api/.config.php
WARNING 2025-04-25 23:30:38,731 log 1702448 140462360127872 Not Found: /api/bin/440393
WARNING 2025-04-25 23:30:39,745 log 1702449 140462360127872 Not Found: /api/user/binLookup
WARNING 2025-04-26 00:08:39,183 log 1702451 140462377565408 Not Found: /api/bin/440393
WARNING 2025-04-26 04:06:36,768 log 1702449 140462360127872 Not Found: /api/.env
WARNING 2025-04-26 04:06:38,016 log 1702447 140462360127872 Not Found: /api/config.js
WARNING 2025-04-26 04:06:48,022 log 1702449 140462360127872 Not Found: /api/objects/codes.php.save
WARNING 2025-04-26 04:06:48,257 log 1702448 140462360127872 Not Found: /api/proxy
WARNING 2025-04-26 04:06:54,755 log 1702447 140462360127872 Not Found: /api/shared/config/.env
WARNING 2025-04-26 04:06:54,998 log 1702451 140462377565408 Not Found: /api/shared/config/config.env
WARNING 2025-04-26 04:06:55,240 log 1702451 140462377565408 Not Found: /api/v1/proxy
WARNING 2025-04-26 04:06:55,533 log 1702449 140462360127872 Not Found: /api/v2/proxy
WARNING 2025-04-26 05:00:39,216 log 1702448 140462360127872 Not Found: /api/.env
WARNING 2025-04-26 07:33:41,045 log 1702451 140462377565408 Not Found: /api/.env
WARNING 2025-04-26 11:02:54,881 log 1702451 140462377565408 Not Found: /api/bin/440393
WARNING 2025-04-26 12:33:44,272 log 1702448 140462360127872 Not Found: /api/user/binLookup
WARNING 2025-04-26 15:11:54,483 log 1702451 140462377565408 Not Found: /api/v1/check-version
WARNING 2025-04-26 15:11:56,192 log 1702449 140462360127872 Not Found: /api/version
WARNING 2025-04-26 15:11:57,912 log 1702448 140462360127872 Not Found: /api/vip/i18n/api/v2/translation/products/vRNIUI/versions/1
WARNING 2025-04-26 15:11:59,325 log 1702449 140462360127872 Not Found: /api/v1.0/environment
WARNING 2025-04-26 19:05:22,266 log 1702447 140462360127872 Not Found: /api/vendor/phpunit/phpunit/src/Util/PHP/eval-stdin.php
WARNING 2025-04-26 20:41:52,939 log 1702448 140462360127872 Not Found: /api/bin/440393
WARNING 2025-04-26 22:09:52,479 log 1702451 140462377565408 Not Found: /api/bin/440393
WARNING 2025-04-26 22:09:54,411 log 1702449 140462360127872 Not Found: /api/user/binLookup
WARNING 2025-04-26 22:18:06,797 log 1702448 140462360127872 Forbidden (Referer checking failed - no Referer.): /admin/alfacgiapi/perl.alfa
WARNING 2025-04-26 22:19:08,556 log 1702449 140462360127872 Forbidden (Referer checking failed - no Referer.): /admin/uploads/ALFA_DATA/alfacgiapi/perl.alfa
WARNING 2025-04-27 00:57:13,722 log 1702451 140462377565408 Not Found: /api/.git/config
WARNING 2025-04-27 00:57:14,256 log 1702451 140462377565408 Not Found: /api/.env
WARNING 2025-04-27 05:08:48,141 log 1702447 140462360127872 Not Found: /api/.config.php
INFO 2025-04-27 05:30:34,891 autoreload 2128525 139903217016832 Watching for file changes with StatReloader
WARNING 2025-04-27 05:30:48,307 log 1702451 140462377565408 Not Found: /api/auth/login/
WARNING 2025-04-27 05:43:34,764 log 1702449 140462360127872 Not Found: /api/
WARNING 2025-04-27 05:54:43,372 log 2129389 140484296981568 Not Found: /api/auth/login/
WARNING 2025-04-27 05:55:47,958 log 2129388 140484296981568 Not Found: /api/auth/login/
ERROR 2025-04-27 06:04:55,953 log 2130049 140165643107392 Internal Server Error: /api/auth/login/
Traceback (most recent call last):
  File "/root/rumah-akrilik/venv/lib/python3.10/site-packages/django/core/handlers/exception.py", line 55, in inner
    response = get_response(request)
  File "/root/rumah-akrilik/venv/lib/python3.10/site-packages/django/core/handlers/base.py", line 197, in _get_response
    response = wrapped_callback(request, *callback_args, **callback_kwargs)
  File "/root/rumah-akrilik/venv/lib/python3.10/site-packages/django/views/decorators/csrf.py", line 56, in wrapper_view
    return view_func(*args, **kwargs)
  File "/root/rumah-akrilik/venv/lib/python3.10/site-packages/django/views/generic/base.py", line 104, in view
    return self.dispatch(request, *args, **kwargs)
  File "/root/rumah-akrilik/venv/lib/python3.10/site-packages/rest_framework/views.py", line 509, in dispatch
    response = self.handle_exception(exc)
  File "/root/rumah-akrilik/venv/lib/python3.10/site-packages/rest_framework/views.py", line 469, in handle_exception
    self.raise_uncaught_exception(exc)
  File "/root/rumah-akrilik/venv/lib/python3.10/site-packages/rest_framework/views.py", line 480, in raise_uncaught_exception
    raise exc
  File "/root/rumah-akrilik/venv/lib/python3.10/site-packages/rest_framework/views.py", line 506, in dispatch
    response = handler(request, *args, **kwargs)
  File "/root/rumah-akrilik/rumah_akrilik_app/views.py", line 66, in post
    user = authenticate(username=username, password=password)
  File "/root/rumah-akrilik/venv/lib/python3.10/site-packages/django/views/decorators/debug.py", line 42, in sensitive_variables_wrapper
    return func(*func_args, **func_kwargs)
  File "/root/rumah-akrilik/venv/lib/python3.10/site-packages/django/contrib/auth/__init__.py", line 77, in authenticate
    user = backend.authenticate(request, **credentials)
  File "/root/rumah-akrilik/venv/lib/python3.10/site-packages/django/contrib/auth/backends.py", line 46, in authenticate
    user = UserModel._default_manager.get_by_natural_key(username)
  File "/root/rumah-akrilik/venv/lib/python3.10/site-packages/django/contrib/auth/base_user.py", line 54, in get_by_natural_key
    return self.get(**{self.model.USERNAME_FIELD: username})
  File "/root/rumah-akrilik/venv/lib/python3.10/site-packages/django/db/models/manager.py", line 87, in manager_method
    return getattr(self.get_queryset(), name)(*args, **kwargs)
  File "/root/rumah-akrilik/venv/lib/python3.10/site-packages/django/db/models/query.py", line 633, in get
    num = len(clone)
  File "/root/rumah-akrilik/venv/lib/python3.10/site-packages/django/db/models/query.py", line 380, in __len__
    self._fetch_all()
  File "/root/rumah-akrilik/venv/lib/python3.10/site-packages/django/db/models/query.py", line 1881, in _fetch_all
    self._result_cache = list(self._iterable_class(self))
  File "/root/rumah-akrilik/venv/lib/python3.10/site-packages/django/db/models/query.py", line 91, in __iter__
    results = compiler.execute_sql(
  File "/root/rumah-akrilik/venv/lib/python3.10/site-packages/django/db/models/sql/compiler.py", line 1560, in execute_sql
    cursor = self.connection.cursor()
  File "/root/rumah-akrilik/venv/lib/python3.10/site-packages/django/utils/asyncio.py", line 26, in inner
    return func(*args, **kwargs)
  File "/root/rumah-akrilik/venv/lib/python3.10/site-packages/django/db/backends/base/base.py", line 330, in cursor
    return self._cursor()
  File "/root/rumah-akrilik/venv/lib/python3.10/site-packages/django/db/backends/base/base.py", line 306, in _cursor
    self.ensure_connection()
  File "/root/rumah-akrilik/venv/lib/python3.10/site-packages/django/utils/asyncio.py", line 26, in inner
    return func(*args, **kwargs)
  File "/root/rumah-akrilik/venv/lib/python3.10/site-packages/django/db/backends/base/base.py", line 289, in ensure_connection
    self.connect()
  File "/root/rumah-akrilik/venv/lib/python3.10/site-packages/django/utils/asyncio.py", line 26, in inner
    return func(*args, **kwargs)
  File "/root/rumah-akrilik/venv/lib/python3.10/site-packages/django/db/backends/base/base.py", line 272, in connect
    self.init_connection_state()
  File "/root/rumah-akrilik/venv/lib/python3.10/site-packages/django/db/backends/postgresql/base.py", line 309, in init_connection_state
    super().init_connection_state()
  File "/root/rumah-akrilik/venv/lib/python3.10/site-packages/django/db/backends/base/base.py", line 239, in init_connection_state
    self.check_database_version_supported()
  File "/root/rumah-akrilik/venv/lib/python3.10/site-packages/django/db/backends/base/base.py", line 210, in check_database_version_supported
    and self.get_database_version() < self.features.minimum_database_version
  File "/root/rumah-akrilik/venv/lib/python3.10/site-packages/django/db/backends/postgresql/base.py", line 188, in get_database_version
    return divmod(self.pg_version, 10000)
  File "/root/rumah-akrilik/venv/lib/python3.10/site-packages/django/utils/functional.py", line 57, in __get__
    res = instance.__dict__[self.name] = self.func(instance)
  File "/root/rumah-akrilik/venv/lib/python3.10/site-packages/django/db/backends/postgresql/base.py", line 436, in pg_version
    with self.temporary_connection():
  File "/usr/lib/python3.10/contextlib.py", line 135, in __enter__
    return next(self.gen)
  File "/root/rumah-akrilik/venv/lib/python3.10/site-packages/django/db/backends/base/base.py", line 705, in temporary_connection
    with self.cursor() as cursor:
  File "/root/rumah-akrilik/venv/lib/python3.10/site-packages/django/utils/asyncio.py", line 26, in inner
    return func(*args, **kwargs)
  File "/root/rumah-akrilik/venv/lib/python3.10/site-packages/django/db/backends/base/base.py", line 330, in cursor
    return self._cursor()
  File "/root/rumah-akrilik/venv/lib/python3.10/site-packages/django/db/backends/base/base.py", line 308, in _cursor
    return self._prepare_cursor(self.create_cursor(name))
  File "/root/rumah-akrilik/venv/lib/python3.10/site-packages/django/db/backends/base/base.py", line 297, in _prepare_cursor
    self.validate_thread_sharing()
  File "/root/rumah-akrilik/venv/lib/python3.10/site-packages/django/db/backends/base/base.py", line 655, in validate_thread_sharing
    raise DatabaseError(
django.db.utils.DatabaseError: DatabaseWrapper objects created in a thread can only be used in that same thread. The object with alias 'default' was created in thread id 140165698301952 and this is thread id 140165643107392.
WARNING 2025-04-27 06:16:36,927 log 2130851 139656454770688 Not Found: /api/auth/verify/
WARNING 2025-04-27 06:16:58,416 log 2130851 139656454770688 Not Found: /api/auth/verify/
WARNING 2025-04-27 06:20:13,843 log 2130847 139656454770688 Not Found: /api/auth/verify/
WARNING 2025-04-27 06:20:24,815 log 2130851 139656454770688 Not Found: /api/auth/verify/
WARNING 2025-04-27 06:20:30,738 log 2130847 139656454770688 Not Found: /api/auth/verify/
WARNING 2025-04-27 06:20:52,304 log 2130847 139656454770688 Not Found: /api/auth/verify/
WARNING 2025-04-27 06:21:01,526 log 2130848 139656454770688 Not Found: /api/auth/verify/
WARNING 2025-04-27 06:25:18,551 log 2130849 139656454770688 Not Found: /api/auth/verify/
WARNING 2025-04-27 06:32:25,483 log 2130849 139656454770688 Not Found: /api/auth/verify/
WARNING 2025-04-27 06:37:36,840 log 2130851 139656454770688 Not Found: /api/auth/verify/
WARNING 2025-04-27 06:40:40,875 log 2130850 139656454770688 Not Found: /api/auth/verify/
WARNING 2025-04-27 06:41:56,470 log 2130849 139656454770688 Not Found: /api/auth/verify/
WARNING 2025-04-27 06:46:10,487 log 2130850 139656454770688 Not Found: /api/auth/verify/
WARNING 2025-04-27 06:46:13,060 log 2130848 139656454770688 Not Found: /api/auth/verify/
WARNING 2025-04-27 06:46:35,613 log 2130848 139656454770688 Not Found: /api/.env
WARNING 2025-04-27 06:46:37,968 log 2130850 139656454770688 Not Found: /api/credentials
WARNING 2025-04-27 06:46:50,134 log 2130848 139656454770688 Not Found: /api/config.json
WARNING 2025-04-27 06:46:50,604 log 2130847 139656454770688 Not Found: /api/v1/.env
WARNING 2025-04-27 06:55:08,803 log 2130849 139656454770688 Unauthorized: /api/auth/token/verify/
WARNING 2025-04-27 06:55:19,356 log 2130848 139656454770688 Bad Request: /api/auth/login/
WARNING 2025-04-27 06:55:32,150 log 2130851 139656454770688 Unauthorized: /api/auth/token/verify/
WARNING 2025-04-27 07:13:32,756 log 2131770 140050012585984 Unauthorized: /api/auth/token/verify/
WARNING 2025-04-27 07:42:52,670 log 2131771 140050012585984 Not Found: /api/sonicos/auth
WARNING 2025-04-27 07:42:53,391 log 2131772 140050012585984 Not Found: /api/sonicos/tfa
WARNING 2025-04-27 07:50:01,409 log 2131770 140050012585984 Not Found: /api/v1/pods
WARNING 2025-04-27 09:28:30,152 log 2131770 140050012585984 Not Found: /api/vendor/phpunit/phpunit/src/Util/PHP/eval-stdin.php
WARNING 2025-04-27 13:10:37,536 log 2135915 140054917668864 Not Found: /api/auth/verify/
WARNING 2025-04-27 13:10:47,339 log 2135915 140054917668864 Unauthorized: /api/auth/token/verify/
ERROR 2025-04-27 13:52:27,415 log 2135913 140054917668864 Internal Server Error: /admin/rumah_akrilik_app/role/
Traceback (most recent call last):
  File "/root/rumah-akrilik/venv/lib/python3.10/site-packages/django/db/backends/utils.py", line 89, in _execute
    return self.cursor.execute(sql, params)
psycopg2.errors.UndefinedColumn: column rumah_akrilik_app_role.permissions does not exist
LINE 1: ..."."name", "rumah_akrilik_app_role"."description", "rumah_akr...
                                                             ^


The above exception was the direct cause of the following exception:

Traceback (most recent call last):
  File "/root/rumah-akrilik/venv/lib/python3.10/site-packages/django/core/handlers/exception.py", line 55, in inner
    response = get_response(request)
  File "/root/rumah-akrilik/venv/lib/python3.10/site-packages/django/core/handlers/base.py", line 197, in _get_response
    response = wrapped_callback(request, *callback_args, **callback_kwargs)
  File "/root/rumah-akrilik/venv/lib/python3.10/site-packages/django/contrib/admin/options.py", line 688, in wrapper
    return self.admin_site.admin_view(view)(*args, **kwargs)
  File "/root/rumah-akrilik/venv/lib/python3.10/site-packages/django/utils/decorators.py", line 134, in _wrapper_view
    response = view_func(request, *args, **kwargs)
  File "/root/rumah-akrilik/venv/lib/python3.10/site-packages/django/views/decorators/cache.py", line 62, in _wrapper_view_func
    response = view_func(request, *args, **kwargs)
  File "/root/rumah-akrilik/venv/lib/python3.10/site-packages/django/contrib/admin/sites.py", line 242, in inner
    return view(request, *args, **kwargs)
  File "/root/rumah-akrilik/venv/lib/python3.10/site-packages/django/utils/decorators.py", line 46, in _wrapper
    return bound_method(*args, **kwargs)
  File "/root/rumah-akrilik/venv/lib/python3.10/site-packages/django/utils/decorators.py", line 134, in _wrapper_view
    response = view_func(request, *args, **kwargs)
  File "/root/rumah-akrilik/venv/lib/python3.10/site-packages/django/contrib/admin/options.py", line 2065, in changelist_view
    "selection_note": _("0 of %(cnt)s selected") % {"cnt": len(cl.result_list)},
  File "/root/rumah-akrilik/venv/lib/python3.10/site-packages/django/db/models/query.py", line 380, in __len__
    self._fetch_all()
  File "/root/rumah-akrilik/venv/lib/python3.10/site-packages/django/db/models/query.py", line 1881, in _fetch_all
    self._result_cache = list(self._iterable_class(self))
  File "/root/rumah-akrilik/venv/lib/python3.10/site-packages/django/db/models/query.py", line 91, in __iter__
    results = compiler.execute_sql(
  File "/root/rumah-akrilik/venv/lib/python3.10/site-packages/django/db/models/sql/compiler.py", line 1562, in execute_sql
    cursor.execute(sql, params)
  File "/root/rumah-akrilik/venv/lib/python3.10/site-packages/django/db/backends/utils.py", line 67, in execute
    return self._execute_with_wrappers(
  File "/root/rumah-akrilik/venv/lib/python3.10/site-packages/django/db/backends/utils.py", line 80, in _execute_with_wrappers
    return executor(sql, params, many, context)
  File "/root/rumah-akrilik/venv/lib/python3.10/site-packages/django/db/backends/utils.py", line 84, in _execute
    with self.db.wrap_database_errors:
  File "/root/rumah-akrilik/venv/lib/python3.10/site-packages/django/db/utils.py", line 91, in __exit__
    raise dj_exc_value.with_traceback(traceback) from exc_value
  File "/root/rumah-akrilik/venv/lib/python3.10/site-packages/django/db/backends/utils.py", line 89, in _execute
    return self.cursor.execute(sql, params)
django.db.utils.ProgrammingError: column rumah_akrilik_app_role.permissions does not exist
LINE 1: ..."."name", "rumah_akrilik_app_role"."description", "rumah_akr...
                                                             ^

ERROR 2025-04-27 13:52:40,439 log 2135916 140054917668864 Internal Server Error: /admin/rumah_akrilik_app/role/
Traceback (most recent call last):
  File "/root/rumah-akrilik/venv/lib/python3.10/site-packages/django/db/backends/utils.py", line 89, in _execute
    return self.cursor.execute(sql, params)
psycopg2.errors.UndefinedColumn: column rumah_akrilik_app_role.permissions does not exist
LINE 1: ..."."name", "rumah_akrilik_app_role"."description", "rumah_akr...
                                                             ^


The above exception was the direct cause of the following exception:

Traceback (most recent call last):
  File "/root/rumah-akrilik/venv/lib/python3.10/site-packages/django/core/handlers/exception.py", line 55, in inner
    response = get_response(request)
  File "/root/rumah-akrilik/venv/lib/python3.10/site-packages/django/core/handlers/base.py", line 197, in _get_response
    response = wrapped_callback(request, *callback_args, **callback_kwargs)
  File "/root/rumah-akrilik/venv/lib/python3.10/site-packages/django/contrib/admin/options.py", line 688, in wrapper
    return self.admin_site.admin_view(view)(*args, **kwargs)
  File "/root/rumah-akrilik/venv/lib/python3.10/site-packages/django/utils/decorators.py", line 134, in _wrapper_view
    response = view_func(request, *args, **kwargs)
  File "/root/rumah-akrilik/venv/lib/python3.10/site-packages/django/views/decorators/cache.py", line 62, in _wrapper_view_func
    response = view_func(request, *args, **kwargs)
  File "/root/rumah-akrilik/venv/lib/python3.10/site-packages/django/contrib/admin/sites.py", line 242, in inner
    return view(request, *args, **kwargs)
  File "/root/rumah-akrilik/venv/lib/python3.10/site-packages/django/utils/decorators.py", line 46, in _wrapper
    return bound_method(*args, **kwargs)
  File "/root/rumah-akrilik/venv/lib/python3.10/site-packages/django/utils/decorators.py", line 134, in _wrapper_view
    response = view_func(request, *args, **kwargs)
  File "/root/rumah-akrilik/venv/lib/python3.10/site-packages/django/contrib/admin/options.py", line 2065, in changelist_view
    "selection_note": _("0 of %(cnt)s selected") % {"cnt": len(cl.result_list)},
  File "/root/rumah-akrilik/venv/lib/python3.10/site-packages/django/db/models/query.py", line 380, in __len__
    self._fetch_all()
  File "/root/rumah-akrilik/venv/lib/python3.10/site-packages/django/db/models/query.py", line 1881, in _fetch_all
    self._result_cache = list(self._iterable_class(self))
  File "/root/rumah-akrilik/venv/lib/python3.10/site-packages/django/db/models/query.py", line 91, in __iter__
    results = compiler.execute_sql(
  File "/root/rumah-akrilik/venv/lib/python3.10/site-packages/django/db/models/sql/compiler.py", line 1562, in execute_sql
    cursor.execute(sql, params)
  File "/root/rumah-akrilik/venv/lib/python3.10/site-packages/django/db/backends/utils.py", line 67, in execute
    return self._execute_with_wrappers(
  File "/root/rumah-akrilik/venv/lib/python3.10/site-packages/django/db/backends/utils.py", line 80, in _execute_with_wrappers
    return executor(sql, params, many, context)
  File "/root/rumah-akrilik/venv/lib/python3.10/site-packages/django/db/backends/utils.py", line 84, in _execute
    with self.db.wrap_database_errors:
  File "/root/rumah-akrilik/venv/lib/python3.10/site-packages/django/db/utils.py", line 91, in __exit__
    raise dj_exc_value.with_traceback(traceback) from exc_value
  File "/root/rumah-akrilik/venv/lib/python3.10/site-packages/django/db/backends/utils.py", line 89, in _execute
    return self.cursor.execute(sql, params)
django.db.utils.ProgrammingError: column rumah_akrilik_app_role.permissions does not exist
LINE 1: ..."."name", "rumah_akrilik_app_role"."description", "rumah_akr...
                                                             ^

WARNING 2025-04-27 17:33:30,376 log 2139895 140352365924352 Unauthorized: /api/auth/token/verify/
WARNING 2025-04-27 17:33:40,950 log 2139892 140352365924352 Forbidden: /api/auth/login/
WARNING 2025-04-27 17:33:45,284 log 2139894 140352365924352 Forbidden: /api/auth/login/
WARNING 2025-04-27 17:34:05,301 log 2139891 140352365924352 Forbidden: /api/auth/login/
WARNING 2025-04-27 17:34:38,128 log 2139895 140352365924352 Forbidden: /api/auth/login/
WARNING 2025-04-27 17:34:49,299 log 2139894 140352365924352 Forbidden: /api/auth/login/
WARNING 2025-04-27 17:42:18,298 log 2139894 140352365924352 Unauthorized: /api/auth/token/verify/
WARNING 2025-04-27 17:43:40,303 log 2139891 140352365924352 Forbidden: /api/auth/login/
WARNING 2025-04-27 17:44:09,324 log 2139894 140352365924352 Not Found: /api/auth/verify/
WARNING 2025-04-27 18:00:39,247 log 2140510 140007064027136 Not Found: /api/.git/config
WARNING 2025-04-27 18:00:58,148 log 2140511 140007064027136 Not Found: /api/.env
WARNING 2025-04-27 18:37:20,645 log 2142080 140325105033216 Forbidden: /api/auth/login/
WARNING 2025-04-27 18:52:10,603 log 2142157 140711759753216 Not Found: /api/api/order/
WARNING 2025-04-27 18:52:10,685 log 2142156 140711759753216 Not Found: /api/api/order/
WARNING 2025-04-27 18:52:10,705 log 2142158 140711759753216 Not Found: /api/api/produksi/
WARNING 2025-04-27 18:52:10,706 log 2142154 140711759753216 Not Found: /api/api/order/
WARNING 2025-04-27 18:52:12,672 log 2142158 140711759753216 Not Found: /api/api/produksi/
WARNING 2025-04-27 18:52:12,675 log 2142154 140711759753216 Not Found: /api/api/order/
WARNING 2025-04-27 18:52:12,678 log 2142157 140711759753216 Not Found: /api/api/order/
WARNING 2025-04-27 18:52:12,681 log 2142156 140711759753216 Not Found: /api/api/order/
WARNING 2025-04-27 18:52:14,503 log 2142156 140711759753216 Not Found: /api/api/order/
WARNING 2025-04-27 18:52:14,512 log 2142158 140711759753216 Not Found: /api/api/produksi/
WARNING 2025-04-27 18:52:14,513 log 2142154 140711759753216 Not Found: /api/api/order/
WARNING 2025-04-27 18:52:14,520 log 2142155 140711759753216 Not Found: /api/api/order/
WARNING 2025-04-27 18:52:18,639 log 2142158 140711759753216 Bad Request: /api/auth/token/verify/
WARNING 2025-04-27 18:52:21,721 log 2142157 140711759753216 Not Found: /api/api/order/
WARNING 2025-04-27 18:52:21,719 log 2142154 140711759753216 Not Found: /api/api/order/
WARNING 2025-04-27 18:52:21,726 log 2142155 140711759753216 Not Found: /api/api/produksi/
WARNING 2025-04-27 18:52:21,727 log 2142158 140711759753216 Not Found: /api/api/order/
WARNING 2025-04-27 18:52:59,541 log 2142154 140711759753216 Not Found: /api/api/order/
WARNING 2025-04-27 18:52:59,546 log 2142158 140711759753216 Not Found: /api/api/produksi/
WARNING 2025-04-27 18:52:59,587 log 2142156 140711759753216 Not Found: /api/api/order/
WARNING 2025-04-27 18:52:59,637 log 2142157 140711759753216 Not Found: /api/api/order/
WARNING 2025-04-27 18:59:22,577 log 2142157 140711759753216 Not Found: /api/order/
WARNING 2025-04-27 18:59:22,588 log 2142154 140711759753216 Not Found: /api/order/
WARNING 2025-04-27 18:59:22,591 log 2142158 140711759753216 Not Found: /api/produksi/
WARNING 2025-04-27 18:59:22,592 log 2142155 140711759753216 Not Found: /api/order/
WARNING 2025-04-27 18:59:24,267 log 2142154 140711759753216 Not Found: /api/order/
WARNING 2025-04-27 18:59:24,276 log 2142158 140711759753216 Not Found: /api/order/
WARNING 2025-04-27 18:59:24,270 log 2142157 140711759753216 Not Found: /api/produksi/
WARNING 2025-04-27 18:59:24,281 log 2142155 140711759753216 Not Found: /api/order/
WARNING 2025-04-27 18:59:25,314 log 2142155 140711759753216 Not Found: /api/order/
WARNING 2025-04-27 18:59:25,316 log 2142158 140711759753216 Not Found: /api/order/
WARNING 2025-04-27 18:59:25,317 log 2142156 140711759753216 Not Found: /api/order/
WARNING 2025-04-27 18:59:25,316 log 2142157 140711759753216 Not Found: /api/produksi/
WARNING 2025-04-27 18:59:27,025 log 2142155 140711759753216 Not Found: /api/order/
WARNING 2025-04-27 18:59:27,026 log 2142157 140711759753216 Not Found: /api/produksi/
WARNING 2025-04-27 18:59:27,028 log 2142158 140711759753216 Not Found: /api/order/
WARNING 2025-04-27 18:59:27,036 log 2142154 140711759753216 Not Found: /api/order/
WARNING 2025-04-27 18:59:38,487 log 2142156 140711759753216 Not Found: /api/produksi/
WARNING 2025-04-27 18:59:38,493 log 2142154 140711759753216 Not Found: /api/order/
WARNING 2025-04-27 18:59:38,501 log 2142158 140711759753216 Not Found: /api/order/
WARNING 2025-04-27 18:59:38,502 log 2142157 140711759753216 Not Found: /api/order/
WARNING 2025-04-27 18:59:40,186 log 2142156 140711759753216 Not Found: /api/order/
WARNING 2025-04-27 18:59:40,186 log 2142154 140711759753216 Not Found: /api/order/
WARNING 2025-04-27 18:59:40,194 log 2142157 140711759753216 Not Found: /api/produksi/
WARNING 2025-04-27 18:59:40,195 log 2142158 140711759753216 Not Found: /api/order/
WARNING 2025-04-27 19:00:06,811 log 2142155 140711759753216 Not Found: /api/order/
WARNING 2025-04-27 19:00:06,817 log 2142158 140711759753216 Not Found: /api/produksi/
WARNING 2025-04-27 19:00:06,859 log 2142154 140711759753216 Not Found: /api/order/
WARNING 2025-04-27 19:00:06,910 log 2142154 140711759753216 Not Found: /api/order/
WARNING 2025-04-27 19:07:53,056 log 2142154 140711759753216 Not Found: /api/order/
WARNING 2025-04-27 19:07:53,056 log 2142158 140711759753216 Not Found: /api/order/
WARNING 2025-04-27 19:07:53,064 log 2142155 140711759753216 Not Found: /api/produksi/
WARNING 2025-04-27 19:07:53,066 log 2142157 140711759753216 Not Found: /api/order/
WARNING 2025-04-27 19:07:54,273 log 2142154 140711759753216 Not Found: /api/order/
WARNING 2025-04-27 19:07:54,279 log 2142156 140711759753216 Not Found: /api/order/
WARNING 2025-04-27 19:07:54,284 log 2142157 140711759753216 Not Found: /api/order/
WARNING 2025-04-27 19:07:54,291 log 2142155 140711759753216 Not Found: /api/produksi/
WARNING 2025-04-27 19:07:57,101 log 2142155 140711759753216 Not Found: /api/order/
WARNING 2025-04-27 19:07:57,103 log 2142157 140711759753216 Not Found: /api/produksi/
WARNING 2025-04-27 19:07:57,106 log 2142158 140711759753216 Not Found: /api/order/
WARNING 2025-04-27 19:07:57,110 log 2142156 140711759753216 Not Found: /api/order/
WARNING 2025-04-27 19:08:11,200 log 2142158 140711759753216 Not Found: /api/produksi/
WARNING 2025-04-27 19:08:11,207 log 2142156 140711759753216 Not Found: /api/order/
WARNING 2025-04-27 19:08:11,199 log 2142157 140711759753216 Not Found: /api/order/
WARNING 2025-04-27 19:08:11,207 log 2142154 140711759753216 Not Found: /api/order/
WARNING 2025-04-27 19:08:11,940 log 2142157 140711759753216 Not Found: /api/produksi/
WARNING 2025-04-27 19:08:11,945 log 2142158 140711759753216 Not Found: /api/order/
WARNING 2025-04-27 19:08:11,949 log 2142154 140711759753216 Not Found: /api/order/
WARNING 2025-04-27 19:08:11,950 log 2142156 140711759753216 Not Found: /api/order/
WARNING 2025-04-27 19:08:31,260 log 2142158 140711759753216 Not Found: /api/order/
WARNING 2025-04-27 19:15:27,654 log 2142610 140711759753216 Not Found: /api/order/
WARNING 2025-04-27 19:15:27,675 log 2142614 140711759753216 Not Found: /api/order/
WARNING 2025-04-27 19:15:27,704 log 2142612 140711759753216 Not Found: /api/produksi/
WARNING 2025-04-27 19:15:27,714 log 2142613 140711759753216 Not Found: /api/order/
WARNING 2025-04-27 19:15:29,643 log 2142614 140711759753216 Not Found: /api/order/
WARNING 2025-04-27 19:15:29,647 log 2142611 140711759753216 Not Found: /api/order/
WARNING 2025-04-27 19:15:29,653 log 2142610 140711759753216 Not Found: /api/produksi/
WARNING 2025-04-27 19:15:29,670 log 2142611 140711759753216 Not Found: /api/order/
WARNING 2025-04-27 19:15:31,047 log 2142611 140711759753216 Not Found: /api/order/
WARNING 2025-04-27 19:15:31,057 log 2142610 140711759753216 Not Found: /api/order/
WARNING 2025-04-27 19:15:31,057 log 2142613 140711759753216 Not Found: /api/order/
WARNING 2025-04-27 19:15:31,058 log 2142614 140711759753216 Not Found: /api/produksi/
WARNING 2025-04-27 19:15:38,788 log 2142612 140711759753216 Not Found: /api/order/
WARNING 2025-04-27 19:15:38,792 log 2142611 140711759753216 Not Found: /api/order/
WARNING 2025-04-27 19:15:38,803 log 2142610 140711759753216 Not Found: /api/order/
WARNING 2025-04-27 19:15:38,803 log 2142614 140711759753216 Not Found: /api/produksi/
WARNING 2025-04-27 19:15:46,861 log 2142613 140711759753216 Not Found: /api/order/
WARNING 2025-04-27 19:15:46,874 log 2142611 140711759753216 Not Found: /api/order/
WARNING 2025-04-27 19:15:46,875 log 2142610 140711759753216 Not Found: /api/produksi/
WARNING 2025-04-27 19:15:46,879 log 2142614 140711759753216 Not Found: /api/order/
WARNING 2025-04-27 19:26:55,200 log 2142980 140406744342528 Not Found: /api/produksi/
WARNING 2025-04-27 19:26:55,260 log 2142979 140406744342528 Not Found: /api/order/
WARNING 2025-04-27 19:26:55,383 log 2142981 140406744342528 Not Found: /api/order/
WARNING 2025-04-27 19:26:55,499 log 2142978 140406744342528 Not Found: /api/order/
WARNING 2025-04-27 19:26:55,815 log 2142980 140406744342528 Not Found: /api/order/
WARNING 2025-04-27 19:26:55,862 log 2142980 140406744342528 Not Found: /api/order/
WARNING 2025-04-27 19:26:55,878 log 2142977 140406744342528 Not Found: /api/produksi/
WARNING 2025-04-27 19:26:55,911 log 2142979 140406744342528 Not Found: /api/order/
WARNING 2025-04-27 19:27:01,722 log 2142980 140406744342528 Not Found: /api/order/
WARNING 2025-04-27 19:27:01,727 log 2142981 140406744342528 Not Found: /api/order/
WARNING 2025-04-27 19:27:01,731 log 2142979 140406744342528 Not Found: /api/produksi/
WARNING 2025-04-27 19:27:01,735 log 2142978 140406744342528 Not Found: /api/order/
WARNING 2025-04-27 19:27:10,669 log 2142981 140406744342528 Not Found: /api/order/
WARNING 2025-04-27 19:27:10,674 log 2142980 140406744342528 Not Found: /api/order/
WARNING 2025-04-27 19:27:10,679 log 2142978 140406744342528 Not Found: /api/order/
WARNING 2025-04-27 19:27:10,680 log 2142979 140406744342528 Not Found: /api/produksi/
WARNING 2025-04-27 19:27:12,024 log 2142977 140406744342528 Not Found: /api/order/
WARNING 2025-04-27 19:27:12,041 log 2142978 140406744342528 Not Found: /api/produksi/
WARNING 2025-04-27 19:27:12,041 log 2142980 140406744342528 Not Found: /api/order/
WARNING 2025-04-27 19:27:12,043 log 2142979 140406744342528 Not Found: /api/order/
WARNING 2025-04-27 19:27:21,180 log 2142981 140406744342528 Not Found: /api/order/
WARNING 2025-04-27 19:27:21,186 log 2142980 140406744342528 Not Found: /api/order/
WARNING 2025-04-27 19:27:21,186 log 2142979 140406744342528 Not Found: /api/order/
WARNING 2025-04-27 19:27:21,189 log 2142978 140406744342528 Not Found: /api/produksi/
WARNING 2025-04-27 19:32:54,380 log 2143071 139809469865984 Not Found: /api/order/
WARNING 2025-04-27 19:32:54,417 log 2143069 139809469865984 Not Found: /api/order/
WARNING 2025-04-27 19:32:54,463 log 2143070 139809469865984 Not Found: /api/produksi/
WARNING 2025-04-27 19:32:54,478 log 2143072 139809469865984 Not Found: /api/order/
WARNING 2025-04-27 19:32:56,218 log 2143070 139809469865984 Not Found: /api/produksi/
WARNING 2025-04-27 19:32:56,222 log 2143071 139809469865984 Not Found: /api/order/
WARNING 2025-04-27 19:32:56,226 log 2143072 139809469865984 Not Found: /api/order/
WARNING 2025-04-27 19:32:56,232 log 2143069 139809469865984 Not Found: /api/order/
WARNING 2025-04-27 19:33:07,826 log 2143072 139809469865984 Not Found: /api/order/
WARNING 2025-04-27 19:33:07,831 log 2143070 139809469865984 Not Found: /api/produksi/
WARNING 2025-04-27 19:33:07,837 log 2143071 139809469865984 Not Found: /api/order/
WARNING 2025-04-27 19:33:07,900 log 2143073 139809469865984 Not Found: /api/order/
WARNING 2025-04-27 19:40:28,515 log 2143143 140312839639040 Not Found: /api/order/
WARNING 2025-04-27 19:40:28,523 log 2143140 140312839639040 Not Found: /api/produksi/
WARNING 2025-04-27 19:40:28,521 log 2143139 140312839639040 Not Found: /api/order/
WARNING 2025-04-27 19:40:28,524 log 2143142 140312839639040 Not Found: /api/order/
WARNING 2025-04-27 19:40:30,106 log 2143142 140312839639040 Not Found: /api/order/
WARNING 2025-04-27 19:40:30,111 log 2143141 140312839639040 Not Found: /api/order/
WARNING 2025-04-27 19:40:30,118 log 2143139 140312839639040 Not Found: /api/produksi/
WARNING 2025-04-27 19:40:30,405 log 2143141 140312839639040 Not Found: /api/order/
WARNING 2025-04-27 19:40:50,453 log 2143143 140312839639040 Not Found: /api/produksi/
WARNING 2025-04-27 19:40:50,462 log 2143140 140312839639040 Not Found: /api/order/
WARNING 2025-04-27 19:40:50,464 log 2143142 140312839639040 Not Found: /api/order/
WARNING 2025-04-27 19:40:50,463 log 2143141 140312839639040 Not Found: /api/order/
WARNING 2025-04-27 19:40:51,652 log 2143139 140312839639040 Not Found: /api/order/
WARNING 2025-04-27 19:40:51,658 log 2143141 140312839639040 Not Found: /api/order/
WARNING 2025-04-27 19:40:51,661 log 2143143 140312839639040 Not Found: /api/order/
WARNING 2025-04-27 19:40:51,663 log 2143142 140312839639040 Not Found: /api/produksi/
WARNING 2025-04-27 19:40:54,407 log 2143139 140312839639040 Not Found: /api/order/
WARNING 2025-04-27 19:40:54,404 log 2143142 140312839639040 Not Found: /api/order/
WARNING 2025-04-27 19:40:54,413 log 2143141 140312839639040 Not Found: /api/order/
WARNING 2025-04-27 19:40:54,417 log 2143143 140312839639040 Not Found: /api/produksi/
WARNING 2025-04-27 20:17:44,153 log 2143557 140143338446848 Not Found: /api/order/
WARNING 2025-04-27 20:17:44,229 log 2143558 140143338446848 Not Found: /api/order/
WARNING 2025-04-27 20:17:44,272 log 2143555 140143338446848 Not Found: /api/produksi/
WARNING 2025-04-27 20:17:44,280 log 2143559 140143338446848 Not Found: /api/order/
WARNING 2025-04-27 20:21:10,172 log 2143593 140519211155456 Not Found: /api/order/
WARNING 2025-04-27 20:21:10,175 log 2143591 140519211155456 Not Found: /api/produksi/
WARNING 2025-04-27 20:21:10,181 log 2143594 140519211155456 Not Found: /api/order/
WARNING 2025-04-27 20:21:10,185 log 2143595 140519211155456 Not Found: /api/order/
WARNING 2025-04-27 20:21:11,343 log 2143595 140519211155456 Not Found: /api/order/
WARNING 2025-04-27 20:21:11,352 log 2143591 140519211155456 Not Found: /api/produksi/
WARNING 2025-04-27 20:21:11,354 log 2143592 140519211155456 Not Found: /api/order/
WARNING 2025-04-27 20:21:11,361 log 2143593 140519211155456 Not Found: /api/order/
WARNING 2025-04-27 20:21:12,646 log 2143594 140519211155456 Not Found: /api/order/
WARNING 2025-04-27 20:21:12,651 log 2143591 140519211155456 Not Found: /api/order/
WARNING 2025-04-27 20:21:12,652 log 2143593 140519211155456 Not Found: /api/produksi/
WARNING 2025-04-27 20:21:12,660 log 2143592 140519211155456 Not Found: /api/order/
WARNING 2025-04-27 20:21:14,565 log 2143594 140519211155456 Not Found: /api/order/
WARNING 2025-04-27 20:21:14,576 log 2143595 140519211155456 Not Found: /api/order/
WARNING 2025-04-27 20:21:14,585 log 2143591 140519211155456 Not Found: /api/produksi/
WARNING 2025-04-27 20:21:14,589 log 2143592 140519211155456 Not Found: /api/order/
WARNING 2025-04-27 20:22:01,563 log 2143591 140519211155456 Not Found: /api/order/
WARNING 2025-04-27 20:22:01,570 log 2143594 140519211155456 Not Found: /api/order/
WARNING 2025-04-27 20:22:01,575 log 2143593 140519211155456 Not Found: /api/produksi/
WARNING 2025-04-27 20:22:01,586 log 2143595 140519211155456 Not Found: /api/order/
WARNING 2025-04-27 20:24:23,224 log 2143690 140212689567744 Not Found: /api/produksi/
WARNING 2025-04-27 20:24:23,220 log 2143694 140212689567744 Not Found: /api/order/
WARNING 2025-04-27 20:24:23,275 log 2143692 140212689567744 Not Found: /api/order/
WARNING 2025-04-27 20:24:23,288 log 2143691 140212689567744 Not Found: /api/order/
WARNING 2025-04-27 20:24:24,435 log 2143690 140212689567744 Not Found: /api/order/
WARNING 2025-04-27 20:24:24,439 log 2143692 140212689567744 Not Found: /api/produksi/
WARNING 2025-04-27 20:24:24,445 log 2143694 140212689567744 Not Found: /api/order/
WARNING 2025-04-27 20:24:24,499 log 2143693 140212689567744 Not Found: /api/order/
WARNING 2025-04-27 20:24:26,598 log 2143691 140212689567744 Not Found: /api/order/
WARNING 2025-04-27 20:24:26,605 log 2143693 140212689567744 Not Found: /api/produksi/
WARNING 2025-04-27 20:24:26,603 log 2143690 140212689567744 Not Found: /api/order/
WARNING 2025-04-27 20:24:26,612 log 2143692 140212689567744 Not Found: /api/order/
WARNING 2025-04-27 20:26:43,340 log 2143726 140678407393280 Unauthorized: /api/auth/token/verify/
WARNING 2025-04-27 20:26:53,924 log 2143726 140678407393280 Not Found: /api/produksi/
WARNING 2025-04-27 20:26:53,989 log 2143729 140678407393280 Not Found: /api/order/
WARNING 2025-04-27 20:26:54,018 log 2143728 140678407393280 Not Found: /api/order/
WARNING 2025-04-27 20:26:54,025 log 2143727 140678407393280 Not Found: /api/order/
WARNING 2025-04-27 20:26:54,632 log 2143726 140678407393280 Not Found: /api/order/
WARNING 2025-04-27 20:26:54,642 log 2143727 140678407393280 Not Found: /api/produksi/
WARNING 2025-04-27 20:26:54,644 log 2143729 140678407393280 Not Found: /api/order/
WARNING 2025-04-27 20:26:54,656 log 2143725 140678407393280 Not Found: /api/order/
WARNING 2025-04-27 20:27:03,124 log 2143728 140678407393280 Not Found: /api/order/
WARNING 2025-04-27 20:27:03,121 log 2143725 140678407393280 Not Found: /api/produksi/
WARNING 2025-04-27 20:27:03,125 log 2143729 140678407393280 Not Found: /api/order/
WARNING 2025-04-27 20:27:03,130 log 2143726 140678407393280 Not Found: /api/order/
WARNING 2025-04-27 20:27:04,967 log 2143727 140678407393280 Not Found: /api/order/
WARNING 2025-04-27 20:27:04,971 log 2143726 140678407393280 Not Found: /api/order/
WARNING 2025-04-27 20:27:04,969 log 2143728 140678407393280 Not Found: /api/produksi/
WARNING 2025-04-27 20:27:04,975 log 2143729 140678407393280 Not Found: /api/order/
WARNING 2025-04-27 20:36:38,431 log 2143831 140233495453696 Not Found: /api/produksi/
WARNING 2025-04-27 20:36:38,440 log 2143828 140233495453696 Not Found: /api/order/
WARNING 2025-04-27 20:36:38,445 log 2143830 140233495453696 Not Found: /api/order/
WARNING 2025-04-27 20:36:38,448 log 2143827 140233495453696 Not Found: /api/order/
WARNING 2025-04-27 20:36:39,533 log 2143829 140233495453696 Not Found: /api/order/
WARNING 2025-04-27 20:36:39,543 log 2143827 140233495453696 Not Found: /api/order/
WARNING 2025-04-27 20:36:39,552 log 2143828 140233495453696 Not Found: /api/order/
WARNING 2025-04-27 20:36:39,552 log 2143831 140233495453696 Not Found: /api/produksi/
WARNING 2025-04-27 20:36:40,814 log 2143829 140233495453696 Not Found: /api/produksi/
WARNING 2025-04-27 20:36:40,822 log 2143830 140233495453696 Not Found: /api/order/
WARNING 2025-04-27 20:36:40,828 log 2143831 140233495453696 Not Found: /api/order/
WARNING 2025-04-27 20:36:40,832 log 2143827 140233495453696 Not Found: /api/order/
WARNING 2025-04-27 20:36:42,500 log 2143829 140233495453696 Not Found: /api/order/
WARNING 2025-04-27 20:36:42,499 log 2143831 140233495453696 Not Found: /api/order/
WARNING 2025-04-27 20:36:42,509 log 2143827 140233495453696 Not Found: /api/order/
WARNING 2025-04-27 20:36:42,510 log 2143828 140233495453696 Not Found: /api/produksi/
WARNING 2025-04-27 20:42:00,098 log 2143894 139923916161024 Not Found: /api/order/
WARNING 2025-04-27 20:42:00,125 log 2143890 139923916161024 Not Found: /api/order/
WARNING 2025-04-27 20:42:00,146 log 2143891 139923916161024 Not Found: /api/order/
WARNING 2025-04-27 20:42:00,149 log 2143893 139923916161024 Not Found: /api/produksi/
WARNING 2025-04-27 20:42:01,228 log 2143894 139923916161024 Not Found: /api/order/
WARNING 2025-04-27 20:42:01,235 log 2143893 139923916161024 Not Found: /api/produksi/
WARNING 2025-04-27 20:42:01,244 log 2143892 139923916161024 Not Found: /api/order/
WARNING 2025-04-27 20:42:01,245 log 2143890 139923916161024 Not Found: /api/order/
WARNING 2025-04-27 20:42:03,365 log 2143894 139923916161024 Not Found: /api/order/
WARNING 2025-04-27 20:42:03,368 log 2143891 139923916161024 Not Found: /api/order/
WARNING 2025-04-27 20:42:03,372 log 2143890 139923916161024 Not Found: /api/produksi/
WARNING 2025-04-27 20:42:03,375 log 2143892 139923916161024 Not Found: /api/order/
WARNING 2025-04-27 20:42:38,126 log 2143892 139923916161024 Not Found: /api/order/
WARNING 2025-04-27 20:42:38,130 log 2143890 139923916161024 Not Found: /api/produksi/
WARNING 2025-04-27 20:42:38,179 log 2143894 139923916161024 Not Found: /api/order/
WARNING 2025-04-27 20:42:38,228 log 2143892 139923916161024 Not Found: /api/order/
WARNING 2025-04-27 21:18:08,367 log 2144012 140223190888448 Not Found: /api/bin/440393
WARNING 2025-04-27 21:18:09,414 log 2144011 140223190888448 Not Found: /api/user/binLookup
WARNING 2025-04-27 21:26:06,664 log 2144014 140223190888448 Not Found: /admin/rumah_akrilik_app/orderstatus/
ERROR 2025-04-27 21:27:13,421 log 2144012 140223190888448 Internal Server Error: /admin/rumah_akrilik_app/order/add/
Traceback (most recent call last):
  File "/root/rumah-akrilik/venv/lib/python3.10/site-packages/django/db/models/options.py", line 681, in get_field
    return self.fields_map[field_name]
KeyError: 'total_price'

During handling of the above exception, another exception occurred:

Traceback (most recent call last):
  File "/root/rumah-akrilik/venv/lib/python3.10/site-packages/django/contrib/admin/utils.py", line 272, in lookup_field
    f = _get_non_gfk_field(opts, name)
  File "/root/rumah-akrilik/venv/lib/python3.10/site-packages/django/contrib/admin/utils.py", line 303, in _get_non_gfk_field
    field = opts.get_field(name)
  File "/root/rumah-akrilik/venv/lib/python3.10/site-packages/django/db/models/options.py", line 683, in get_field
    raise FieldDoesNotExist(
django.core.exceptions.FieldDoesNotExist: OrderItem has no field named 'total_price'

During handling of the above exception, another exception occurred:

Traceback (most recent call last):
  File "/root/rumah-akrilik/venv/lib/python3.10/site-packages/django/core/handlers/exception.py", line 55, in inner
    response = get_response(request)
  File "/root/rumah-akrilik/venv/lib/python3.10/site-packages/django/core/handlers/base.py", line 220, in _get_response
    response = response.render()
  File "/root/rumah-akrilik/venv/lib/python3.10/site-packages/django/template/response.py", line 114, in render
    self.content = self.rendered_content
  File "/root/rumah-akrilik/venv/lib/python3.10/site-packages/django/template/response.py", line 92, in rendered_content
    return template.render(context, self._request)
  File "/root/rumah-akrilik/venv/lib/python3.10/site-packages/django/template/backends/django.py", line 61, in render
    return self.template.render(context)
  File "/root/rumah-akrilik/venv/lib/python3.10/site-packages/django/template/base.py", line 175, in render
    return self._render(context)
  File "/root/rumah-akrilik/venv/lib/python3.10/site-packages/django/test/utils.py", line 112, in instrumented_test_render
    return self.nodelist.render(context)
  File "/root/rumah-akrilik/venv/lib/python3.10/site-packages/django/template/base.py", line 1005, in render
    return SafeString("".join([node.render_annotated(context) for node in self]))
  File "/root/rumah-akrilik/venv/lib/python3.10/site-packages/django/template/base.py", line 1005, in <listcomp>
    return SafeString("".join([node.render_annotated(context) for node in self]))
  File "/root/rumah-akrilik/venv/lib/python3.10/site-packages/django/template/base.py", line 966, in render_annotated
    return self.render(context)
  File "/root/rumah-akrilik/venv/lib/python3.10/site-packages/django/template/loader_tags.py", line 157, in render
    return compiled_parent._render(context)
  File "/root/rumah-akrilik/venv/lib/python3.10/site-packages/django/test/utils.py", line 112, in instrumented_test_render
    return self.nodelist.render(context)
  File "/root/rumah-akrilik/venv/lib/python3.10/site-packages/django/template/base.py", line 1005, in render
    return SafeString("".join([node.render_annotated(context) for node in self]))
  File "/root/rumah-akrilik/venv/lib/python3.10/site-packages/django/template/base.py", line 1005, in <listcomp>
    return SafeString("".join([node.render_annotated(context) for node in self]))
  File "/root/rumah-akrilik/venv/lib/python3.10/site-packages/django/template/base.py", line 966, in render_annotated
    return self.render(context)
  File "/root/rumah-akrilik/venv/lib/python3.10/site-packages/django/template/loader_tags.py", line 157, in render
    return compiled_parent._render(context)
  File "/root/rumah-akrilik/venv/lib/python3.10/site-packages/django/test/utils.py", line 112, in instrumented_test_render
    return self.nodelist.render(context)
  File "/root/rumah-akrilik/venv/lib/python3.10/site-packages/django/template/base.py", line 1005, in render
    return SafeString("".join([node.render_annotated(context) for node in self]))
  File "/root/rumah-akrilik/venv/lib/python3.10/site-packages/django/template/base.py", line 1005, in <listcomp>
    return SafeString("".join([node.render_annotated(context) for node in self]))
  File "/root/rumah-akrilik/venv/lib/python3.10/site-packages/django/template/base.py", line 966, in render_annotated
    return self.render(context)
  File "/root/rumah-akrilik/venv/lib/python3.10/site-packages/django/template/loader_tags.py", line 63, in render
    result = block.nodelist.render(context)
  File "/root/rumah-akrilik/venv/lib/python3.10/site-packages/django/template/base.py", line 1005, in render
    return SafeString("".join([node.render_annotated(context) for node in self]))
  File "/root/rumah-akrilik/venv/lib/python3.10/site-packages/django/template/base.py", line 1005, in <listcomp>
    return SafeString("".join([node.render_annotated(context) for node in self]))
  File "/root/rumah-akrilik/venv/lib/python3.10/site-packages/django/template/base.py", line 966, in render_annotated
    return self.render(context)
  File "/root/rumah-akrilik/venv/lib/python3.10/site-packages/django/template/loader_tags.py", line 63, in render
    result = block.nodelist.render(context)
  File "/root/rumah-akrilik/venv/lib/python3.10/site-packages/django/template/base.py", line 1005, in render
    return SafeString("".join([node.render_annotated(context) for node in self]))
  File "/root/rumah-akrilik/venv/lib/python3.10/site-packages/django/template/base.py", line 1005, in <listcomp>
    return SafeString("".join([node.render_annotated(context) for node in self]))
  File "/root/rumah-akrilik/venv/lib/python3.10/site-packages/django/template/base.py", line 966, in render_annotated
    return self.render(context)
  File "/root/rumah-akrilik/venv/lib/python3.10/site-packages/django/template/defaulttags.py", line 238, in render
    nodelist.append(node.render_annotated(context))
  File "/root/rumah-akrilik/venv/lib/python3.10/site-packages/django/template/base.py", line 966, in render_annotated
    return self.render(context)
  File "/root/rumah-akrilik/venv/lib/python3.10/site-packages/django/template/loader_tags.py", line 208, in render
    return template.render(context)
  File "/root/rumah-akrilik/venv/lib/python3.10/site-packages/django/template/base.py", line 177, in render
    return self._render(context)
  File "/root/rumah-akrilik/venv/lib/python3.10/site-packages/django/test/utils.py", line 112, in instrumented_test_render
    return self.nodelist.render(context)
  File "/root/rumah-akrilik/venv/lib/python3.10/site-packages/django/template/base.py", line 1005, in render
    return SafeString("".join([node.render_annotated(context) for node in self]))
  File "/root/rumah-akrilik/venv/lib/python3.10/site-packages/django/template/base.py", line 1005, in <listcomp>
    return SafeString("".join([node.render_annotated(context) for node in self]))
  File "/root/rumah-akrilik/venv/lib/python3.10/site-packages/django/template/base.py", line 966, in render_annotated
    return self.render(context)
  File "/root/rumah-akrilik/venv/lib/python3.10/site-packages/django/template/defaulttags.py", line 238, in render
    nodelist.append(node.render_annotated(context))
  File "/root/rumah-akrilik/venv/lib/python3.10/site-packages/django/template/base.py", line 966, in render_annotated
    return self.render(context)
  File "/root/rumah-akrilik/venv/lib/python3.10/site-packages/django/template/defaulttags.py", line 238, in render
    nodelist.append(node.render_annotated(context))
  File "/root/rumah-akrilik/venv/lib/python3.10/site-packages/django/template/base.py", line 966, in render_annotated
    return self.render(context)
  File "/root/rumah-akrilik/venv/lib/python3.10/site-packages/django/template/defaulttags.py", line 238, in render
    nodelist.append(node.render_annotated(context))
  File "/root/rumah-akrilik/venv/lib/python3.10/site-packages/django/template/base.py", line 966, in render_annotated
    return self.render(context)
  File "/root/rumah-akrilik/venv/lib/python3.10/site-packages/django/template/defaulttags.py", line 238, in render
    nodelist.append(node.render_annotated(context))
  File "/root/rumah-akrilik/venv/lib/python3.10/site-packages/django/template/base.py", line 966, in render_annotated
    return self.render(context)
  File "/root/rumah-akrilik/venv/lib/python3.10/site-packages/django/template/defaulttags.py", line 321, in render
    return nodelist.render(context)
  File "/root/rumah-akrilik/venv/lib/python3.10/site-packages/django/template/base.py", line 1005, in render
    return SafeString("".join([node.render_annotated(context) for node in self]))
  File "/root/rumah-akrilik/venv/lib/python3.10/site-packages/django/template/base.py", line 1005, in <listcomp>
    return SafeString("".join([node.render_annotated(context) for node in self]))
  File "/root/rumah-akrilik/venv/lib/python3.10/site-packages/django/template/base.py", line 966, in render_annotated
    return self.render(context)
  File "/root/rumah-akrilik/venv/lib/python3.10/site-packages/django/template/base.py", line 1064, in render
    output = self.filter_expression.resolve(context)
  File "/root/rumah-akrilik/venv/lib/python3.10/site-packages/django/template/base.py", line 715, in resolve
    obj = self.var.resolve(context)
  File "/root/rumah-akrilik/venv/lib/python3.10/site-packages/django/template/base.py", line 847, in resolve
    value = self._resolve_lookup(context)
  File "/root/rumah-akrilik/venv/lib/python3.10/site-packages/django/template/base.py", line 914, in _resolve_lookup
    current = current()
  File "/root/rumah-akrilik/venv/lib/python3.10/site-packages/django/contrib/admin/helpers.py", line 273, in contents
    f, attr, value = lookup_field(field, obj, model_admin)
  File "/root/rumah-akrilik/venv/lib/python3.10/site-packages/django/contrib/admin/utils.py", line 283, in lookup_field
    attr = getattr(obj, name)
  File "/root/rumah-akrilik/rumah_akrilik_app/models.py", line 303, in total_price
    price_after_discount = self.unit_price - self.discount
TypeError: unsupported operand type(s) for -: 'NoneType' and 'int'
ERROR 2025-04-27 21:27:33,035 log 2144013 140223190888448 Internal Server Error: /admin/rumah_akrilik_app/order/add/
Traceback (most recent call last):
  File "/root/rumah-akrilik/venv/lib/python3.10/site-packages/django/db/models/options.py", line 681, in get_field
    return self.fields_map[field_name]
KeyError: 'total_price'

During handling of the above exception, another exception occurred:

Traceback (most recent call last):
  File "/root/rumah-akrilik/venv/lib/python3.10/site-packages/django/contrib/admin/utils.py", line 272, in lookup_field
    f = _get_non_gfk_field(opts, name)
  File "/root/rumah-akrilik/venv/lib/python3.10/site-packages/django/contrib/admin/utils.py", line 303, in _get_non_gfk_field
    field = opts.get_field(name)
  File "/root/rumah-akrilik/venv/lib/python3.10/site-packages/django/db/models/options.py", line 683, in get_field
    raise FieldDoesNotExist(
django.core.exceptions.FieldDoesNotExist: OrderItem has no field named 'total_price'

During handling of the above exception, another exception occurred:

Traceback (most recent call last):
  File "/root/rumah-akrilik/venv/lib/python3.10/site-packages/django/core/handlers/exception.py", line 55, in inner
    response = get_response(request)
  File "/root/rumah-akrilik/venv/lib/python3.10/site-packages/django/core/handlers/base.py", line 220, in _get_response
    response = response.render()
  File "/root/rumah-akrilik/venv/lib/python3.10/site-packages/django/template/response.py", line 114, in render
    self.content = self.rendered_content
  File "/root/rumah-akrilik/venv/lib/python3.10/site-packages/django/template/response.py", line 92, in rendered_content
    return template.render(context, self._request)
  File "/root/rumah-akrilik/venv/lib/python3.10/site-packages/django/template/backends/django.py", line 61, in render
    return self.template.render(context)
  File "/root/rumah-akrilik/venv/lib/python3.10/site-packages/django/template/base.py", line 175, in render
    return self._render(context)
  File "/root/rumah-akrilik/venv/lib/python3.10/site-packages/django/test/utils.py", line 112, in instrumented_test_render
    return self.nodelist.render(context)
  File "/root/rumah-akrilik/venv/lib/python3.10/site-packages/django/template/base.py", line 1005, in render
    return SafeString("".join([node.render_annotated(context) for node in self]))
  File "/root/rumah-akrilik/venv/lib/python3.10/site-packages/django/template/base.py", line 1005, in <listcomp>
    return SafeString("".join([node.render_annotated(context) for node in self]))
  File "/root/rumah-akrilik/venv/lib/python3.10/site-packages/django/template/base.py", line 966, in render_annotated
    return self.render(context)
  File "/root/rumah-akrilik/venv/lib/python3.10/site-packages/django/template/loader_tags.py", line 157, in render
    return compiled_parent._render(context)
  File "/root/rumah-akrilik/venv/lib/python3.10/site-packages/django/test/utils.py", line 112, in instrumented_test_render
    return self.nodelist.render(context)
  File "/root/rumah-akrilik/venv/lib/python3.10/site-packages/django/template/base.py", line 1005, in render
    return SafeString("".join([node.render_annotated(context) for node in self]))
  File "/root/rumah-akrilik/venv/lib/python3.10/site-packages/django/template/base.py", line 1005, in <listcomp>
    return SafeString("".join([node.render_annotated(context) for node in self]))
  File "/root/rumah-akrilik/venv/lib/python3.10/site-packages/django/template/base.py", line 966, in render_annotated
    return self.render(context)
  File "/root/rumah-akrilik/venv/lib/python3.10/site-packages/django/template/loader_tags.py", line 157, in render
    return compiled_parent._render(context)
  File "/root/rumah-akrilik/venv/lib/python3.10/site-packages/django/test/utils.py", line 112, in instrumented_test_render
    return self.nodelist.render(context)
  File "/root/rumah-akrilik/venv/lib/python3.10/site-packages/django/template/base.py", line 1005, in render
    return SafeString("".join([node.render_annotated(context) for node in self]))
  File "/root/rumah-akrilik/venv/lib/python3.10/site-packages/django/template/base.py", line 1005, in <listcomp>
    return SafeString("".join([node.render_annotated(context) for node in self]))
  File "/root/rumah-akrilik/venv/lib/python3.10/site-packages/django/template/base.py", line 966, in render_annotated
    return self.render(context)
  File "/root/rumah-akrilik/venv/lib/python3.10/site-packages/django/template/loader_tags.py", line 63, in render
    result = block.nodelist.render(context)
  File "/root/rumah-akrilik/venv/lib/python3.10/site-packages/django/template/base.py", line 1005, in render
    return SafeString("".join([node.render_annotated(context) for node in self]))
  File "/root/rumah-akrilik/venv/lib/python3.10/site-packages/django/template/base.py", line 1005, in <listcomp>
    return SafeString("".join([node.render_annotated(context) for node in self]))
  File "/root/rumah-akrilik/venv/lib/python3.10/site-packages/django/template/base.py", line 966, in render_annotated
    return self.render(context)
  File "/root/rumah-akrilik/venv/lib/python3.10/site-packages/django/template/loader_tags.py", line 63, in render
    result = block.nodelist.render(context)
  File "/root/rumah-akrilik/venv/lib/python3.10/site-packages/django/template/base.py", line 1005, in render
    return SafeString("".join([node.render_annotated(context) for node in self]))
  File "/root/rumah-akrilik/venv/lib/python3.10/site-packages/django/template/base.py", line 1005, in <listcomp>
    return SafeString("".join([node.render_annotated(context) for node in self]))
  File "/root/rumah-akrilik/venv/lib/python3.10/site-packages/django/template/base.py", line 966, in render_annotated
    return self.render(context)
  File "/root/rumah-akrilik/venv/lib/python3.10/site-packages/django/template/defaulttags.py", line 238, in render
    nodelist.append(node.render_annotated(context))
  File "/root/rumah-akrilik/venv/lib/python3.10/site-packages/django/template/base.py", line 966, in render_annotated
    return self.render(context)
  File "/root/rumah-akrilik/venv/lib/python3.10/site-packages/django/template/loader_tags.py", line 208, in render
    return template.render(context)
  File "/root/rumah-akrilik/venv/lib/python3.10/site-packages/django/template/base.py", line 177, in render
    return self._render(context)
  File "/root/rumah-akrilik/venv/lib/python3.10/site-packages/django/test/utils.py", line 112, in instrumented_test_render
    return self.nodelist.render(context)
  File "/root/rumah-akrilik/venv/lib/python3.10/site-packages/django/template/base.py", line 1005, in render
    return SafeString("".join([node.render_annotated(context) for node in self]))
  File "/root/rumah-akrilik/venv/lib/python3.10/site-packages/django/template/base.py", line 1005, in <listcomp>
    return SafeString("".join([node.render_annotated(context) for node in self]))
  File "/root/rumah-akrilik/venv/lib/python3.10/site-packages/django/template/base.py", line 966, in render_annotated
    return self.render(context)
  File "/root/rumah-akrilik/venv/lib/python3.10/site-packages/django/template/defaulttags.py", line 238, in render
    nodelist.append(node.render_annotated(context))
  File "/root/rumah-akrilik/venv/lib/python3.10/site-packages/django/template/base.py", line 966, in render_annotated
    return self.render(context)
  File "/root/rumah-akrilik/venv/lib/python3.10/site-packages/django/template/defaulttags.py", line 238, in render
    nodelist.append(node.render_annotated(context))
  File "/root/rumah-akrilik/venv/lib/python3.10/site-packages/django/template/base.py", line 966, in render_annotated
    return self.render(context)
  File "/root/rumah-akrilik/venv/lib/python3.10/site-packages/django/template/defaulttags.py", line 238, in render
    nodelist.append(node.render_annotated(context))
  File "/root/rumah-akrilik/venv/lib/python3.10/site-packages/django/template/base.py", line 966, in render_annotated
    return self.render(context)
  File "/root/rumah-akrilik/venv/lib/python3.10/site-packages/django/template/defaulttags.py", line 238, in render
    nodelist.append(node.render_annotated(context))
  File "/root/rumah-akrilik/venv/lib/python3.10/site-packages/django/template/base.py", line 966, in render_annotated
    return self.render(context)
  File "/root/rumah-akrilik/venv/lib/python3.10/site-packages/django/template/defaulttags.py", line 321, in render
    return nodelist.render(context)
  File "/root/rumah-akrilik/venv/lib/python3.10/site-packages/django/template/base.py", line 1005, in render
    return SafeString("".join([node.render_annotated(context) for node in self]))
  File "/root/rumah-akrilik/venv/lib/python3.10/site-packages/django/template/base.py", line 1005, in <listcomp>
    return SafeString("".join([node.render_annotated(context) for node in self]))
  File "/root/rumah-akrilik/venv/lib/python3.10/site-packages/django/template/base.py", line 966, in render_annotated
    return self.render(context)
  File "/root/rumah-akrilik/venv/lib/python3.10/site-packages/django/template/base.py", line 1064, in render
    output = self.filter_expression.resolve(context)
  File "/root/rumah-akrilik/venv/lib/python3.10/site-packages/django/template/base.py", line 715, in resolve
    obj = self.var.resolve(context)
  File "/root/rumah-akrilik/venv/lib/python3.10/site-packages/django/template/base.py", line 847, in resolve
    value = self._resolve_lookup(context)
  File "/root/rumah-akrilik/venv/lib/python3.10/site-packages/django/template/base.py", line 914, in _resolve_lookup
    current = current()
  File "/root/rumah-akrilik/venv/lib/python3.10/site-packages/django/contrib/admin/helpers.py", line 273, in contents
    f, attr, value = lookup_field(field, obj, model_admin)
  File "/root/rumah-akrilik/venv/lib/python3.10/site-packages/django/contrib/admin/utils.py", line 283, in lookup_field
    attr = getattr(obj, name)
  File "/root/rumah-akrilik/rumah_akrilik_app/models.py", line 303, in total_price
    price_after_discount = self.unit_price - self.discount
TypeError: unsupported operand type(s) for -: 'NoneType' and 'int'
ERROR 2025-04-27 21:27:41,588 log 2144015 140223190888448 Internal Server Error: /admin/rumah_akrilik_app/order/add/
Traceback (most recent call last):
  File "/root/rumah-akrilik/venv/lib/python3.10/site-packages/django/db/models/options.py", line 681, in get_field
    return self.fields_map[field_name]
KeyError: 'total_price'

During handling of the above exception, another exception occurred:

Traceback (most recent call last):
  File "/root/rumah-akrilik/venv/lib/python3.10/site-packages/django/contrib/admin/utils.py", line 272, in lookup_field
    f = _get_non_gfk_field(opts, name)
  File "/root/rumah-akrilik/venv/lib/python3.10/site-packages/django/contrib/admin/utils.py", line 303, in _get_non_gfk_field
    field = opts.get_field(name)
  File "/root/rumah-akrilik/venv/lib/python3.10/site-packages/django/db/models/options.py", line 683, in get_field
    raise FieldDoesNotExist(
django.core.exceptions.FieldDoesNotExist: OrderItem has no field named 'total_price'

During handling of the above exception, another exception occurred:

Traceback (most recent call last):
  File "/root/rumah-akrilik/venv/lib/python3.10/site-packages/django/core/handlers/exception.py", line 55, in inner
    response = get_response(request)
  File "/root/rumah-akrilik/venv/lib/python3.10/site-packages/django/core/handlers/base.py", line 220, in _get_response
    response = response.render()
  File "/root/rumah-akrilik/venv/lib/python3.10/site-packages/django/template/response.py", line 114, in render
    self.content = self.rendered_content
  File "/root/rumah-akrilik/venv/lib/python3.10/site-packages/django/template/response.py", line 92, in rendered_content
    return template.render(context, self._request)
  File "/root/rumah-akrilik/venv/lib/python3.10/site-packages/django/template/backends/django.py", line 61, in render
    return self.template.render(context)
  File "/root/rumah-akrilik/venv/lib/python3.10/site-packages/django/template/base.py", line 175, in render
    return self._render(context)
  File "/root/rumah-akrilik/venv/lib/python3.10/site-packages/django/test/utils.py", line 112, in instrumented_test_render
    return self.nodelist.render(context)
  File "/root/rumah-akrilik/venv/lib/python3.10/site-packages/django/template/base.py", line 1005, in render
    return SafeString("".join([node.render_annotated(context) for node in self]))
  File "/root/rumah-akrilik/venv/lib/python3.10/site-packages/django/template/base.py", line 1005, in <listcomp>
    return SafeString("".join([node.render_annotated(context) for node in self]))
  File "/root/rumah-akrilik/venv/lib/python3.10/site-packages/django/template/base.py", line 966, in render_annotated
    return self.render(context)
  File "/root/rumah-akrilik/venv/lib/python3.10/site-packages/django/template/loader_tags.py", line 157, in render
    return compiled_parent._render(context)
  File "/root/rumah-akrilik/venv/lib/python3.10/site-packages/django/test/utils.py", line 112, in instrumented_test_render
    return self.nodelist.render(context)
  File "/root/rumah-akrilik/venv/lib/python3.10/site-packages/django/template/base.py", line 1005, in render
    return SafeString("".join([node.render_annotated(context) for node in self]))
  File "/root/rumah-akrilik/venv/lib/python3.10/site-packages/django/template/base.py", line 1005, in <listcomp>
    return SafeString("".join([node.render_annotated(context) for node in self]))
  File "/root/rumah-akrilik/venv/lib/python3.10/site-packages/django/template/base.py", line 966, in render_annotated
    return self.render(context)
  File "/root/rumah-akrilik/venv/lib/python3.10/site-packages/django/template/loader_tags.py", line 157, in render
    return compiled_parent._render(context)
  File "/root/rumah-akrilik/venv/lib/python3.10/site-packages/django/test/utils.py", line 112, in instrumented_test_render
    return self.nodelist.render(context)
  File "/root/rumah-akrilik/venv/lib/python3.10/site-packages/django/template/base.py", line 1005, in render
    return SafeString("".join([node.render_annotated(context) for node in self]))
  File "/root/rumah-akrilik/venv/lib/python3.10/site-packages/django/template/base.py", line 1005, in <listcomp>
    return SafeString("".join([node.render_annotated(context) for node in self]))
  File "/root/rumah-akrilik/venv/lib/python3.10/site-packages/django/template/base.py", line 966, in render_annotated
    return self.render(context)
  File "/root/rumah-akrilik/venv/lib/python3.10/site-packages/django/template/loader_tags.py", line 63, in render
    result = block.nodelist.render(context)
  File "/root/rumah-akrilik/venv/lib/python3.10/site-packages/django/template/base.py", line 1005, in render
    return SafeString("".join([node.render_annotated(context) for node in self]))
  File "/root/rumah-akrilik/venv/lib/python3.10/site-packages/django/template/base.py", line 1005, in <listcomp>
    return SafeString("".join([node.render_annotated(context) for node in self]))
  File "/root/rumah-akrilik/venv/lib/python3.10/site-packages/django/template/base.py", line 966, in render_annotated
    return self.render(context)
  File "/root/rumah-akrilik/venv/lib/python3.10/site-packages/django/template/loader_tags.py", line 63, in render
    result = block.nodelist.render(context)
  File "/root/rumah-akrilik/venv/lib/python3.10/site-packages/django/template/base.py", line 1005, in render
    return SafeString("".join([node.render_annotated(context) for node in self]))
  File "/root/rumah-akrilik/venv/lib/python3.10/site-packages/django/template/base.py", line 1005, in <listcomp>
    return SafeString("".join([node.render_annotated(context) for node in self]))
  File "/root/rumah-akrilik/venv/lib/python3.10/site-packages/django/template/base.py", line 966, in render_annotated
    return self.render(context)
  File "/root/rumah-akrilik/venv/lib/python3.10/site-packages/django/template/defaulttags.py", line 238, in render
    nodelist.append(node.render_annotated(context))
  File "/root/rumah-akrilik/venv/lib/python3.10/site-packages/django/template/base.py", line 966, in render_annotated
    return self.render(context)
  File "/root/rumah-akrilik/venv/lib/python3.10/site-packages/django/template/loader_tags.py", line 208, in render
    return template.render(context)
  File "/root/rumah-akrilik/venv/lib/python3.10/site-packages/django/template/base.py", line 177, in render
    return self._render(context)
  File "/root/rumah-akrilik/venv/lib/python3.10/site-packages/django/test/utils.py", line 112, in instrumented_test_render
    return self.nodelist.render(context)
  File "/root/rumah-akrilik/venv/lib/python3.10/site-packages/django/template/base.py", line 1005, in render
    return SafeString("".join([node.render_annotated(context) for node in self]))
  File "/root/rumah-akrilik/venv/lib/python3.10/site-packages/django/template/base.py", line 1005, in <listcomp>
    return SafeString("".join([node.render_annotated(context) for node in self]))
  File "/root/rumah-akrilik/venv/lib/python3.10/site-packages/django/template/base.py", line 966, in render_annotated
    return self.render(context)
  File "/root/rumah-akrilik/venv/lib/python3.10/site-packages/django/template/defaulttags.py", line 238, in render
    nodelist.append(node.render_annotated(context))
  File "/root/rumah-akrilik/venv/lib/python3.10/site-packages/django/template/base.py", line 966, in render_annotated
    return self.render(context)
  File "/root/rumah-akrilik/venv/lib/python3.10/site-packages/django/template/defaulttags.py", line 238, in render
    nodelist.append(node.render_annotated(context))
  File "/root/rumah-akrilik/venv/lib/python3.10/site-packages/django/template/base.py", line 966, in render_annotated
    return self.render(context)
  File "/root/rumah-akrilik/venv/lib/python3.10/site-packages/django/template/defaulttags.py", line 238, in render
    nodelist.append(node.render_annotated(context))
  File "/root/rumah-akrilik/venv/lib/python3.10/site-packages/django/template/base.py", line 966, in render_annotated
    return self.render(context)
  File "/root/rumah-akrilik/venv/lib/python3.10/site-packages/django/template/defaulttags.py", line 238, in render
    nodelist.append(node.render_annotated(context))
  File "/root/rumah-akrilik/venv/lib/python3.10/site-packages/django/template/base.py", line 966, in render_annotated
    return self.render(context)
  File "/root/rumah-akrilik/venv/lib/python3.10/site-packages/django/template/defaulttags.py", line 321, in render
    return nodelist.render(context)
  File "/root/rumah-akrilik/venv/lib/python3.10/site-packages/django/template/base.py", line 1005, in render
    return SafeString("".join([node.render_annotated(context) for node in self]))
  File "/root/rumah-akrilik/venv/lib/python3.10/site-packages/django/template/base.py", line 1005, in <listcomp>
    return SafeString("".join([node.render_annotated(context) for node in self]))
  File "/root/rumah-akrilik/venv/lib/python3.10/site-packages/django/template/base.py", line 966, in render_annotated
    return self.render(context)
  File "/root/rumah-akrilik/venv/lib/python3.10/site-packages/django/template/base.py", line 1064, in render
    output = self.filter_expression.resolve(context)
  File "/root/rumah-akrilik/venv/lib/python3.10/site-packages/django/template/base.py", line 715, in resolve
    obj = self.var.resolve(context)
  File "/root/rumah-akrilik/venv/lib/python3.10/site-packages/django/template/base.py", line 847, in resolve
    value = self._resolve_lookup(context)
  File "/root/rumah-akrilik/venv/lib/python3.10/site-packages/django/template/base.py", line 914, in _resolve_lookup
    current = current()
  File "/root/rumah-akrilik/venv/lib/python3.10/site-packages/django/contrib/admin/helpers.py", line 273, in contents
    f, attr, value = lookup_field(field, obj, model_admin)
  File "/root/rumah-akrilik/venv/lib/python3.10/site-packages/django/contrib/admin/utils.py", line 283, in lookup_field
    attr = getattr(obj, name)
  File "/root/rumah-akrilik/rumah_akrilik_app/models.py", line 303, in total_price
    price_after_discount = self.unit_price - self.discount
TypeError: unsupported operand type(s) for -: 'NoneType' and 'int'
WARNING 2025-04-27 21:43:37,190 log 2145160 140143587106816 Not Found: /admin/rumah_akrilik_app/orderstatus/
ERROR 2025-04-27 22:05:35,959 log 2145515 140363323076608 Internal Server Error: /admin/rumah_akrilik_app/absensi/
Traceback (most recent call last):
  File "/root/rumah-akrilik/venv/lib/python3.10/site-packages/django/db/models/options.py", line 681, in get_field
    return self.fields_map[field_name]
KeyError: 'status'

During handling of the above exception, another exception occurred:

Traceback (most recent call last):
  File "/root/rumah-akrilik/venv/lib/python3.10/site-packages/django/core/handlers/exception.py", line 55, in inner
    response = get_response(request)
  File "/root/rumah-akrilik/venv/lib/python3.10/site-packages/django/core/handlers/base.py", line 197, in _get_response
    response = wrapped_callback(request, *callback_args, **callback_kwargs)
  File "/root/rumah-akrilik/venv/lib/python3.10/site-packages/django/contrib/admin/options.py", line 688, in wrapper
    return self.admin_site.admin_view(view)(*args, **kwargs)
  File "/root/rumah-akrilik/venv/lib/python3.10/site-packages/django/utils/decorators.py", line 134, in _wrapper_view
    response = view_func(request, *args, **kwargs)
  File "/root/rumah-akrilik/venv/lib/python3.10/site-packages/django/views/decorators/cache.py", line 62, in _wrapper_view_func
    response = view_func(request, *args, **kwargs)
  File "/root/rumah-akrilik/venv/lib/python3.10/site-packages/django/contrib/admin/sites.py", line 242, in inner
    return view(request, *args, **kwargs)
  File "/root/rumah-akrilik/venv/lib/python3.10/site-packages/django/utils/decorators.py", line 46, in _wrapper
    return bound_method(*args, **kwargs)
  File "/root/rumah-akrilik/venv/lib/python3.10/site-packages/django/utils/decorators.py", line 134, in _wrapper_view
    response = view_func(request, *args, **kwargs)
  File "/root/rumah-akrilik/venv/lib/python3.10/site-packages/django/contrib/admin/options.py", line 1926, in changelist_view
    cl = self.get_changelist_instance(request)
  File "/root/rumah-akrilik/venv/lib/python3.10/site-packages/django/contrib/admin/options.py", line 836, in get_changelist_instance
    return ChangeList(
  File "/root/rumah-akrilik/venv/lib/python3.10/site-packages/django/contrib/admin/views/main.py", line 122, in __init__
    self.queryset = self.get_queryset(request)
  File "/root/rumah-akrilik/venv/lib/python3.10/site-packages/django/contrib/admin/views/main.py", line 503, in get_queryset
    ) = self.get_filters(request)
  File "/root/rumah-akrilik/venv/lib/python3.10/site-packages/django/contrib/admin/views/main.py", line 180, in get_filters
    field = get_fields_from_path(self.model, field_path)[-1]
  File "/root/rumah-akrilik/venv/lib/python3.10/site-packages/django/contrib/admin/utils.py", line 517, in get_fields_from_path
    fields.append(parent._meta.get_field(piece))
  File "/root/rumah-akrilik/venv/lib/python3.10/site-packages/django/db/models/options.py", line 683, in get_field
    raise FieldDoesNotExist(
django.core.exceptions.FieldDoesNotExist: Absensi has no field named 'status'
WARNING 2025-04-27 22:47:18,994 log 2145518 140363323076608 Not Found: /api/orders/
WARNING 2025-04-27 22:47:20,018 log 2145515 140363323076608 Not Found: /api/orders/
WARNING 2025-04-27 22:47:30,084 log 2145515 140363323076608 Unauthorized: /api/auth/token/verify/
WARNING 2025-04-27 22:49:34,564 log 2145519 140363323076608 Unauthorized: /api/auth/token/verify/
WARNING 2025-04-27 22:50:05,858 log 2145515 140363323076608 Bad Request: /api/order/
WARNING 2025-04-27 22:51:58,006 log 2145518 140363323076608 Bad Request: /api/order/
WARNING 2025-04-27 22:52:52,070 log 2145515 140363323076608 Bad Request: /api/order/
WARNING 2025-04-27 22:52:56,421 log 2145519 140363323076608 Bad Request: /api/order/
ERROR 2025-04-27 22:56:55,425 log 2145515 140363323076608 Internal Server Error: /api/order/
Traceback (most recent call last):
  File "/root/rumah-akrilik/venv/lib/python3.10/site-packages/django/core/handlers/exception.py", line 55, in inner
    response = get_response(request)
  File "/root/rumah-akrilik/venv/lib/python3.10/site-packages/django/core/handlers/base.py", line 197, in _get_response
    response = wrapped_callback(request, *callback_args, **callback_kwargs)
  File "/root/rumah-akrilik/venv/lib/python3.10/site-packages/django/views/decorators/csrf.py", line 56, in wrapper_view
    return view_func(*args, **kwargs)
  File "/root/rumah-akrilik/venv/lib/python3.10/site-packages/rest_framework/viewsets.py", line 124, in view
    return self.dispatch(request, *args, **kwargs)
  File "/root/rumah-akrilik/venv/lib/python3.10/site-packages/rest_framework/views.py", line 509, in dispatch
    response = self.handle_exception(exc)
  File "/root/rumah-akrilik/venv/lib/python3.10/site-packages/rest_framework/views.py", line 469, in handle_exception
    self.raise_uncaught_exception(exc)
  File "/root/rumah-akrilik/venv/lib/python3.10/site-packages/rest_framework/views.py", line 480, in raise_uncaught_exception
    raise exc
  File "/root/rumah-akrilik/venv/lib/python3.10/site-packages/rest_framework/views.py", line 506, in dispatch
    response = handler(request, *args, **kwargs)
  File "/root/rumah-akrilik/venv/lib/python3.10/site-packages/rest_framework/mixins.py", line 20, in create
    headers = self.get_success_headers(serializer.data)
  File "/root/rumah-akrilik/venv/lib/python3.10/site-packages/rest_framework/serializers.py", line 571, in data
    ret = super().data
  File "/root/rumah-akrilik/venv/lib/python3.10/site-packages/rest_framework/serializers.py", line 249, in data
    self._data = self.to_representation(self.instance)
  File "/root/rumah-akrilik/venv/lib/python3.10/site-packages/rest_framework/serializers.py", line 538, in to_representation
    ret[field.field_name] = field.to_representation(attribute)
  File "/root/rumah-akrilik/venv/lib/python3.10/site-packages/rest_framework/fields.py", line 1272, in to_representation
    assert not isinstance(value, datetime.datetime), (
AssertionError: Expected a `date`, but got a `datetime`. Refusing to coerce, as this may mean losing timezone information. Use a custom read-only field and deal with timezone issues explicitly.
ERROR 2025-04-27 22:57:39,024 log 2145516 140363323076608 Internal Server Error: /api/order/
Traceback (most recent call last):
  File "/root/rumah-akrilik/venv/lib/python3.10/site-packages/django/db/backends/utils.py", line 89, in _execute
    return self.cursor.execute(sql, params)
psycopg2.errors.UniqueViolation: duplicate key value violates unique constraint "rumah_akrilik_app_order_order_number_key"
DETAIL:  Key (order_number)=(INV-20250427-0001) already exists.


The above exception was the direct cause of the following exception:

Traceback (most recent call last):
  File "/root/rumah-akrilik/venv/lib/python3.10/site-packages/django/core/handlers/exception.py", line 55, in inner
    response = get_response(request)
  File "/root/rumah-akrilik/venv/lib/python3.10/site-packages/django/core/handlers/base.py", line 197, in _get_response
    response = wrapped_callback(request, *callback_args, **callback_kwargs)
  File "/root/rumah-akrilik/venv/lib/python3.10/site-packages/django/views/decorators/csrf.py", line 56, in wrapper_view
    return view_func(*args, **kwargs)
  File "/root/rumah-akrilik/venv/lib/python3.10/site-packages/rest_framework/viewsets.py", line 124, in view
    return self.dispatch(request, *args, **kwargs)
  File "/root/rumah-akrilik/venv/lib/python3.10/site-packages/rest_framework/views.py", line 509, in dispatch
    response = self.handle_exception(exc)
  File "/root/rumah-akrilik/venv/lib/python3.10/site-packages/rest_framework/views.py", line 469, in handle_exception
    self.raise_uncaught_exception(exc)
  File "/root/rumah-akrilik/venv/lib/python3.10/site-packages/rest_framework/views.py", line 480, in raise_uncaught_exception
    raise exc
  File "/root/rumah-akrilik/venv/lib/python3.10/site-packages/rest_framework/views.py", line 506, in dispatch
    response = handler(request, *args, **kwargs)
  File "/root/rumah-akrilik/venv/lib/python3.10/site-packages/rest_framework/mixins.py", line 19, in create
    self.perform_create(serializer)
  File "/root/rumah-akrilik/rumah_akrilik_app/views.py", line 318, in perform_create
    serializer.save(sales_person=self.request.user)
  File "/root/rumah-akrilik/venv/lib/python3.10/site-packages/rest_framework/serializers.py", line 208, in save
    self.instance = self.create(validated_data)
  File "/root/rumah-akrilik/venv/lib/python3.10/site-packages/rest_framework/serializers.py", line 989, in create
    instance = ModelClass._default_manager.create(**validated_data)
  File "/root/rumah-akrilik/venv/lib/python3.10/site-packages/django/db/models/manager.py", line 87, in manager_method
    return getattr(self.get_queryset(), name)(*args, **kwargs)
  File "/root/rumah-akrilik/venv/lib/python3.10/site-packages/django/db/models/query.py", line 658, in create
    obj.save(force_insert=True, using=self.db)
  File "/root/rumah-akrilik/rumah_akrilik_app/models.py", line 279, in save
    super().save(*args, **kwargs)
  File "/root/rumah-akrilik/venv/lib/python3.10/site-packages/django/db/models/base.py", line 814, in save
    self.save_base(
  File "/root/rumah-akrilik/venv/lib/python3.10/site-packages/django/db/models/base.py", line 877, in save_base
    updated = self._save_table(
  File "/root/rumah-akrilik/venv/lib/python3.10/site-packages/django/db/models/base.py", line 1020, in _save_table
    results = self._do_insert(
  File "/root/rumah-akrilik/venv/lib/python3.10/site-packages/django/db/models/base.py", line 1061, in _do_insert
    return manager._insert(
  File "/root/rumah-akrilik/venv/lib/python3.10/site-packages/django/db/models/manager.py", line 87, in manager_method
    return getattr(self.get_queryset(), name)(*args, **kwargs)
  File "/root/rumah-akrilik/venv/lib/python3.10/site-packages/django/db/models/query.py", line 1805, in _insert
    return query.get_compiler(using=using).execute_sql(returning_fields)
  File "/root/rumah-akrilik/venv/lib/python3.10/site-packages/django/db/models/sql/compiler.py", line 1822, in execute_sql
    cursor.execute(sql, params)
  File "/root/rumah-akrilik/venv/lib/python3.10/site-packages/django/db/backends/utils.py", line 102, in execute
    return super().execute(sql, params)
  File "/root/rumah-akrilik/venv/lib/python3.10/site-packages/django/db/backends/utils.py", line 67, in execute
    return self._execute_with_wrappers(
  File "/root/rumah-akrilik/venv/lib/python3.10/site-packages/django/db/backends/utils.py", line 80, in _execute_with_wrappers
    return executor(sql, params, many, context)
  File "/root/rumah-akrilik/venv/lib/python3.10/site-packages/django/db/backends/utils.py", line 84, in _execute
    with self.db.wrap_database_errors:
  File "/root/rumah-akrilik/venv/lib/python3.10/site-packages/django/db/utils.py", line 91, in __exit__
    raise dj_exc_value.with_traceback(traceback) from exc_value
  File "/root/rumah-akrilik/venv/lib/python3.10/site-packages/django/db/backends/utils.py", line 89, in _execute
    return self.cursor.execute(sql, params)
django.db.utils.IntegrityError: duplicate key value violates unique constraint "rumah_akrilik_app_order_order_number_key"
DETAIL:  Key (order_number)=(INV-20250427-0001) already exists.

WARNING 2025-04-27 22:58:01,260 log 2145517 140363323076608 Not Found: /api/user/binLookup
ERROR 2025-04-27 23:07:21,577 log 2146290 140102787055616 Internal Server Error: /admin/rumah_akrilik_app/absensi/
Traceback (most recent call last):
  File "/root/rumah-akrilik/venv/lib/python3.10/site-packages/django/db/models/options.py", line 681, in get_field
    return self.fields_map[field_name]
KeyError: 'status'

During handling of the above exception, another exception occurred:

Traceback (most recent call last):
  File "/root/rumah-akrilik/venv/lib/python3.10/site-packages/django/core/handlers/exception.py", line 55, in inner
    response = get_response(request)
  File "/root/rumah-akrilik/venv/lib/python3.10/site-packages/django/core/handlers/base.py", line 197, in _get_response
    response = wrapped_callback(request, *callback_args, **callback_kwargs)
  File "/root/rumah-akrilik/venv/lib/python3.10/site-packages/django/contrib/admin/options.py", line 688, in wrapper
    return self.admin_site.admin_view(view)(*args, **kwargs)
  File "/root/rumah-akrilik/venv/lib/python3.10/site-packages/django/utils/decorators.py", line 134, in _wrapper_view
    response = view_func(request, *args, **kwargs)
  File "/root/rumah-akrilik/venv/lib/python3.10/site-packages/django/views/decorators/cache.py", line 62, in _wrapper_view_func
    response = view_func(request, *args, **kwargs)
  File "/root/rumah-akrilik/venv/lib/python3.10/site-packages/django/contrib/admin/sites.py", line 242, in inner
    return view(request, *args, **kwargs)
  File "/root/rumah-akrilik/venv/lib/python3.10/site-packages/django/utils/decorators.py", line 46, in _wrapper
    return bound_method(*args, **kwargs)
  File "/root/rumah-akrilik/venv/lib/python3.10/site-packages/django/utils/decorators.py", line 134, in _wrapper_view
    response = view_func(request, *args, **kwargs)
  File "/root/rumah-akrilik/venv/lib/python3.10/site-packages/django/contrib/admin/options.py", line 1926, in changelist_view
    cl = self.get_changelist_instance(request)
  File "/root/rumah-akrilik/venv/lib/python3.10/site-packages/django/contrib/admin/options.py", line 836, in get_changelist_instance
    return ChangeList(
  File "/root/rumah-akrilik/venv/lib/python3.10/site-packages/django/contrib/admin/views/main.py", line 122, in __init__
    self.queryset = self.get_queryset(request)
  File "/root/rumah-akrilik/venv/lib/python3.10/site-packages/django/contrib/admin/views/main.py", line 503, in get_queryset
    ) = self.get_filters(request)
  File "/root/rumah-akrilik/venv/lib/python3.10/site-packages/django/contrib/admin/views/main.py", line 180, in get_filters
    field = get_fields_from_path(self.model, field_path)[-1]
  File "/root/rumah-akrilik/venv/lib/python3.10/site-packages/django/contrib/admin/utils.py", line 517, in get_fields_from_path
    fields.append(parent._meta.get_field(piece))
  File "/root/rumah-akrilik/venv/lib/python3.10/site-packages/django/db/models/options.py", line 683, in get_field
    raise FieldDoesNotExist(
django.core.exceptions.FieldDoesNotExist: Absensi has no field named 'status'
ERROR 2025-04-27 23:07:49,296 log 2146291 140102787055616 Internal Server Error: /api/order/
Traceback (most recent call last):
  File "/root/rumah-akrilik/venv/lib/python3.10/site-packages/django/core/handlers/exception.py", line 55, in inner
    response = get_response(request)
  File "/root/rumah-akrilik/venv/lib/python3.10/site-packages/django/core/handlers/base.py", line 197, in _get_response
    response = wrapped_callback(request, *callback_args, **callback_kwargs)
  File "/root/rumah-akrilik/venv/lib/python3.10/site-packages/django/views/decorators/csrf.py", line 56, in wrapper_view
    return view_func(*args, **kwargs)
  File "/root/rumah-akrilik/venv/lib/python3.10/site-packages/rest_framework/viewsets.py", line 124, in view
    return self.dispatch(request, *args, **kwargs)
  File "/root/rumah-akrilik/venv/lib/python3.10/site-packages/rest_framework/views.py", line 509, in dispatch
    response = self.handle_exception(exc)
  File "/root/rumah-akrilik/venv/lib/python3.10/site-packages/rest_framework/views.py", line 469, in handle_exception
    self.raise_uncaught_exception(exc)
  File "/root/rumah-akrilik/venv/lib/python3.10/site-packages/rest_framework/views.py", line 480, in raise_uncaught_exception
    raise exc
  File "/root/rumah-akrilik/venv/lib/python3.10/site-packages/rest_framework/views.py", line 506, in dispatch
    response = handler(request, *args, **kwargs)
  File "/root/rumah-akrilik/venv/lib/python3.10/site-packages/rest_framework/mixins.py", line 20, in create
    headers = self.get_success_headers(serializer.data)
  File "/root/rumah-akrilik/venv/lib/python3.10/site-packages/rest_framework/serializers.py", line 571, in data
    ret = super().data
  File "/root/rumah-akrilik/venv/lib/python3.10/site-packages/rest_framework/serializers.py", line 249, in data
    self._data = self.to_representation(self.instance)
  File "/root/rumah-akrilik/venv/lib/python3.10/site-packages/rest_framework/serializers.py", line 538, in to_representation
    ret[field.field_name] = field.to_representation(attribute)
  File "/root/rumah-akrilik/venv/lib/python3.10/site-packages/rest_framework/fields.py", line 1272, in to_representation
    assert not isinstance(value, datetime.datetime), (
AssertionError: Expected a `date`, but got a `datetime`. Refusing to coerce, as this may mean losing timezone information. Use a custom read-only field and deal with timezone issues explicitly.
ERROR 2025-04-27 23:08:15,127 log 2146289 140102787055616 Internal Server Error: /api/order/
Traceback (most recent call last):
  File "/root/rumah-akrilik/venv/lib/python3.10/site-packages/django/core/handlers/exception.py", line 55, in inner
    response = get_response(request)
  File "/root/rumah-akrilik/venv/lib/python3.10/site-packages/django/core/handlers/base.py", line 197, in _get_response
    response = wrapped_callback(request, *callback_args, **callback_kwargs)
  File "/root/rumah-akrilik/venv/lib/python3.10/site-packages/django/views/decorators/csrf.py", line 56, in wrapper_view
    return view_func(*args, **kwargs)
  File "/root/rumah-akrilik/venv/lib/python3.10/site-packages/rest_framework/viewsets.py", line 124, in view
    return self.dispatch(request, *args, **kwargs)
  File "/root/rumah-akrilik/venv/lib/python3.10/site-packages/rest_framework/views.py", line 509, in dispatch
    response = self.handle_exception(exc)
  File "/root/rumah-akrilik/venv/lib/python3.10/site-packages/rest_framework/views.py", line 469, in handle_exception
    self.raise_uncaught_exception(exc)
  File "/root/rumah-akrilik/venv/lib/python3.10/site-packages/rest_framework/views.py", line 480, in raise_uncaught_exception
    raise exc
  File "/root/rumah-akrilik/venv/lib/python3.10/site-packages/rest_framework/views.py", line 506, in dispatch
    response = handler(request, *args, **kwargs)
  File "/root/rumah-akrilik/venv/lib/python3.10/site-packages/rest_framework/mixins.py", line 20, in create
    headers = self.get_success_headers(serializer.data)
  File "/root/rumah-akrilik/venv/lib/python3.10/site-packages/rest_framework/serializers.py", line 571, in data
    ret = super().data
  File "/root/rumah-akrilik/venv/lib/python3.10/site-packages/rest_framework/serializers.py", line 249, in data
    self._data = self.to_representation(self.instance)
  File "/root/rumah-akrilik/venv/lib/python3.10/site-packages/rest_framework/serializers.py", line 538, in to_representation
    ret[field.field_name] = field.to_representation(attribute)
  File "/root/rumah-akrilik/venv/lib/python3.10/site-packages/rest_framework/fields.py", line 1272, in to_representation
    assert not isinstance(value, datetime.datetime), (
AssertionError: Expected a `date`, but got a `datetime`. Refusing to coerce, as this may mean losing timezone information. Use a custom read-only field and deal with timezone issues explicitly.
ERROR 2025-04-27 23:28:21,351 log 2146289 140102787055616 Internal Server Error: /api/order/
Traceback (most recent call last):
  File "/root/rumah-akrilik/venv/lib/python3.10/site-packages/django/core/handlers/exception.py", line 55, in inner
    response = get_response(request)
  File "/root/rumah-akrilik/venv/lib/python3.10/site-packages/django/core/handlers/base.py", line 197, in _get_response
    response = wrapped_callback(request, *callback_args, **callback_kwargs)
  File "/root/rumah-akrilik/venv/lib/python3.10/site-packages/django/views/decorators/csrf.py", line 56, in wrapper_view
    return view_func(*args, **kwargs)
  File "/root/rumah-akrilik/venv/lib/python3.10/site-packages/rest_framework/viewsets.py", line 124, in view
    return self.dispatch(request, *args, **kwargs)
  File "/root/rumah-akrilik/venv/lib/python3.10/site-packages/rest_framework/views.py", line 509, in dispatch
    response = self.handle_exception(exc)
  File "/root/rumah-akrilik/venv/lib/python3.10/site-packages/rest_framework/views.py", line 469, in handle_exception
    self.raise_uncaught_exception(exc)
  File "/root/rumah-akrilik/venv/lib/python3.10/site-packages/rest_framework/views.py", line 480, in raise_uncaught_exception
    raise exc
  File "/root/rumah-akrilik/venv/lib/python3.10/site-packages/rest_framework/views.py", line 506, in dispatch
    response = handler(request, *args, **kwargs)
  File "/root/rumah-akrilik/venv/lib/python3.10/site-packages/rest_framework/mixins.py", line 20, in create
    headers = self.get_success_headers(serializer.data)
  File "/root/rumah-akrilik/venv/lib/python3.10/site-packages/rest_framework/serializers.py", line 571, in data
    ret = super().data
  File "/root/rumah-akrilik/venv/lib/python3.10/site-packages/rest_framework/serializers.py", line 249, in data
    self._data = self.to_representation(self.instance)
  File "/root/rumah-akrilik/venv/lib/python3.10/site-packages/rest_framework/serializers.py", line 538, in to_representation
    ret[field.field_name] = field.to_representation(attribute)
  File "/root/rumah-akrilik/venv/lib/python3.10/site-packages/rest_framework/fields.py", line 1272, in to_representation
    assert not isinstance(value, datetime.datetime), (
AssertionError: Expected a `date`, but got a `datetime`. Refusing to coerce, as this may mean losing timezone information. Use a custom read-only field and deal with timezone issues explicitly.
ERROR 2025-04-27 23:29:43,237 log 2146292 140102787055616 Internal Server Error: /api/order/
Traceback (most recent call last):
  File "/root/rumah-akrilik/venv/lib/python3.10/site-packages/django/core/handlers/exception.py", line 55, in inner
    response = get_response(request)
  File "/root/rumah-akrilik/venv/lib/python3.10/site-packages/django/core/handlers/base.py", line 197, in _get_response
    response = wrapped_callback(request, *callback_args, **callback_kwargs)
  File "/root/rumah-akrilik/venv/lib/python3.10/site-packages/django/views/decorators/csrf.py", line 56, in wrapper_view
    return view_func(*args, **kwargs)
  File "/root/rumah-akrilik/venv/lib/python3.10/site-packages/rest_framework/viewsets.py", line 124, in view
    return self.dispatch(request, *args, **kwargs)
  File "/root/rumah-akrilik/venv/lib/python3.10/site-packages/rest_framework/views.py", line 509, in dispatch
    response = self.handle_exception(exc)
  File "/root/rumah-akrilik/venv/lib/python3.10/site-packages/rest_framework/views.py", line 469, in handle_exception
    self.raise_uncaught_exception(exc)
  File "/root/rumah-akrilik/venv/lib/python3.10/site-packages/rest_framework/views.py", line 480, in raise_uncaught_exception
    raise exc
  File "/root/rumah-akrilik/venv/lib/python3.10/site-packages/rest_framework/views.py", line 506, in dispatch
    response = handler(request, *args, **kwargs)
  File "/root/rumah-akrilik/venv/lib/python3.10/site-packages/rest_framework/mixins.py", line 20, in create
    headers = self.get_success_headers(serializer.data)
  File "/root/rumah-akrilik/venv/lib/python3.10/site-packages/rest_framework/serializers.py", line 571, in data
    ret = super().data
  File "/root/rumah-akrilik/venv/lib/python3.10/site-packages/rest_framework/serializers.py", line 249, in data
    self._data = self.to_representation(self.instance)
  File "/root/rumah-akrilik/venv/lib/python3.10/site-packages/rest_framework/serializers.py", line 538, in to_representation
    ret[field.field_name] = field.to_representation(attribute)
  File "/root/rumah-akrilik/venv/lib/python3.10/site-packages/rest_framework/fields.py", line 1272, in to_representation
    assert not isinstance(value, datetime.datetime), (
AssertionError: Expected a `date`, but got a `datetime`. Refusing to coerce, as this may mean losing timezone information. Use a custom read-only field and deal with timezone issues explicitly.
WARNING 2025-04-28 00:59:22,562 log 2146293 140102787055616 Not Found: /api/bin/440393
WARNING 2025-04-28 00:59:23,511 log 2146289 140102787055616 Not Found: /api/user/binLookup
WARNING 2025-04-28 02:25:33,032 log 2146292 140102787055616 Not Found: /api/bin/440393
WARNING 2025-04-28 02:25:38,313 log 2146289 140102787055616 Not Found: /api/user/binLookup
WARNING 2025-04-28 07:26:25,835 log 2146289 140102787055616 Not Found: /api/.env
WARNING 2025-04-28 07:26:47,875 log 2146289 140102787055616 Not Found: /api/.git/config
WARNING 2025-04-28 08:09:15,752 log 2146292 140102787055616 Not Found: /api/bower_componentss/angular-base64-upload/dist/angular-base64-upload.min.js
WARNING 2025-04-28 08:09:16,340 log 2146289 140102787055616 Not Found: /api/node_modules/angular-base64-upload/dist/angular-base64-upload.min.js
WARNING 2025-04-28 08:09:18,061 log 2146293 140102787055616 Not Found: /api/lib/angular-base64-upload/dist/angular-base64-upload.min.js
WARNING 2025-04-28 08:09:22,260 log 2146293 140102787055616 Not Found: /api/.env
WARNING 2025-04-28 08:09:27,295 log 2146291 140102787055616 Not Found: /api/documentation
WARNING 2025-04-28 08:09:27,502 log 2146291 140102787055616 Not Found: /api/dokumentasi
WARNING 2025-04-28 08:09:27,904 log 2146290 140102787055616 Unauthorized: /api/
WARNING 2025-04-28 08:09:28,315 log 2146292 140102787055616 Not Found: /api/dev
WARNING 2025-04-28 08:09:28,523 log 2146292 140102787055616 Not Found: /api/internal
WARNING 2025-04-28 08:09:28,924 log 2146293 140102787055616 Not Found: /api/v1
WARNING 2025-04-28 08:09:29,130 log 2146292 140102787055616 Not Found: /api/v2
WARNING 2025-04-28 08:09:29,720 log 2146289 140102787055616 Not Found: /api/v1/docs
WARNING 2025-04-28 08:09:29,925 log 2146292 140102787055616 Not Found: /api/v2/docs
WARNING 2025-04-28 08:09:30,136 log 2146291 140102787055616 Not Found: /api/doc
WARNING 2025-04-28 08:09:30,342 log 2146289 140102787055616 Not Found: /api/docs
WARNING 2025-04-28 08:13:26,609 log 2146292 140102787055616 Not Found: /api/vendor/phpunit/phpunit/src/Util/PHP/eval-stdin.php
WARNING 2025-04-28 15:44:48,995 log 2146291 140102787055616 Not Found: /api/bin/440393
WARNING 2025-04-28 15:44:49,991 log 2146290 140102787055616 Not Found: /api/user/binLookup
WARNING 2025-04-28 16:11:49,860 log 2146293 140102787055616 Not Found: /api/bin/440393
WARNING 2025-04-28 16:26:10,142 log 2146289 140102787055616 Unauthorized: /api/auth/token/verify/
ERROR 2025-04-28 19:47:15,118 log 2159742 140412642185216 Internal Server Error: /api/order/
Traceback (most recent call last):
  File "/root/rumah-akrilik/venv/lib/python3.10/site-packages/django/core/handlers/exception.py", line 55, in inner
    response = get_response(request)
  File "/root/rumah-akrilik/venv/lib/python3.10/site-packages/django/core/handlers/base.py", line 197, in _get_response
    response = wrapped_callback(request, *callback_args, **callback_kwargs)
  File "/root/rumah-akrilik/venv/lib/python3.10/site-packages/django/views/decorators/csrf.py", line 56, in wrapper_view
    return view_func(*args, **kwargs)
  File "/root/rumah-akrilik/venv/lib/python3.10/site-packages/rest_framework/viewsets.py", line 124, in view
    return self.dispatch(request, *args, **kwargs)
  File "/root/rumah-akrilik/venv/lib/python3.10/site-packages/rest_framework/views.py", line 509, in dispatch
    response = self.handle_exception(exc)
  File "/root/rumah-akrilik/venv/lib/python3.10/site-packages/rest_framework/views.py", line 469, in handle_exception
    self.raise_uncaught_exception(exc)
  File "/root/rumah-akrilik/venv/lib/python3.10/site-packages/rest_framework/views.py", line 480, in raise_uncaught_exception
    raise exc
  File "/root/rumah-akrilik/venv/lib/python3.10/site-packages/rest_framework/views.py", line 497, in dispatch
    self.initial(request, *args, **kwargs)
  File "/root/rumah-akrilik/venv/lib/python3.10/site-packages/rest_framework/views.py", line 415, in initial
    self.check_permissions(request)
  File "/root/rumah-akrilik/venv/lib/python3.10/site-packages/rest_framework/views.py", line 331, in check_permissions
    for permission in self.get_permissions():
  File "/root/rumah-akrilik/rumah_akrilik_app/views.py", line 284, in get_permissions
    return [IsMarketingUser() | IsAdminUser() | IsOwner() | IsGeneralManager()]
TypeError: unsupported operand type(s) for |: 'IsMarketingUser' and 'IsAdminUser'
WARNING 2025-04-28 19:51:03,565 log 2159841 140198805487616 Forbidden: /api/order-status/
WARNING 2025-04-28 19:51:03,605 log 2159841 140198805487616 Forbidden: /api/produksi/
WARNING 2025-04-28 19:51:03,638 log 2159845 140198805487616 Forbidden: /api/customers/
WARNING 2025-04-28 19:51:12,179 log 2159841 140198805487616 Forbidden: /api/customers/
WARNING 2025-04-28 19:51:12,200 log 2159843 140198805487616 Forbidden: /api/produksi/
WARNING 2025-04-28 19:51:12,213 log 2159841 140198805487616 Forbidden: /api/order-status/
WARNING 2025-04-28 19:51:13,324 log 2159841 140198805487616 Forbidden: /api/customers/
WARNING 2025-04-28 19:51:13,363 log 2159842 140198805487616 Forbidden: /api/produksi/
WARNING 2025-04-28 19:51:13,397 log 2159843 140198805487616 Forbidden: /api/order-status/
WARNING 2025-04-28 19:51:17,921 log 2159844 140198805487616 Forbidden: /api/customers/
WARNING 2025-04-28 19:51:17,951 log 2159844 140198805487616 Forbidden: /api/produksi/
WARNING 2025-04-28 19:51:17,979 log 2159844 140198805487616 Forbidden: /api/order-status/
WARNING 2025-04-28 19:51:26,740 log 2159842 140198805487616 Forbidden: /api/customers/
WARNING 2025-04-28 19:51:26,747 log 2159841 140198805487616 Forbidden: /api/order-status/
WARNING 2025-04-28 19:51:26,794 log 2159841 140198805487616 Forbidden: /api/produksi/
WARNING 2025-04-28 19:58:43,198 log 2159981 140321641820160 Forbidden: /api/order-status/
WARNING 2025-04-28 19:58:44,364 log 2159979 140321641820160 Forbidden: /api/order-status/
WARNING 2025-04-28 19:58:45,646 log 2159983 140321641820160 Forbidden: /api/order-status/
WARNING 2025-04-28 19:58:47,806 log 2159982 140321641820160 Forbidden: /api/order-status/
WARNING 2025-04-28 20:00:16,497 log 2159983 140321641820160 Forbidden: /api/order-status/
WARNING 2025-04-28 20:08:01,061 log 2160464 139695227813888 Not Found: /api/.config.php
ERROR 2025-04-28 20:12:15,441 log 2160605 140099234295808 Internal Server Error: /api/order/
Traceback (most recent call last):
  File "/root/rumah-akrilik/venv/lib/python3.10/site-packages/django/core/handlers/exception.py", line 55, in inner
    response = get_response(request)
  File "/root/rumah-akrilik/venv/lib/python3.10/site-packages/django/core/handlers/base.py", line 197, in _get_response
    response = wrapped_callback(request, *callback_args, **callback_kwargs)
  File "/root/rumah-akrilik/venv/lib/python3.10/site-packages/django/views/decorators/csrf.py", line 56, in wrapper_view
    return view_func(*args, **kwargs)
  File "/root/rumah-akrilik/venv/lib/python3.10/site-packages/rest_framework/viewsets.py", line 124, in view
    return self.dispatch(request, *args, **kwargs)
  File "/root/rumah-akrilik/venv/lib/python3.10/site-packages/rest_framework/views.py", line 509, in dispatch
    response = self.handle_exception(exc)
  File "/root/rumah-akrilik/venv/lib/python3.10/site-packages/rest_framework/views.py", line 469, in handle_exception
    self.raise_uncaught_exception(exc)
  File "/root/rumah-akrilik/venv/lib/python3.10/site-packages/rest_framework/views.py", line 480, in raise_uncaught_exception
    raise exc
  File "/root/rumah-akrilik/venv/lib/python3.10/site-packages/rest_framework/views.py", line 497, in dispatch
    self.initial(request, *args, **kwargs)
  File "/root/rumah-akrilik/venv/lib/python3.10/site-packages/rest_framework/views.py", line 415, in initial
    self.check_permissions(request)
  File "/root/rumah-akrilik/venv/lib/python3.10/site-packages/rest_framework/views.py", line 331, in check_permissions
    for permission in self.get_permissions():
  File "/root/rumah-akrilik/rumah_akrilik_app/views.py", line 230, in get_permissions
    return [permission() for permission in permission_classes]
  File "/root/rumah-akrilik/rumah_akrilik_app/views.py", line 230, in <listcomp>
    return [permission() for permission in permission_classes]
TypeError: 'IsMarketingUser' object is not callable
ERROR 2025-04-28 20:36:20,133 log 2161298 140363801612288 Internal Server Error: /api/order/
Traceback (most recent call last):
  File "/root/rumah-akrilik/venv/lib/python3.10/site-packages/django/core/handlers/exception.py", line 55, in inner
    response = get_response(request)
  File "/root/rumah-akrilik/venv/lib/python3.10/site-packages/django/core/handlers/base.py", line 197, in _get_response
    response = wrapped_callback(request, *callback_args, **callback_kwargs)
  File "/root/rumah-akrilik/venv/lib/python3.10/site-packages/django/views/decorators/csrf.py", line 56, in wrapper_view
    return view_func(*args, **kwargs)
  File "/root/rumah-akrilik/venv/lib/python3.10/site-packages/rest_framework/viewsets.py", line 124, in view
    return self.dispatch(request, *args, **kwargs)
  File "/root/rumah-akrilik/venv/lib/python3.10/site-packages/rest_framework/views.py", line 509, in dispatch
    response = self.handle_exception(exc)
  File "/root/rumah-akrilik/venv/lib/python3.10/site-packages/rest_framework/views.py", line 469, in handle_exception
    self.raise_uncaught_exception(exc)
  File "/root/rumah-akrilik/venv/lib/python3.10/site-packages/rest_framework/views.py", line 480, in raise_uncaught_exception
    raise exc
  File "/root/rumah-akrilik/venv/lib/python3.10/site-packages/rest_framework/views.py", line 497, in dispatch
    self.initial(request, *args, **kwargs)
  File "/root/rumah-akrilik/venv/lib/python3.10/site-packages/rest_framework/views.py", line 415, in initial
    self.check_permissions(request)
  File "/root/rumah-akrilik/venv/lib/python3.10/site-packages/rest_framework/views.py", line 331, in check_permissions
    for permission in self.get_permissions():
  File "/root/rumah-akrilik/rumah_akrilik_app/views.py", line 230, in get_permissions
    return [permission() for permission in permission_classes]
  File "/root/rumah-akrilik/rumah_akrilik_app/views.py", line 230, in <listcomp>
    return [permission() for permission in permission_classes]
TypeError: 'IsMarketingUser' object is not callable
ERROR 2025-04-28 20:40:48,494 log 2161425 140033164365824 Internal Server Error: /api/order/
Traceback (most recent call last):
  File "/root/rumah-akrilik/venv/lib/python3.10/site-packages/django/core/handlers/exception.py", line 55, in inner
    response = get_response(request)
  File "/root/rumah-akrilik/venv/lib/python3.10/site-packages/django/core/handlers/base.py", line 197, in _get_response
    response = wrapped_callback(request, *callback_args, **callback_kwargs)
  File "/root/rumah-akrilik/venv/lib/python3.10/site-packages/django/views/decorators/csrf.py", line 56, in wrapper_view
    return view_func(*args, **kwargs)
  File "/root/rumah-akrilik/venv/lib/python3.10/site-packages/rest_framework/viewsets.py", line 124, in view
    return self.dispatch(request, *args, **kwargs)
  File "/root/rumah-akrilik/venv/lib/python3.10/site-packages/rest_framework/views.py", line 509, in dispatch
    response = self.handle_exception(exc)
  File "/root/rumah-akrilik/venv/lib/python3.10/site-packages/rest_framework/views.py", line 469, in handle_exception
    self.raise_uncaught_exception(exc)
  File "/root/rumah-akrilik/venv/lib/python3.10/site-packages/rest_framework/views.py", line 480, in raise_uncaught_exception
    raise exc
  File "/root/rumah-akrilik/venv/lib/python3.10/site-packages/rest_framework/views.py", line 497, in dispatch
    self.initial(request, *args, **kwargs)
  File "/root/rumah-akrilik/venv/lib/python3.10/site-packages/rest_framework/views.py", line 415, in initial
    self.check_permissions(request)
  File "/root/rumah-akrilik/venv/lib/python3.10/site-packages/rest_framework/views.py", line 331, in check_permissions
    for permission in self.get_permissions():
  File "/root/rumah-akrilik/rumah_akrilik_app/views.py", line 230, in get_permissions
    return [permission() for permission in permission_classes]
  File "/root/rumah-akrilik/rumah_akrilik_app/views.py", line 230, in <listcomp>
    return [permission() for permission in permission_classes]
TypeError: 'IsMarketingUser' object is not callable
ERROR 2025-04-28 22:06:20,825 log 2162787 139916847493120 Internal Server Error: /api/customers/
Traceback (most recent call last):
  File "/root/rumah-akrilik/venv/lib/python3.10/site-packages/django/db/backends/utils.py", line 89, in _execute
    return self.cursor.execute(sql, params)
psycopg2.errors.UndefinedColumn: column rumah_akrilik_app_customeraddress.street does not exist
LINE 1: ...umah_akrilik_app_customeraddress"."address_type", "rumah_akr...
                                                             ^


The above exception was the direct cause of the following exception:

Traceback (most recent call last):
  File "/root/rumah-akrilik/venv/lib/python3.10/site-packages/django/core/handlers/exception.py", line 55, in inner
    response = get_response(request)
  File "/root/rumah-akrilik/venv/lib/python3.10/site-packages/django/core/handlers/base.py", line 197, in _get_response
    response = wrapped_callback(request, *callback_args, **callback_kwargs)
  File "/root/rumah-akrilik/venv/lib/python3.10/site-packages/django/views/decorators/csrf.py", line 56, in wrapper_view
    return view_func(*args, **kwargs)
  File "/root/rumah-akrilik/venv/lib/python3.10/site-packages/rest_framework/viewsets.py", line 124, in view
    return self.dispatch(request, *args, **kwargs)
  File "/root/rumah-akrilik/venv/lib/python3.10/site-packages/rest_framework/views.py", line 509, in dispatch
    response = self.handle_exception(exc)
  File "/root/rumah-akrilik/venv/lib/python3.10/site-packages/rest_framework/views.py", line 469, in handle_exception
    self.raise_uncaught_exception(exc)
  File "/root/rumah-akrilik/venv/lib/python3.10/site-packages/rest_framework/views.py", line 480, in raise_uncaught_exception
    raise exc
  File "/root/rumah-akrilik/venv/lib/python3.10/site-packages/rest_framework/views.py", line 506, in dispatch
    response = handler(request, *args, **kwargs)
  File "/root/rumah-akrilik/venv/lib/python3.10/site-packages/rest_framework/mixins.py", line 43, in list
    return self.get_paginated_response(serializer.data)
  File "/root/rumah-akrilik/venv/lib/python3.10/site-packages/rest_framework/serializers.py", line 795, in data
    ret = super().data
  File "/root/rumah-akrilik/venv/lib/python3.10/site-packages/rest_framework/serializers.py", line 249, in data
    self._data = self.to_representation(self.instance)
  File "/root/rumah-akrilik/venv/lib/python3.10/site-packages/rest_framework/serializers.py", line 713, in to_representation
    return [
  File "/root/rumah-akrilik/venv/lib/python3.10/site-packages/rest_framework/serializers.py", line 714, in <listcomp>
    self.child.to_representation(item) for item in iterable
  File "/root/rumah-akrilik/venv/lib/python3.10/site-packages/rest_framework/serializers.py", line 538, in to_representation
    ret[field.field_name] = field.to_representation(attribute)
  File "/root/rumah-akrilik/venv/lib/python3.10/site-packages/rest_framework/serializers.py", line 713, in to_representation
    return [
  File "/root/rumah-akrilik/venv/lib/python3.10/site-packages/django/db/models/query.py", line 398, in __iter__
    self._fetch_all()
  File "/root/rumah-akrilik/venv/lib/python3.10/site-packages/django/db/models/query.py", line 1881, in _fetch_all
    self._result_cache = list(self._iterable_class(self))
  File "/root/rumah-akrilik/venv/lib/python3.10/site-packages/django/db/models/query.py", line 91, in __iter__
    results = compiler.execute_sql(
  File "/root/rumah-akrilik/venv/lib/python3.10/site-packages/django/db/models/sql/compiler.py", line 1562, in execute_sql
    cursor.execute(sql, params)
  File "/root/rumah-akrilik/venv/lib/python3.10/site-packages/django/db/backends/utils.py", line 102, in execute
    return super().execute(sql, params)
  File "/root/rumah-akrilik/venv/lib/python3.10/site-packages/django/db/backends/utils.py", line 67, in execute
    return self._execute_with_wrappers(
  File "/root/rumah-akrilik/venv/lib/python3.10/site-packages/django/db/backends/utils.py", line 80, in _execute_with_wrappers
    return executor(sql, params, many, context)
  File "/root/rumah-akrilik/venv/lib/python3.10/site-packages/django/db/backends/utils.py", line 84, in _execute
    with self.db.wrap_database_errors:
  File "/root/rumah-akrilik/venv/lib/python3.10/site-packages/django/db/utils.py", line 91, in __exit__
    raise dj_exc_value.with_traceback(traceback) from exc_value
  File "/root/rumah-akrilik/venv/lib/python3.10/site-packages/django/db/backends/utils.py", line 89, in _execute
    return self.cursor.execute(sql, params)
django.db.utils.ProgrammingError: column rumah_akrilik_app_customeraddress.street does not exist
LINE 1: ...umah_akrilik_app_customeraddress"."address_type", "rumah_akr...
                                                             ^

ERROR 2025-04-28 22:06:20,926 log 2162783 139916847493120 Internal Server Error: /api/order/
Traceback (most recent call last):
  File "/root/rumah-akrilik/venv/lib/python3.10/site-packages/django/db/backends/utils.py", line 89, in _execute
    return self.cursor.execute(sql, params)
psycopg2.errors.UndefinedColumn: column rumah_akrilik_app_orderitem.nama_produk does not exist
LINE 1: ..._id", "rumah_akrilik_app_orderitem"."product_id", "rumah_akr...
                                                             ^


The above exception was the direct cause of the following exception:

Traceback (most recent call last):
  File "/root/rumah-akrilik/venv/lib/python3.10/site-packages/django/core/handlers/exception.py", line 55, in inner
    response = get_response(request)
  File "/root/rumah-akrilik/venv/lib/python3.10/site-packages/django/core/handlers/base.py", line 197, in _get_response
    response = wrapped_callback(request, *callback_args, **callback_kwargs)
  File "/root/rumah-akrilik/venv/lib/python3.10/site-packages/django/views/decorators/csrf.py", line 56, in wrapper_view
    return view_func(*args, **kwargs)
  File "/root/rumah-akrilik/venv/lib/python3.10/site-packages/rest_framework/viewsets.py", line 124, in view
    return self.dispatch(request, *args, **kwargs)
  File "/root/rumah-akrilik/venv/lib/python3.10/site-packages/rest_framework/views.py", line 509, in dispatch
    response = self.handle_exception(exc)
  File "/root/rumah-akrilik/venv/lib/python3.10/site-packages/rest_framework/views.py", line 469, in handle_exception
    self.raise_uncaught_exception(exc)
  File "/root/rumah-akrilik/venv/lib/python3.10/site-packages/rest_framework/views.py", line 480, in raise_uncaught_exception
    raise exc
  File "/root/rumah-akrilik/venv/lib/python3.10/site-packages/rest_framework/views.py", line 506, in dispatch
    response = handler(request, *args, **kwargs)
  File "/root/rumah-akrilik/venv/lib/python3.10/site-packages/rest_framework/mixins.py", line 40, in list
    page = self.paginate_queryset(queryset)
  File "/root/rumah-akrilik/venv/lib/python3.10/site-packages/rest_framework/generics.py", line 175, in paginate_queryset
    return self.paginator.paginate_queryset(queryset, self.request, view=self)
  File "/root/rumah-akrilik/venv/lib/python3.10/site-packages/rest_framework/pagination.py", line 222, in paginate_queryset
    return list(self.page)
  File "/root/rumah-akrilik/venv/lib/python3.10/site-packages/django/core/paginator.py", line 174, in __len__
    return len(self.object_list)
  File "/root/rumah-akrilik/venv/lib/python3.10/site-packages/django/db/models/query.py", line 380, in __len__
    self._fetch_all()
  File "/root/rumah-akrilik/venv/lib/python3.10/site-packages/django/db/models/query.py", line 1883, in _fetch_all
    self._prefetch_related_objects()
  File "/root/rumah-akrilik/venv/lib/python3.10/site-packages/django/db/models/query.py", line 1273, in _prefetch_related_objects
    prefetch_related_objects(self._result_cache, *self._prefetch_related_lookups)
  File "/root/rumah-akrilik/venv/lib/python3.10/site-packages/django/db/models/query.py", line 2321, in prefetch_related_objects
    obj_list, additional_lookups = prefetch_one_level(
  File "/root/rumah-akrilik/venv/lib/python3.10/site-packages/django/db/models/query.py", line 2463, in prefetch_one_level
    ) = prefetcher.get_prefetch_queryset(instances, lookup.get_current_queryset(level))
  File "/root/rumah-akrilik/venv/lib/python3.10/site-packages/django/db/models/fields/related_descriptors.py", line 744, in get_prefetch_queryset
    for rel_obj in queryset:
  File "/root/rumah-akrilik/venv/lib/python3.10/site-packages/django/db/models/query.py", line 398, in __iter__
    self._fetch_all()
  File "/root/rumah-akrilik/venv/lib/python3.10/site-packages/django/db/models/query.py", line 1881, in _fetch_all
    self._result_cache = list(self._iterable_class(self))
  File "/root/rumah-akrilik/venv/lib/python3.10/site-packages/django/db/models/query.py", line 91, in __iter__
    results = compiler.execute_sql(
  File "/root/rumah-akrilik/venv/lib/python3.10/site-packages/django/db/models/sql/compiler.py", line 1562, in execute_sql
    cursor.execute(sql, params)
  File "/root/rumah-akrilik/venv/lib/python3.10/site-packages/django/db/backends/utils.py", line 102, in execute
    return super().execute(sql, params)
  File "/root/rumah-akrilik/venv/lib/python3.10/site-packages/django/db/backends/utils.py", line 67, in execute
    return self._execute_with_wrappers(
  File "/root/rumah-akrilik/venv/lib/python3.10/site-packages/django/db/backends/utils.py", line 80, in _execute_with_wrappers
    return executor(sql, params, many, context)
  File "/root/rumah-akrilik/venv/lib/python3.10/site-packages/django/db/backends/utils.py", line 84, in _execute
    with self.db.wrap_database_errors:
  File "/root/rumah-akrilik/venv/lib/python3.10/site-packages/django/db/utils.py", line 91, in __exit__
    raise dj_exc_value.with_traceback(traceback) from exc_value
  File "/root/rumah-akrilik/venv/lib/python3.10/site-packages/django/db/backends/utils.py", line 89, in _execute
    return self.cursor.execute(sql, params)
django.db.utils.ProgrammingError: column rumah_akrilik_app_orderitem.nama_produk does not exist
LINE 1: ..._id", "rumah_akrilik_app_orderitem"."product_id", "rumah_akr...
                                                             ^

ERROR 2025-04-28 22:06:21,038 log 2162784 139916847493120 Internal Server Error: /api/order/
Traceback (most recent call last):
  File "/root/rumah-akrilik/venv/lib/python3.10/site-packages/django/db/backends/utils.py", line 89, in _execute
    return self.cursor.execute(sql, params)
psycopg2.errors.UndefinedColumn: column rumah_akrilik_app_orderitem.nama_produk does not exist
LINE 1: ..._id", "rumah_akrilik_app_orderitem"."product_id", "rumah_akr...
                                                             ^


The above exception was the direct cause of the following exception:

Traceback (most recent call last):
  File "/root/rumah-akrilik/venv/lib/python3.10/site-packages/django/core/handlers/exception.py", line 55, in inner
    response = get_response(request)
  File "/root/rumah-akrilik/venv/lib/python3.10/site-packages/django/core/handlers/base.py", line 197, in _get_response
    response = wrapped_callback(request, *callback_args, **callback_kwargs)
  File "/root/rumah-akrilik/venv/lib/python3.10/site-packages/django/views/decorators/csrf.py", line 56, in wrapper_view
    return view_func(*args, **kwargs)
  File "/root/rumah-akrilik/venv/lib/python3.10/site-packages/rest_framework/viewsets.py", line 124, in view
    return self.dispatch(request, *args, **kwargs)
  File "/root/rumah-akrilik/venv/lib/python3.10/site-packages/rest_framework/views.py", line 509, in dispatch
    response = self.handle_exception(exc)
  File "/root/rumah-akrilik/venv/lib/python3.10/site-packages/rest_framework/views.py", line 469, in handle_exception
    self.raise_uncaught_exception(exc)
  File "/root/rumah-akrilik/venv/lib/python3.10/site-packages/rest_framework/views.py", line 480, in raise_uncaught_exception
    raise exc
  File "/root/rumah-akrilik/venv/lib/python3.10/site-packages/rest_framework/views.py", line 506, in dispatch
    response = handler(request, *args, **kwargs)
  File "/root/rumah-akrilik/venv/lib/python3.10/site-packages/rest_framework/mixins.py", line 40, in list
    page = self.paginate_queryset(queryset)
  File "/root/rumah-akrilik/venv/lib/python3.10/site-packages/rest_framework/generics.py", line 175, in paginate_queryset
    return self.paginator.paginate_queryset(queryset, self.request, view=self)
  File "/root/rumah-akrilik/venv/lib/python3.10/site-packages/rest_framework/pagination.py", line 222, in paginate_queryset
    return list(self.page)
  File "/root/rumah-akrilik/venv/lib/python3.10/site-packages/django/core/paginator.py", line 174, in __len__
    return len(self.object_list)
  File "/root/rumah-akrilik/venv/lib/python3.10/site-packages/django/db/models/query.py", line 380, in __len__
    self._fetch_all()
  File "/root/rumah-akrilik/venv/lib/python3.10/site-packages/django/db/models/query.py", line 1883, in _fetch_all
    self._prefetch_related_objects()
  File "/root/rumah-akrilik/venv/lib/python3.10/site-packages/django/db/models/query.py", line 1273, in _prefetch_related_objects
    prefetch_related_objects(self._result_cache, *self._prefetch_related_lookups)
  File "/root/rumah-akrilik/venv/lib/python3.10/site-packages/django/db/models/query.py", line 2321, in prefetch_related_objects
    obj_list, additional_lookups = prefetch_one_level(
  File "/root/rumah-akrilik/venv/lib/python3.10/site-packages/django/db/models/query.py", line 2463, in prefetch_one_level
    ) = prefetcher.get_prefetch_queryset(instances, lookup.get_current_queryset(level))
  File "/root/rumah-akrilik/venv/lib/python3.10/site-packages/django/db/models/fields/related_descriptors.py", line 744, in get_prefetch_queryset
    for rel_obj in queryset:
  File "/root/rumah-akrilik/venv/lib/python3.10/site-packages/django/db/models/query.py", line 398, in __iter__
    self._fetch_all()
  File "/root/rumah-akrilik/venv/lib/python3.10/site-packages/django/db/models/query.py", line 1881, in _fetch_all
    self._result_cache = list(self._iterable_class(self))
  File "/root/rumah-akrilik/venv/lib/python3.10/site-packages/django/db/models/query.py", line 91, in __iter__
    results = compiler.execute_sql(
  File "/root/rumah-akrilik/venv/lib/python3.10/site-packages/django/db/models/sql/compiler.py", line 1562, in execute_sql
    cursor.execute(sql, params)
  File "/root/rumah-akrilik/venv/lib/python3.10/site-packages/django/db/backends/utils.py", line 102, in execute
    return super().execute(sql, params)
  File "/root/rumah-akrilik/venv/lib/python3.10/site-packages/django/db/backends/utils.py", line 67, in execute
    return self._execute_with_wrappers(
  File "/root/rumah-akrilik/venv/lib/python3.10/site-packages/django/db/backends/utils.py", line 80, in _execute_with_wrappers
    return executor(sql, params, many, context)
  File "/root/rumah-akrilik/venv/lib/python3.10/site-packages/django/db/backends/utils.py", line 84, in _execute
    with self.db.wrap_database_errors:
  File "/root/rumah-akrilik/venv/lib/python3.10/site-packages/django/db/utils.py", line 91, in __exit__
    raise dj_exc_value.with_traceback(traceback) from exc_value
  File "/root/rumah-akrilik/venv/lib/python3.10/site-packages/django/db/backends/utils.py", line 89, in _execute
    return self.cursor.execute(sql, params)
django.db.utils.ProgrammingError: column rumah_akrilik_app_orderitem.nama_produk does not exist
LINE 1: ..._id", "rumah_akrilik_app_orderitem"."product_id", "rumah_akr...
                                                             ^

ERROR 2025-04-28 22:06:21,061 log 2162786 139916847493120 Internal Server Error: /api/order/
Traceback (most recent call last):
  File "/root/rumah-akrilik/venv/lib/python3.10/site-packages/django/db/backends/utils.py", line 89, in _execute
    return self.cursor.execute(sql, params)
psycopg2.errors.UndefinedColumn: column rumah_akrilik_app_orderitem.nama_produk does not exist
LINE 1: ..._id", "rumah_akrilik_app_orderitem"."product_id", "rumah_akr...
                                                             ^


The above exception was the direct cause of the following exception:

Traceback (most recent call last):
  File "/root/rumah-akrilik/venv/lib/python3.10/site-packages/django/core/handlers/exception.py", line 55, in inner
    response = get_response(request)
  File "/root/rumah-akrilik/venv/lib/python3.10/site-packages/django/core/handlers/base.py", line 197, in _get_response
    response = wrapped_callback(request, *callback_args, **callback_kwargs)
  File "/root/rumah-akrilik/venv/lib/python3.10/site-packages/django/views/decorators/csrf.py", line 56, in wrapper_view
    return view_func(*args, **kwargs)
  File "/root/rumah-akrilik/venv/lib/python3.10/site-packages/rest_framework/viewsets.py", line 124, in view
    return self.dispatch(request, *args, **kwargs)
  File "/root/rumah-akrilik/venv/lib/python3.10/site-packages/rest_framework/views.py", line 509, in dispatch
    response = self.handle_exception(exc)
  File "/root/rumah-akrilik/venv/lib/python3.10/site-packages/rest_framework/views.py", line 469, in handle_exception
    self.raise_uncaught_exception(exc)
  File "/root/rumah-akrilik/venv/lib/python3.10/site-packages/rest_framework/views.py", line 480, in raise_uncaught_exception
    raise exc
  File "/root/rumah-akrilik/venv/lib/python3.10/site-packages/rest_framework/views.py", line 506, in dispatch
    response = handler(request, *args, **kwargs)
  File "/root/rumah-akrilik/venv/lib/python3.10/site-packages/rest_framework/mixins.py", line 40, in list
    page = self.paginate_queryset(queryset)
  File "/root/rumah-akrilik/venv/lib/python3.10/site-packages/rest_framework/generics.py", line 175, in paginate_queryset
    return self.paginator.paginate_queryset(queryset, self.request, view=self)
  File "/root/rumah-akrilik/venv/lib/python3.10/site-packages/rest_framework/pagination.py", line 222, in paginate_queryset
    return list(self.page)
  File "/root/rumah-akrilik/venv/lib/python3.10/site-packages/django/core/paginator.py", line 174, in __len__
    return len(self.object_list)
  File "/root/rumah-akrilik/venv/lib/python3.10/site-packages/django/db/models/query.py", line 380, in __len__
    self._fetch_all()
  File "/root/rumah-akrilik/venv/lib/python3.10/site-packages/django/db/models/query.py", line 1883, in _fetch_all
    self._prefetch_related_objects()
  File "/root/rumah-akrilik/venv/lib/python3.10/site-packages/django/db/models/query.py", line 1273, in _prefetch_related_objects
    prefetch_related_objects(self._result_cache, *self._prefetch_related_lookups)
  File "/root/rumah-akrilik/venv/lib/python3.10/site-packages/django/db/models/query.py", line 2321, in prefetch_related_objects
    obj_list, additional_lookups = prefetch_one_level(
  File "/root/rumah-akrilik/venv/lib/python3.10/site-packages/django/db/models/query.py", line 2463, in prefetch_one_level
    ) = prefetcher.get_prefetch_queryset(instances, lookup.get_current_queryset(level))
  File "/root/rumah-akrilik/venv/lib/python3.10/site-packages/django/db/models/fields/related_descriptors.py", line 744, in get_prefetch_queryset
    for rel_obj in queryset:
  File "/root/rumah-akrilik/venv/lib/python3.10/site-packages/django/db/models/query.py", line 398, in __iter__
    self._fetch_all()
  File "/root/rumah-akrilik/venv/lib/python3.10/site-packages/django/db/models/query.py", line 1881, in _fetch_all
    self._result_cache = list(self._iterable_class(self))
  File "/root/rumah-akrilik/venv/lib/python3.10/site-packages/django/db/models/query.py", line 91, in __iter__
    results = compiler.execute_sql(
  File "/root/rumah-akrilik/venv/lib/python3.10/site-packages/django/db/models/sql/compiler.py", line 1562, in execute_sql
    cursor.execute(sql, params)
  File "/root/rumah-akrilik/venv/lib/python3.10/site-packages/django/db/backends/utils.py", line 102, in execute
    return super().execute(sql, params)
  File "/root/rumah-akrilik/venv/lib/python3.10/site-packages/django/db/backends/utils.py", line 67, in execute
    return self._execute_with_wrappers(
  File "/root/rumah-akrilik/venv/lib/python3.10/site-packages/django/db/backends/utils.py", line 80, in _execute_with_wrappers
    return executor(sql, params, many, context)
  File "/root/rumah-akrilik/venv/lib/python3.10/site-packages/django/db/backends/utils.py", line 84, in _execute
    with self.db.wrap_database_errors:
  File "/root/rumah-akrilik/venv/lib/python3.10/site-packages/django/db/utils.py", line 91, in __exit__
    raise dj_exc_value.with_traceback(traceback) from exc_value
  File "/root/rumah-akrilik/venv/lib/python3.10/site-packages/django/db/backends/utils.py", line 89, in _execute
    return self.cursor.execute(sql, params)
django.db.utils.ProgrammingError: column rumah_akrilik_app_orderitem.nama_produk does not exist
LINE 1: ..._id", "rumah_akrilik_app_orderitem"."product_id", "rumah_akr...
                                                             ^

ERROR 2025-04-28 22:06:29,475 log 2162785 139916847493120 Internal Server Error: /api/order/
Traceback (most recent call last):
  File "/root/rumah-akrilik/venv/lib/python3.10/site-packages/django/db/backends/utils.py", line 89, in _execute
    return self.cursor.execute(sql, params)
psycopg2.errors.UndefinedColumn: column rumah_akrilik_app_orderitem.nama_produk does not exist
LINE 1: ..._id", "rumah_akrilik_app_orderitem"."product_id", "rumah_akr...
                                                             ^


The above exception was the direct cause of the following exception:

Traceback (most recent call last):
  File "/root/rumah-akrilik/venv/lib/python3.10/site-packages/django/core/handlers/exception.py", line 55, in inner
    response = get_response(request)
  File "/root/rumah-akrilik/venv/lib/python3.10/site-packages/django/core/handlers/base.py", line 197, in _get_response
    response = wrapped_callback(request, *callback_args, **callback_kwargs)
  File "/root/rumah-akrilik/venv/lib/python3.10/site-packages/django/views/decorators/csrf.py", line 56, in wrapper_view
    return view_func(*args, **kwargs)
  File "/root/rumah-akrilik/venv/lib/python3.10/site-packages/rest_framework/viewsets.py", line 124, in view
    return self.dispatch(request, *args, **kwargs)
  File "/root/rumah-akrilik/venv/lib/python3.10/site-packages/rest_framework/views.py", line 509, in dispatch
    response = self.handle_exception(exc)
  File "/root/rumah-akrilik/venv/lib/python3.10/site-packages/rest_framework/views.py", line 469, in handle_exception
    self.raise_uncaught_exception(exc)
  File "/root/rumah-akrilik/venv/lib/python3.10/site-packages/rest_framework/views.py", line 480, in raise_uncaught_exception
    raise exc
  File "/root/rumah-akrilik/venv/lib/python3.10/site-packages/rest_framework/views.py", line 506, in dispatch
    response = handler(request, *args, **kwargs)
  File "/root/rumah-akrilik/venv/lib/python3.10/site-packages/rest_framework/mixins.py", line 40, in list
    page = self.paginate_queryset(queryset)
  File "/root/rumah-akrilik/venv/lib/python3.10/site-packages/rest_framework/generics.py", line 175, in paginate_queryset
    return self.paginator.paginate_queryset(queryset, self.request, view=self)
  File "/root/rumah-akrilik/venv/lib/python3.10/site-packages/rest_framework/pagination.py", line 222, in paginate_queryset
    return list(self.page)
  File "/root/rumah-akrilik/venv/lib/python3.10/site-packages/django/core/paginator.py", line 174, in __len__
    return len(self.object_list)
  File "/root/rumah-akrilik/venv/lib/python3.10/site-packages/django/db/models/query.py", line 380, in __len__
    self._fetch_all()
  File "/root/rumah-akrilik/venv/lib/python3.10/site-packages/django/db/models/query.py", line 1883, in _fetch_all
    self._prefetch_related_objects()
  File "/root/rumah-akrilik/venv/lib/python3.10/site-packages/django/db/models/query.py", line 1273, in _prefetch_related_objects
    prefetch_related_objects(self._result_cache, *self._prefetch_related_lookups)
  File "/root/rumah-akrilik/venv/lib/python3.10/site-packages/django/db/models/query.py", line 2321, in prefetch_related_objects
    obj_list, additional_lookups = prefetch_one_level(
  File "/root/rumah-akrilik/venv/lib/python3.10/site-packages/django/db/models/query.py", line 2463, in prefetch_one_level
    ) = prefetcher.get_prefetch_queryset(instances, lookup.get_current_queryset(level))
  File "/root/rumah-akrilik/venv/lib/python3.10/site-packages/django/db/models/fields/related_descriptors.py", line 744, in get_prefetch_queryset
    for rel_obj in queryset:
  File "/root/rumah-akrilik/venv/lib/python3.10/site-packages/django/db/models/query.py", line 398, in __iter__
    self._fetch_all()
  File "/root/rumah-akrilik/venv/lib/python3.10/site-packages/django/db/models/query.py", line 1881, in _fetch_all
    self._result_cache = list(self._iterable_class(self))
  File "/root/rumah-akrilik/venv/lib/python3.10/site-packages/django/db/models/query.py", line 91, in __iter__
    results = compiler.execute_sql(
  File "/root/rumah-akrilik/venv/lib/python3.10/site-packages/django/db/models/sql/compiler.py", line 1562, in execute_sql
    cursor.execute(sql, params)
  File "/root/rumah-akrilik/venv/lib/python3.10/site-packages/django/db/backends/utils.py", line 102, in execute
    return super().execute(sql, params)
  File "/root/rumah-akrilik/venv/lib/python3.10/site-packages/django/db/backends/utils.py", line 67, in execute
    return self._execute_with_wrappers(
  File "/root/rumah-akrilik/venv/lib/python3.10/site-packages/django/db/backends/utils.py", line 80, in _execute_with_wrappers
    return executor(sql, params, many, context)
  File "/root/rumah-akrilik/venv/lib/python3.10/site-packages/django/db/backends/utils.py", line 84, in _execute
    with self.db.wrap_database_errors:
  File "/root/rumah-akrilik/venv/lib/python3.10/site-packages/django/db/utils.py", line 91, in __exit__
    raise dj_exc_value.with_traceback(traceback) from exc_value
  File "/root/rumah-akrilik/venv/lib/python3.10/site-packages/django/db/backends/utils.py", line 89, in _execute
    return self.cursor.execute(sql, params)
django.db.utils.ProgrammingError: column rumah_akrilik_app_orderitem.nama_produk does not exist
LINE 1: ..._id", "rumah_akrilik_app_orderitem"."product_id", "rumah_akr...
                                                             ^

ERROR 2025-04-28 22:06:29,502 log 2162786 139916847493120 Internal Server Error: /api/customers/
Traceback (most recent call last):
  File "/root/rumah-akrilik/venv/lib/python3.10/site-packages/django/db/backends/utils.py", line 89, in _execute
    return self.cursor.execute(sql, params)
psycopg2.errors.UndefinedColumn: column rumah_akrilik_app_customeraddress.street does not exist
LINE 1: ...umah_akrilik_app_customeraddress"."address_type", "rumah_akr...
                                                             ^


The above exception was the direct cause of the following exception:

Traceback (most recent call last):
  File "/root/rumah-akrilik/venv/lib/python3.10/site-packages/django/core/handlers/exception.py", line 55, in inner
    response = get_response(request)
  File "/root/rumah-akrilik/venv/lib/python3.10/site-packages/django/core/handlers/base.py", line 197, in _get_response
    response = wrapped_callback(request, *callback_args, **callback_kwargs)
  File "/root/rumah-akrilik/venv/lib/python3.10/site-packages/django/views/decorators/csrf.py", line 56, in wrapper_view
    return view_func(*args, **kwargs)
  File "/root/rumah-akrilik/venv/lib/python3.10/site-packages/rest_framework/viewsets.py", line 124, in view
    return self.dispatch(request, *args, **kwargs)
  File "/root/rumah-akrilik/venv/lib/python3.10/site-packages/rest_framework/views.py", line 509, in dispatch
    response = self.handle_exception(exc)
  File "/root/rumah-akrilik/venv/lib/python3.10/site-packages/rest_framework/views.py", line 469, in handle_exception
    self.raise_uncaught_exception(exc)
  File "/root/rumah-akrilik/venv/lib/python3.10/site-packages/rest_framework/views.py", line 480, in raise_uncaught_exception
    raise exc
  File "/root/rumah-akrilik/venv/lib/python3.10/site-packages/rest_framework/views.py", line 506, in dispatch
    response = handler(request, *args, **kwargs)
  File "/root/rumah-akrilik/venv/lib/python3.10/site-packages/rest_framework/mixins.py", line 43, in list
    return self.get_paginated_response(serializer.data)
  File "/root/rumah-akrilik/venv/lib/python3.10/site-packages/rest_framework/serializers.py", line 795, in data
    ret = super().data
  File "/root/rumah-akrilik/venv/lib/python3.10/site-packages/rest_framework/serializers.py", line 249, in data
    self._data = self.to_representation(self.instance)
  File "/root/rumah-akrilik/venv/lib/python3.10/site-packages/rest_framework/serializers.py", line 713, in to_representation
    return [
  File "/root/rumah-akrilik/venv/lib/python3.10/site-packages/rest_framework/serializers.py", line 714, in <listcomp>
    self.child.to_representation(item) for item in iterable
  File "/root/rumah-akrilik/venv/lib/python3.10/site-packages/rest_framework/serializers.py", line 538, in to_representation
    ret[field.field_name] = field.to_representation(attribute)
  File "/root/rumah-akrilik/venv/lib/python3.10/site-packages/rest_framework/serializers.py", line 713, in to_representation
    return [
  File "/root/rumah-akrilik/venv/lib/python3.10/site-packages/django/db/models/query.py", line 398, in __iter__
    self._fetch_all()
  File "/root/rumah-akrilik/venv/lib/python3.10/site-packages/django/db/models/query.py", line 1881, in _fetch_all
    self._result_cache = list(self._iterable_class(self))
  File "/root/rumah-akrilik/venv/lib/python3.10/site-packages/django/db/models/query.py", line 91, in __iter__
    results = compiler.execute_sql(
  File "/root/rumah-akrilik/venv/lib/python3.10/site-packages/django/db/models/sql/compiler.py", line 1562, in execute_sql
    cursor.execute(sql, params)
  File "/root/rumah-akrilik/venv/lib/python3.10/site-packages/django/db/backends/utils.py", line 102, in execute
    return super().execute(sql, params)
  File "/root/rumah-akrilik/venv/lib/python3.10/site-packages/django/db/backends/utils.py", line 67, in execute
    return self._execute_with_wrappers(
  File "/root/rumah-akrilik/venv/lib/python3.10/site-packages/django/db/backends/utils.py", line 80, in _execute_with_wrappers
    return executor(sql, params, many, context)
  File "/root/rumah-akrilik/venv/lib/python3.10/site-packages/django/db/backends/utils.py", line 84, in _execute
    with self.db.wrap_database_errors:
  File "/root/rumah-akrilik/venv/lib/python3.10/site-packages/django/db/utils.py", line 91, in __exit__
    raise dj_exc_value.with_traceback(traceback) from exc_value
  File "/root/rumah-akrilik/venv/lib/python3.10/site-packages/django/db/backends/utils.py", line 89, in _execute
    return self.cursor.execute(sql, params)
django.db.utils.ProgrammingError: column rumah_akrilik_app_customeraddress.street does not exist
LINE 1: ...umah_akrilik_app_customeraddress"."address_type", "rumah_akr...
                                                             ^

ERROR 2025-04-28 22:06:29,500 log 2162787 139916847493120 Internal Server Error: /api/order/
Traceback (most recent call last):
  File "/root/rumah-akrilik/venv/lib/python3.10/site-packages/django/db/backends/utils.py", line 89, in _execute
    return self.cursor.execute(sql, params)
psycopg2.errors.UndefinedColumn: column rumah_akrilik_app_orderitem.nama_produk does not exist
LINE 1: ..._id", "rumah_akrilik_app_orderitem"."product_id", "rumah_akr...
                                                             ^


The above exception was the direct cause of the following exception:

Traceback (most recent call last):
  File "/root/rumah-akrilik/venv/lib/python3.10/site-packages/django/core/handlers/exception.py", line 55, in inner
    response = get_response(request)
  File "/root/rumah-akrilik/venv/lib/python3.10/site-packages/django/core/handlers/base.py", line 197, in _get_response
    response = wrapped_callback(request, *callback_args, **callback_kwargs)
  File "/root/rumah-akrilik/venv/lib/python3.10/site-packages/django/views/decorators/csrf.py", line 56, in wrapper_view
    return view_func(*args, **kwargs)
  File "/root/rumah-akrilik/venv/lib/python3.10/site-packages/rest_framework/viewsets.py", line 124, in view
    return self.dispatch(request, *args, **kwargs)
  File "/root/rumah-akrilik/venv/lib/python3.10/site-packages/rest_framework/views.py", line 509, in dispatch
    response = self.handle_exception(exc)
  File "/root/rumah-akrilik/venv/lib/python3.10/site-packages/rest_framework/views.py", line 469, in handle_exception
    self.raise_uncaught_exception(exc)
  File "/root/rumah-akrilik/venv/lib/python3.10/site-packages/rest_framework/views.py", line 480, in raise_uncaught_exception
    raise exc
  File "/root/rumah-akrilik/venv/lib/python3.10/site-packages/rest_framework/views.py", line 506, in dispatch
    response = handler(request, *args, **kwargs)
  File "/root/rumah-akrilik/venv/lib/python3.10/site-packages/rest_framework/mixins.py", line 40, in list
    page = self.paginate_queryset(queryset)
  File "/root/rumah-akrilik/venv/lib/python3.10/site-packages/rest_framework/generics.py", line 175, in paginate_queryset
    return self.paginator.paginate_queryset(queryset, self.request, view=self)
  File "/root/rumah-akrilik/venv/lib/python3.10/site-packages/rest_framework/pagination.py", line 222, in paginate_queryset
    return list(self.page)
  File "/root/rumah-akrilik/venv/lib/python3.10/site-packages/django/core/paginator.py", line 174, in __len__
    return len(self.object_list)
  File "/root/rumah-akrilik/venv/lib/python3.10/site-packages/django/db/models/query.py", line 380, in __len__
    self._fetch_all()
  File "/root/rumah-akrilik/venv/lib/python3.10/site-packages/django/db/models/query.py", line 1883, in _fetch_all
    self._prefetch_related_objects()
  File "/root/rumah-akrilik/venv/lib/python3.10/site-packages/django/db/models/query.py", line 1273, in _prefetch_related_objects
    prefetch_related_objects(self._result_cache, *self._prefetch_related_lookups)
  File "/root/rumah-akrilik/venv/lib/python3.10/site-packages/django/db/models/query.py", line 2321, in prefetch_related_objects
    obj_list, additional_lookups = prefetch_one_level(
  File "/root/rumah-akrilik/venv/lib/python3.10/site-packages/django/db/models/query.py", line 2463, in prefetch_one_level
    ) = prefetcher.get_prefetch_queryset(instances, lookup.get_current_queryset(level))
  File "/root/rumah-akrilik/venv/lib/python3.10/site-packages/django/db/models/fields/related_descriptors.py", line 744, in get_prefetch_queryset
    for rel_obj in queryset:
  File "/root/rumah-akrilik/venv/lib/python3.10/site-packages/django/db/models/query.py", line 398, in __iter__
    self._fetch_all()
  File "/root/rumah-akrilik/venv/lib/python3.10/site-packages/django/db/models/query.py", line 1881, in _fetch_all
    self._result_cache = list(self._iterable_class(self))
  File "/root/rumah-akrilik/venv/lib/python3.10/site-packages/django/db/models/query.py", line 91, in __iter__
    results = compiler.execute_sql(
  File "/root/rumah-akrilik/venv/lib/python3.10/site-packages/django/db/models/sql/compiler.py", line 1562, in execute_sql
    cursor.execute(sql, params)
  File "/root/rumah-akrilik/venv/lib/python3.10/site-packages/django/db/backends/utils.py", line 102, in execute
    return super().execute(sql, params)
  File "/root/rumah-akrilik/venv/lib/python3.10/site-packages/django/db/backends/utils.py", line 67, in execute
    return self._execute_with_wrappers(
  File "/root/rumah-akrilik/venv/lib/python3.10/site-packages/django/db/backends/utils.py", line 80, in _execute_with_wrappers
    return executor(sql, params, many, context)
  File "/root/rumah-akrilik/venv/lib/python3.10/site-packages/django/db/backends/utils.py", line 84, in _execute
    with self.db.wrap_database_errors:
  File "/root/rumah-akrilik/venv/lib/python3.10/site-packages/django/db/utils.py", line 91, in __exit__
    raise dj_exc_value.with_traceback(traceback) from exc_value
  File "/root/rumah-akrilik/venv/lib/python3.10/site-packages/django/db/backends/utils.py", line 89, in _execute
    return self.cursor.execute(sql, params)
django.db.utils.ProgrammingError: column rumah_akrilik_app_orderitem.nama_produk does not exist
LINE 1: ..._id", "rumah_akrilik_app_orderitem"."product_id", "rumah_akr...
                                                             ^

ERROR 2025-04-28 22:06:29,577 log 2162784 139916847493120 Internal Server Error: /api/order/
Traceback (most recent call last):
  File "/root/rumah-akrilik/venv/lib/python3.10/site-packages/django/db/backends/utils.py", line 89, in _execute
    return self.cursor.execute(sql, params)
psycopg2.errors.UndefinedColumn: column rumah_akrilik_app_orderitem.nama_produk does not exist
LINE 1: ..._id", "rumah_akrilik_app_orderitem"."product_id", "rumah_akr...
                                                             ^


The above exception was the direct cause of the following exception:

Traceback (most recent call last):
  File "/root/rumah-akrilik/venv/lib/python3.10/site-packages/django/core/handlers/exception.py", line 55, in inner
    response = get_response(request)
  File "/root/rumah-akrilik/venv/lib/python3.10/site-packages/django/core/handlers/base.py", line 197, in _get_response
    response = wrapped_callback(request, *callback_args, **callback_kwargs)
  File "/root/rumah-akrilik/venv/lib/python3.10/site-packages/django/views/decorators/csrf.py", line 56, in wrapper_view
    return view_func(*args, **kwargs)
  File "/root/rumah-akrilik/venv/lib/python3.10/site-packages/rest_framework/viewsets.py", line 124, in view
    return self.dispatch(request, *args, **kwargs)
  File "/root/rumah-akrilik/venv/lib/python3.10/site-packages/rest_framework/views.py", line 509, in dispatch
    response = self.handle_exception(exc)
  File "/root/rumah-akrilik/venv/lib/python3.10/site-packages/rest_framework/views.py", line 469, in handle_exception
    self.raise_uncaught_exception(exc)
  File "/root/rumah-akrilik/venv/lib/python3.10/site-packages/rest_framework/views.py", line 480, in raise_uncaught_exception
    raise exc
  File "/root/rumah-akrilik/venv/lib/python3.10/site-packages/rest_framework/views.py", line 506, in dispatch
    response = handler(request, *args, **kwargs)
  File "/root/rumah-akrilik/venv/lib/python3.10/site-packages/rest_framework/mixins.py", line 40, in list
    page = self.paginate_queryset(queryset)
  File "/root/rumah-akrilik/venv/lib/python3.10/site-packages/rest_framework/generics.py", line 175, in paginate_queryset
    return self.paginator.paginate_queryset(queryset, self.request, view=self)
  File "/root/rumah-akrilik/venv/lib/python3.10/site-packages/rest_framework/pagination.py", line 222, in paginate_queryset
    return list(self.page)
  File "/root/rumah-akrilik/venv/lib/python3.10/site-packages/django/core/paginator.py", line 174, in __len__
    return len(self.object_list)
  File "/root/rumah-akrilik/venv/lib/python3.10/site-packages/django/db/models/query.py", line 380, in __len__
    self._fetch_all()
  File "/root/rumah-akrilik/venv/lib/python3.10/site-packages/django/db/models/query.py", line 1883, in _fetch_all
    self._prefetch_related_objects()
  File "/root/rumah-akrilik/venv/lib/python3.10/site-packages/django/db/models/query.py", line 1273, in _prefetch_related_objects
    prefetch_related_objects(self._result_cache, *self._prefetch_related_lookups)
  File "/root/rumah-akrilik/venv/lib/python3.10/site-packages/django/db/models/query.py", line 2321, in prefetch_related_objects
    obj_list, additional_lookups = prefetch_one_level(
  File "/root/rumah-akrilik/venv/lib/python3.10/site-packages/django/db/models/query.py", line 2463, in prefetch_one_level
    ) = prefetcher.get_prefetch_queryset(instances, lookup.get_current_queryset(level))
  File "/root/rumah-akrilik/venv/lib/python3.10/site-packages/django/db/models/fields/related_descriptors.py", line 744, in get_prefetch_queryset
    for rel_obj in queryset:
  File "/root/rumah-akrilik/venv/lib/python3.10/site-packages/django/db/models/query.py", line 398, in __iter__
    self._fetch_all()
  File "/root/rumah-akrilik/venv/lib/python3.10/site-packages/django/db/models/query.py", line 1881, in _fetch_all
    self._result_cache = list(self._iterable_class(self))
  File "/root/rumah-akrilik/venv/lib/python3.10/site-packages/django/db/models/query.py", line 91, in __iter__
    results = compiler.execute_sql(
  File "/root/rumah-akrilik/venv/lib/python3.10/site-packages/django/db/models/sql/compiler.py", line 1562, in execute_sql
    cursor.execute(sql, params)
  File "/root/rumah-akrilik/venv/lib/python3.10/site-packages/django/db/backends/utils.py", line 102, in execute
    return super().execute(sql, params)
  File "/root/rumah-akrilik/venv/lib/python3.10/site-packages/django/db/backends/utils.py", line 67, in execute
    return self._execute_with_wrappers(
  File "/root/rumah-akrilik/venv/lib/python3.10/site-packages/django/db/backends/utils.py", line 80, in _execute_with_wrappers
    return executor(sql, params, many, context)
  File "/root/rumah-akrilik/venv/lib/python3.10/site-packages/django/db/backends/utils.py", line 84, in _execute
    with self.db.wrap_database_errors:
  File "/root/rumah-akrilik/venv/lib/python3.10/site-packages/django/db/utils.py", line 91, in __exit__
    raise dj_exc_value.with_traceback(traceback) from exc_value
  File "/root/rumah-akrilik/venv/lib/python3.10/site-packages/django/db/backends/utils.py", line 89, in _execute
    return self.cursor.execute(sql, params)
django.db.utils.ProgrammingError: column rumah_akrilik_app_orderitem.nama_produk does not exist
LINE 1: ..._id", "rumah_akrilik_app_orderitem"."product_id", "rumah_akr...
                                                             ^

ERROR 2025-04-28 22:06:36,217 log 2162783 139916847493120 Internal Server Error: /api/order/
Traceback (most recent call last):
  File "/root/rumah-akrilik/venv/lib/python3.10/site-packages/django/db/backends/utils.py", line 89, in _execute
    return self.cursor.execute(sql, params)
psycopg2.errors.UndefinedColumn: column rumah_akrilik_app_orderitem.nama_produk does not exist
LINE 1: ..._id", "rumah_akrilik_app_orderitem"."product_id", "rumah_akr...
                                                             ^


The above exception was the direct cause of the following exception:

Traceback (most recent call last):
  File "/root/rumah-akrilik/venv/lib/python3.10/site-packages/django/core/handlers/exception.py", line 55, in inner
    response = get_response(request)
  File "/root/rumah-akrilik/venv/lib/python3.10/site-packages/django/core/handlers/base.py", line 197, in _get_response
    response = wrapped_callback(request, *callback_args, **callback_kwargs)
  File "/root/rumah-akrilik/venv/lib/python3.10/site-packages/django/views/decorators/csrf.py", line 56, in wrapper_view
    return view_func(*args, **kwargs)
  File "/root/rumah-akrilik/venv/lib/python3.10/site-packages/rest_framework/viewsets.py", line 124, in view
    return self.dispatch(request, *args, **kwargs)
  File "/root/rumah-akrilik/venv/lib/python3.10/site-packages/rest_framework/views.py", line 509, in dispatch
    response = self.handle_exception(exc)
  File "/root/rumah-akrilik/venv/lib/python3.10/site-packages/rest_framework/views.py", line 469, in handle_exception
    self.raise_uncaught_exception(exc)
  File "/root/rumah-akrilik/venv/lib/python3.10/site-packages/rest_framework/views.py", line 480, in raise_uncaught_exception
    raise exc
  File "/root/rumah-akrilik/venv/lib/python3.10/site-packages/rest_framework/views.py", line 506, in dispatch
    response = handler(request, *args, **kwargs)
  File "/root/rumah-akrilik/venv/lib/python3.10/site-packages/rest_framework/mixins.py", line 40, in list
    page = self.paginate_queryset(queryset)
  File "/root/rumah-akrilik/venv/lib/python3.10/site-packages/rest_framework/generics.py", line 175, in paginate_queryset
    return self.paginator.paginate_queryset(queryset, self.request, view=self)
  File "/root/rumah-akrilik/venv/lib/python3.10/site-packages/rest_framework/pagination.py", line 222, in paginate_queryset
    return list(self.page)
  File "/root/rumah-akrilik/venv/lib/python3.10/site-packages/django/core/paginator.py", line 174, in __len__
    return len(self.object_list)
  File "/root/rumah-akrilik/venv/lib/python3.10/site-packages/django/db/models/query.py", line 380, in __len__
    self._fetch_all()
  File "/root/rumah-akrilik/venv/lib/python3.10/site-packages/django/db/models/query.py", line 1883, in _fetch_all
    self._prefetch_related_objects()
  File "/root/rumah-akrilik/venv/lib/python3.10/site-packages/django/db/models/query.py", line 1273, in _prefetch_related_objects
    prefetch_related_objects(self._result_cache, *self._prefetch_related_lookups)
  File "/root/rumah-akrilik/venv/lib/python3.10/site-packages/django/db/models/query.py", line 2321, in prefetch_related_objects
    obj_list, additional_lookups = prefetch_one_level(
  File "/root/rumah-akrilik/venv/lib/python3.10/site-packages/django/db/models/query.py", line 2463, in prefetch_one_level
    ) = prefetcher.get_prefetch_queryset(instances, lookup.get_current_queryset(level))
  File "/root/rumah-akrilik/venv/lib/python3.10/site-packages/django/db/models/fields/related_descriptors.py", line 744, in get_prefetch_queryset
    for rel_obj in queryset:
  File "/root/rumah-akrilik/venv/lib/python3.10/site-packages/django/db/models/query.py", line 398, in __iter__
    self._fetch_all()
  File "/root/rumah-akrilik/venv/lib/python3.10/site-packages/django/db/models/query.py", line 1881, in _fetch_all
    self._result_cache = list(self._iterable_class(self))
  File "/root/rumah-akrilik/venv/lib/python3.10/site-packages/django/db/models/query.py", line 91, in __iter__
    results = compiler.execute_sql(
  File "/root/rumah-akrilik/venv/lib/python3.10/site-packages/django/db/models/sql/compiler.py", line 1562, in execute_sql
    cursor.execute(sql, params)
  File "/root/rumah-akrilik/venv/lib/python3.10/site-packages/django/db/backends/utils.py", line 102, in execute
    return super().execute(sql, params)
  File "/root/rumah-akrilik/venv/lib/python3.10/site-packages/django/db/backends/utils.py", line 67, in execute
    return self._execute_with_wrappers(
  File "/root/rumah-akrilik/venv/lib/python3.10/site-packages/django/db/backends/utils.py", line 80, in _execute_with_wrappers
    return executor(sql, params, many, context)
  File "/root/rumah-akrilik/venv/lib/python3.10/site-packages/django/db/backends/utils.py", line 84, in _execute
    with self.db.wrap_database_errors:
  File "/root/rumah-akrilik/venv/lib/python3.10/site-packages/django/db/utils.py", line 91, in __exit__
    raise dj_exc_value.with_traceback(traceback) from exc_value
  File "/root/rumah-akrilik/venv/lib/python3.10/site-packages/django/db/backends/utils.py", line 89, in _execute
    return self.cursor.execute(sql, params)
django.db.utils.ProgrammingError: column rumah_akrilik_app_orderitem.nama_produk does not exist
LINE 1: ..._id", "rumah_akrilik_app_orderitem"."product_id", "rumah_akr...
                                                             ^

ERROR 2025-04-28 22:06:36,285 log 2162786 139916847493120 Internal Server Error: /api/order/
Traceback (most recent call last):
  File "/root/rumah-akrilik/venv/lib/python3.10/site-packages/django/db/backends/utils.py", line 89, in _execute
    return self.cursor.execute(sql, params)
psycopg2.errors.UndefinedColumn: column rumah_akrilik_app_orderitem.nama_produk does not exist
LINE 1: ..._id", "rumah_akrilik_app_orderitem"."product_id", "rumah_akr...
                                                             ^


The above exception was the direct cause of the following exception:

Traceback (most recent call last):
  File "/root/rumah-akrilik/venv/lib/python3.10/site-packages/django/core/handlers/exception.py", line 55, in inner
    response = get_response(request)
  File "/root/rumah-akrilik/venv/lib/python3.10/site-packages/django/core/handlers/base.py", line 197, in _get_response
    response = wrapped_callback(request, *callback_args, **callback_kwargs)
  File "/root/rumah-akrilik/venv/lib/python3.10/site-packages/django/views/decorators/csrf.py", line 56, in wrapper_view
    return view_func(*args, **kwargs)
  File "/root/rumah-akrilik/venv/lib/python3.10/site-packages/rest_framework/viewsets.py", line 124, in view
    return self.dispatch(request, *args, **kwargs)
  File "/root/rumah-akrilik/venv/lib/python3.10/site-packages/rest_framework/views.py", line 509, in dispatch
    response = self.handle_exception(exc)
  File "/root/rumah-akrilik/venv/lib/python3.10/site-packages/rest_framework/views.py", line 469, in handle_exception
    self.raise_uncaught_exception(exc)
  File "/root/rumah-akrilik/venv/lib/python3.10/site-packages/rest_framework/views.py", line 480, in raise_uncaught_exception
    raise exc
  File "/root/rumah-akrilik/venv/lib/python3.10/site-packages/rest_framework/views.py", line 506, in dispatch
    response = handler(request, *args, **kwargs)
  File "/root/rumah-akrilik/venv/lib/python3.10/site-packages/rest_framework/mixins.py", line 40, in list
    page = self.paginate_queryset(queryset)
  File "/root/rumah-akrilik/venv/lib/python3.10/site-packages/rest_framework/generics.py", line 175, in paginate_queryset
    return self.paginator.paginate_queryset(queryset, self.request, view=self)
  File "/root/rumah-akrilik/venv/lib/python3.10/site-packages/rest_framework/pagination.py", line 222, in paginate_queryset
    return list(self.page)
  File "/root/rumah-akrilik/venv/lib/python3.10/site-packages/django/core/paginator.py", line 174, in __len__
    return len(self.object_list)
  File "/root/rumah-akrilik/venv/lib/python3.10/site-packages/django/db/models/query.py", line 380, in __len__
    self._fetch_all()
  File "/root/rumah-akrilik/venv/lib/python3.10/site-packages/django/db/models/query.py", line 1883, in _fetch_all
    self._prefetch_related_objects()
  File "/root/rumah-akrilik/venv/lib/python3.10/site-packages/django/db/models/query.py", line 1273, in _prefetch_related_objects
    prefetch_related_objects(self._result_cache, *self._prefetch_related_lookups)
  File "/root/rumah-akrilik/venv/lib/python3.10/site-packages/django/db/models/query.py", line 2321, in prefetch_related_objects
    obj_list, additional_lookups = prefetch_one_level(
  File "/root/rumah-akrilik/venv/lib/python3.10/site-packages/django/db/models/query.py", line 2463, in prefetch_one_level
    ) = prefetcher.get_prefetch_queryset(instances, lookup.get_current_queryset(level))
  File "/root/rumah-akrilik/venv/lib/python3.10/site-packages/django/db/models/fields/related_descriptors.py", line 744, in get_prefetch_queryset
    for rel_obj in queryset:
  File "/root/rumah-akrilik/venv/lib/python3.10/site-packages/django/db/models/query.py", line 398, in __iter__
    self._fetch_all()
  File "/root/rumah-akrilik/venv/lib/python3.10/site-packages/django/db/models/query.py", line 1881, in _fetch_all
    self._result_cache = list(self._iterable_class(self))
  File "/root/rumah-akrilik/venv/lib/python3.10/site-packages/django/db/models/query.py", line 91, in __iter__
    results = compiler.execute_sql(
  File "/root/rumah-akrilik/venv/lib/python3.10/site-packages/django/db/models/sql/compiler.py", line 1562, in execute_sql
    cursor.execute(sql, params)
  File "/root/rumah-akrilik/venv/lib/python3.10/site-packages/django/db/backends/utils.py", line 102, in execute
    return super().execute(sql, params)
  File "/root/rumah-akrilik/venv/lib/python3.10/site-packages/django/db/backends/utils.py", line 67, in execute
    return self._execute_with_wrappers(
  File "/root/rumah-akrilik/venv/lib/python3.10/site-packages/django/db/backends/utils.py", line 80, in _execute_with_wrappers
    return executor(sql, params, many, context)
  File "/root/rumah-akrilik/venv/lib/python3.10/site-packages/django/db/backends/utils.py", line 84, in _execute
    with self.db.wrap_database_errors:
  File "/root/rumah-akrilik/venv/lib/python3.10/site-packages/django/db/utils.py", line 91, in __exit__
    raise dj_exc_value.with_traceback(traceback) from exc_value
  File "/root/rumah-akrilik/venv/lib/python3.10/site-packages/django/db/backends/utils.py", line 89, in _execute
    return self.cursor.execute(sql, params)
django.db.utils.ProgrammingError: column rumah_akrilik_app_orderitem.nama_produk does not exist
LINE 1: ..._id", "rumah_akrilik_app_orderitem"."product_id", "rumah_akr...
                                                             ^

ERROR 2025-04-28 22:06:36,315 log 2162784 139916847493120 Internal Server Error: /api/order/
Traceback (most recent call last):
  File "/root/rumah-akrilik/venv/lib/python3.10/site-packages/django/db/backends/utils.py", line 89, in _execute
    return self.cursor.execute(sql, params)
psycopg2.errors.UndefinedColumn: column rumah_akrilik_app_orderitem.nama_produk does not exist
LINE 1: ..._id", "rumah_akrilik_app_orderitem"."product_id", "rumah_akr...
                                                             ^


The above exception was the direct cause of the following exception:

Traceback (most recent call last):
  File "/root/rumah-akrilik/venv/lib/python3.10/site-packages/django/core/handlers/exception.py", line 55, in inner
    response = get_response(request)
  File "/root/rumah-akrilik/venv/lib/python3.10/site-packages/django/core/handlers/base.py", line 197, in _get_response
    response = wrapped_callback(request, *callback_args, **callback_kwargs)
  File "/root/rumah-akrilik/venv/lib/python3.10/site-packages/django/views/decorators/csrf.py", line 56, in wrapper_view
    return view_func(*args, **kwargs)
  File "/root/rumah-akrilik/venv/lib/python3.10/site-packages/rest_framework/viewsets.py", line 124, in view
    return self.dispatch(request, *args, **kwargs)
  File "/root/rumah-akrilik/venv/lib/python3.10/site-packages/rest_framework/views.py", line 509, in dispatch
    response = self.handle_exception(exc)
  File "/root/rumah-akrilik/venv/lib/python3.10/site-packages/rest_framework/views.py", line 469, in handle_exception
    self.raise_uncaught_exception(exc)
  File "/root/rumah-akrilik/venv/lib/python3.10/site-packages/rest_framework/views.py", line 480, in raise_uncaught_exception
    raise exc
  File "/root/rumah-akrilik/venv/lib/python3.10/site-packages/rest_framework/views.py", line 506, in dispatch
    response = handler(request, *args, **kwargs)
  File "/root/rumah-akrilik/venv/lib/python3.10/site-packages/rest_framework/mixins.py", line 40, in list
    page = self.paginate_queryset(queryset)
  File "/root/rumah-akrilik/venv/lib/python3.10/site-packages/rest_framework/generics.py", line 175, in paginate_queryset
    return self.paginator.paginate_queryset(queryset, self.request, view=self)
  File "/root/rumah-akrilik/venv/lib/python3.10/site-packages/rest_framework/pagination.py", line 222, in paginate_queryset
    return list(self.page)
  File "/root/rumah-akrilik/venv/lib/python3.10/site-packages/django/core/paginator.py", line 174, in __len__
    return len(self.object_list)
  File "/root/rumah-akrilik/venv/lib/python3.10/site-packages/django/db/models/query.py", line 380, in __len__
    self._fetch_all()
  File "/root/rumah-akrilik/venv/lib/python3.10/site-packages/django/db/models/query.py", line 1883, in _fetch_all
    self._prefetch_related_objects()
  File "/root/rumah-akrilik/venv/lib/python3.10/site-packages/django/db/models/query.py", line 1273, in _prefetch_related_objects
    prefetch_related_objects(self._result_cache, *self._prefetch_related_lookups)
  File "/root/rumah-akrilik/venv/lib/python3.10/site-packages/django/db/models/query.py", line 2321, in prefetch_related_objects
    obj_list, additional_lookups = prefetch_one_level(
  File "/root/rumah-akrilik/venv/lib/python3.10/site-packages/django/db/models/query.py", line 2463, in prefetch_one_level
    ) = prefetcher.get_prefetch_queryset(instances, lookup.get_current_queryset(level))
  File "/root/rumah-akrilik/venv/lib/python3.10/site-packages/django/db/models/fields/related_descriptors.py", line 744, in get_prefetch_queryset
    for rel_obj in queryset:
  File "/root/rumah-akrilik/venv/lib/python3.10/site-packages/django/db/models/query.py", line 398, in __iter__
    self._fetch_all()
  File "/root/rumah-akrilik/venv/lib/python3.10/site-packages/django/db/models/query.py", line 1881, in _fetch_all
    self._result_cache = list(self._iterable_class(self))
  File "/root/rumah-akrilik/venv/lib/python3.10/site-packages/django/db/models/query.py", line 91, in __iter__
    results = compiler.execute_sql(
  File "/root/rumah-akrilik/venv/lib/python3.10/site-packages/django/db/models/sql/compiler.py", line 1562, in execute_sql
    cursor.execute(sql, params)
  File "/root/rumah-akrilik/venv/lib/python3.10/site-packages/django/db/backends/utils.py", line 102, in execute
    return super().execute(sql, params)
  File "/root/rumah-akrilik/venv/lib/python3.10/site-packages/django/db/backends/utils.py", line 67, in execute
    return self._execute_with_wrappers(
  File "/root/rumah-akrilik/venv/lib/python3.10/site-packages/django/db/backends/utils.py", line 80, in _execute_with_wrappers
    return executor(sql, params, many, context)
  File "/root/rumah-akrilik/venv/lib/python3.10/site-packages/django/db/backends/utils.py", line 84, in _execute
    with self.db.wrap_database_errors:
  File "/root/rumah-akrilik/venv/lib/python3.10/site-packages/django/db/utils.py", line 91, in __exit__
    raise dj_exc_value.with_traceback(traceback) from exc_value
  File "/root/rumah-akrilik/venv/lib/python3.10/site-packages/django/db/backends/utils.py", line 89, in _execute
    return self.cursor.execute(sql, params)
django.db.utils.ProgrammingError: column rumah_akrilik_app_orderitem.nama_produk does not exist
LINE 1: ..._id", "rumah_akrilik_app_orderitem"."product_id", "rumah_akr...
                                                             ^

ERROR 2025-04-28 22:06:36,344 log 2162785 139916847493120 Internal Server Error: /api/customers/
Traceback (most recent call last):
  File "/root/rumah-akrilik/venv/lib/python3.10/site-packages/django/db/backends/utils.py", line 89, in _execute
    return self.cursor.execute(sql, params)
psycopg2.errors.UndefinedColumn: column rumah_akrilik_app_customeraddress.street does not exist
LINE 1: ...umah_akrilik_app_customeraddress"."address_type", "rumah_akr...
                                                             ^


The above exception was the direct cause of the following exception:

Traceback (most recent call last):
  File "/root/rumah-akrilik/venv/lib/python3.10/site-packages/django/core/handlers/exception.py", line 55, in inner
    response = get_response(request)
  File "/root/rumah-akrilik/venv/lib/python3.10/site-packages/django/core/handlers/base.py", line 197, in _get_response
    response = wrapped_callback(request, *callback_args, **callback_kwargs)
  File "/root/rumah-akrilik/venv/lib/python3.10/site-packages/django/views/decorators/csrf.py", line 56, in wrapper_view
    return view_func(*args, **kwargs)
  File "/root/rumah-akrilik/venv/lib/python3.10/site-packages/rest_framework/viewsets.py", line 124, in view
    return self.dispatch(request, *args, **kwargs)
  File "/root/rumah-akrilik/venv/lib/python3.10/site-packages/rest_framework/views.py", line 509, in dispatch
    response = self.handle_exception(exc)
  File "/root/rumah-akrilik/venv/lib/python3.10/site-packages/rest_framework/views.py", line 469, in handle_exception
    self.raise_uncaught_exception(exc)
  File "/root/rumah-akrilik/venv/lib/python3.10/site-packages/rest_framework/views.py", line 480, in raise_uncaught_exception
    raise exc
  File "/root/rumah-akrilik/venv/lib/python3.10/site-packages/rest_framework/views.py", line 506, in dispatch
    response = handler(request, *args, **kwargs)
  File "/root/rumah-akrilik/venv/lib/python3.10/site-packages/rest_framework/mixins.py", line 43, in list
    return self.get_paginated_response(serializer.data)
  File "/root/rumah-akrilik/venv/lib/python3.10/site-packages/rest_framework/serializers.py", line 795, in data
    ret = super().data
  File "/root/rumah-akrilik/venv/lib/python3.10/site-packages/rest_framework/serializers.py", line 249, in data
    self._data = self.to_representation(self.instance)
  File "/root/rumah-akrilik/venv/lib/python3.10/site-packages/rest_framework/serializers.py", line 713, in to_representation
    return [
  File "/root/rumah-akrilik/venv/lib/python3.10/site-packages/rest_framework/serializers.py", line 714, in <listcomp>
    self.child.to_representation(item) for item in iterable
  File "/root/rumah-akrilik/venv/lib/python3.10/site-packages/rest_framework/serializers.py", line 538, in to_representation
    ret[field.field_name] = field.to_representation(attribute)
  File "/root/rumah-akrilik/venv/lib/python3.10/site-packages/rest_framework/serializers.py", line 713, in to_representation
    return [
  File "/root/rumah-akrilik/venv/lib/python3.10/site-packages/django/db/models/query.py", line 398, in __iter__
    self._fetch_all()
  File "/root/rumah-akrilik/venv/lib/python3.10/site-packages/django/db/models/query.py", line 1881, in _fetch_all
    self._result_cache = list(self._iterable_class(self))
  File "/root/rumah-akrilik/venv/lib/python3.10/site-packages/django/db/models/query.py", line 91, in __iter__
    results = compiler.execute_sql(
  File "/root/rumah-akrilik/venv/lib/python3.10/site-packages/django/db/models/sql/compiler.py", line 1562, in execute_sql
    cursor.execute(sql, params)
  File "/root/rumah-akrilik/venv/lib/python3.10/site-packages/django/db/backends/utils.py", line 102, in execute
    return super().execute(sql, params)
  File "/root/rumah-akrilik/venv/lib/python3.10/site-packages/django/db/backends/utils.py", line 67, in execute
    return self._execute_with_wrappers(
  File "/root/rumah-akrilik/venv/lib/python3.10/site-packages/django/db/backends/utils.py", line 80, in _execute_with_wrappers
    return executor(sql, params, many, context)
  File "/root/rumah-akrilik/venv/lib/python3.10/site-packages/django/db/backends/utils.py", line 84, in _execute
    with self.db.wrap_database_errors:
  File "/root/rumah-akrilik/venv/lib/python3.10/site-packages/django/db/utils.py", line 91, in __exit__
    raise dj_exc_value.with_traceback(traceback) from exc_value
  File "/root/rumah-akrilik/venv/lib/python3.10/site-packages/django/db/backends/utils.py", line 89, in _execute
    return self.cursor.execute(sql, params)
django.db.utils.ProgrammingError: column rumah_akrilik_app_customeraddress.street does not exist
LINE 1: ...umah_akrilik_app_customeraddress"."address_type", "rumah_akr...
                                                             ^

WARNING 2025-04-28 22:28:15,149 log 2163860 140493884960768 Unauthorized: /api/auth/token/verify/
ERROR 2025-04-28 22:28:25,232 log 2163860 140493884960768 Internal Server Error: /api/order/
Traceback (most recent call last):
  File "/root/rumah-akrilik/venv/lib/python3.10/site-packages/django/core/handlers/exception.py", line 55, in inner
    response = get_response(request)
  File "/root/rumah-akrilik/venv/lib/python3.10/site-packages/django/core/handlers/base.py", line 197, in _get_response
    response = wrapped_callback(request, *callback_args, **callback_kwargs)
  File "/root/rumah-akrilik/venv/lib/python3.10/site-packages/django/views/decorators/csrf.py", line 56, in wrapper_view
    return view_func(*args, **kwargs)
  File "/root/rumah-akrilik/venv/lib/python3.10/site-packages/rest_framework/viewsets.py", line 124, in view
    return self.dispatch(request, *args, **kwargs)
  File "/root/rumah-akrilik/venv/lib/python3.10/site-packages/rest_framework/views.py", line 509, in dispatch
    response = self.handle_exception(exc)
  File "/root/rumah-akrilik/venv/lib/python3.10/site-packages/rest_framework/views.py", line 469, in handle_exception
    self.raise_uncaught_exception(exc)
  File "/root/rumah-akrilik/venv/lib/python3.10/site-packages/rest_framework/views.py", line 480, in raise_uncaught_exception
    raise exc
  File "/root/rumah-akrilik/venv/lib/python3.10/site-packages/rest_framework/views.py", line 497, in dispatch
    self.initial(request, *args, **kwargs)
  File "/root/rumah-akrilik/venv/lib/python3.10/site-packages/rest_framework/views.py", line 415, in initial
    self.check_permissions(request)
  File "/root/rumah-akrilik/venv/lib/python3.10/site-packages/rest_framework/views.py", line 331, in check_permissions
    for permission in self.get_permissions():
  File "/root/rumah-akrilik/rumah_akrilik_app/views.py", line 261, in get_permissions
    return [permission() for permission in permission_classes]
  File "/root/rumah-akrilik/rumah_akrilik_app/views.py", line 261, in <listcomp>
    return [permission() for permission in permission_classes]
TypeError: 'IsAuthenticated' object is not callable
ERROR 2025-04-28 22:28:25,238 log 2163861 140493884960768 Internal Server Error: /api/order/
Traceback (most recent call last):
  File "/root/rumah-akrilik/venv/lib/python3.10/site-packages/django/core/handlers/exception.py", line 55, in inner
    response = get_response(request)
  File "/root/rumah-akrilik/venv/lib/python3.10/site-packages/django/core/handlers/base.py", line 197, in _get_response
    response = wrapped_callback(request, *callback_args, **callback_kwargs)
  File "/root/rumah-akrilik/venv/lib/python3.10/site-packages/django/views/decorators/csrf.py", line 56, in wrapper_view
    return view_func(*args, **kwargs)
  File "/root/rumah-akrilik/venv/lib/python3.10/site-packages/rest_framework/viewsets.py", line 124, in view
    return self.dispatch(request, *args, **kwargs)
  File "/root/rumah-akrilik/venv/lib/python3.10/site-packages/rest_framework/views.py", line 509, in dispatch
    response = self.handle_exception(exc)
  File "/root/rumah-akrilik/venv/lib/python3.10/site-packages/rest_framework/views.py", line 469, in handle_exception
    self.raise_uncaught_exception(exc)
  File "/root/rumah-akrilik/venv/lib/python3.10/site-packages/rest_framework/views.py", line 480, in raise_uncaught_exception
    raise exc
  File "/root/rumah-akrilik/venv/lib/python3.10/site-packages/rest_framework/views.py", line 497, in dispatch
    self.initial(request, *args, **kwargs)
  File "/root/rumah-akrilik/venv/lib/python3.10/site-packages/rest_framework/views.py", line 415, in initial
    self.check_permissions(request)
  File "/root/rumah-akrilik/venv/lib/python3.10/site-packages/rest_framework/views.py", line 331, in check_permissions
    for permission in self.get_permissions():
  File "/root/rumah-akrilik/rumah_akrilik_app/views.py", line 261, in get_permissions
    return [permission() for permission in permission_classes]
  File "/root/rumah-akrilik/rumah_akrilik_app/views.py", line 261, in <listcomp>
    return [permission() for permission in permission_classes]
TypeError: 'IsAuthenticated' object is not callable
ERROR 2025-04-28 22:28:25,356 log 2163858 140493884960768 Internal Server Error: /api/order/
Traceback (most recent call last):
  File "/root/rumah-akrilik/venv/lib/python3.10/site-packages/django/core/handlers/exception.py", line 55, in inner
    response = get_response(request)
  File "/root/rumah-akrilik/venv/lib/python3.10/site-packages/django/core/handlers/base.py", line 197, in _get_response
    response = wrapped_callback(request, *callback_args, **callback_kwargs)
  File "/root/rumah-akrilik/venv/lib/python3.10/site-packages/django/views/decorators/csrf.py", line 56, in wrapper_view
    return view_func(*args, **kwargs)
  File "/root/rumah-akrilik/venv/lib/python3.10/site-packages/rest_framework/viewsets.py", line 124, in view
    return self.dispatch(request, *args, **kwargs)
  File "/root/rumah-akrilik/venv/lib/python3.10/site-packages/rest_framework/views.py", line 509, in dispatch
    response = self.handle_exception(exc)
  File "/root/rumah-akrilik/venv/lib/python3.10/site-packages/rest_framework/views.py", line 469, in handle_exception
    self.raise_uncaught_exception(exc)
  File "/root/rumah-akrilik/venv/lib/python3.10/site-packages/rest_framework/views.py", line 480, in raise_uncaught_exception
    raise exc
  File "/root/rumah-akrilik/venv/lib/python3.10/site-packages/rest_framework/views.py", line 497, in dispatch
    self.initial(request, *args, **kwargs)
  File "/root/rumah-akrilik/venv/lib/python3.10/site-packages/rest_framework/views.py", line 415, in initial
    self.check_permissions(request)
  File "/root/rumah-akrilik/venv/lib/python3.10/site-packages/rest_framework/views.py", line 331, in check_permissions
    for permission in self.get_permissions():
  File "/root/rumah-akrilik/rumah_akrilik_app/views.py", line 261, in get_permissions
    return [permission() for permission in permission_classes]
  File "/root/rumah-akrilik/rumah_akrilik_app/views.py", line 261, in <listcomp>
    return [permission() for permission in permission_classes]
TypeError: 'IsAuthenticated' object is not callable
ERROR 2025-04-28 22:28:25,379 log 2163859 140493884960768 Internal Server Error: /api/customers/
Traceback (most recent call last):
  File "/root/rumah-akrilik/venv/lib/python3.10/site-packages/django/db/backends/utils.py", line 89, in _execute
    return self.cursor.execute(sql, params)
psycopg2.errors.UndefinedColumn: column rumah_akrilik_app_customeraddress.street does not exist
LINE 1: ...umah_akrilik_app_customeraddress"."address_type", "rumah_akr...
                                                             ^


The above exception was the direct cause of the following exception:

Traceback (most recent call last):
  File "/root/rumah-akrilik/venv/lib/python3.10/site-packages/django/core/handlers/exception.py", line 55, in inner
    response = get_response(request)
  File "/root/rumah-akrilik/venv/lib/python3.10/site-packages/django/core/handlers/base.py", line 197, in _get_response
    response = wrapped_callback(request, *callback_args, **callback_kwargs)
  File "/root/rumah-akrilik/venv/lib/python3.10/site-packages/django/views/decorators/csrf.py", line 56, in wrapper_view
    return view_func(*args, **kwargs)
  File "/root/rumah-akrilik/venv/lib/python3.10/site-packages/rest_framework/viewsets.py", line 124, in view
    return self.dispatch(request, *args, **kwargs)
  File "/root/rumah-akrilik/venv/lib/python3.10/site-packages/rest_framework/views.py", line 509, in dispatch
    response = self.handle_exception(exc)
  File "/root/rumah-akrilik/venv/lib/python3.10/site-packages/rest_framework/views.py", line 469, in handle_exception
    self.raise_uncaught_exception(exc)
  File "/root/rumah-akrilik/venv/lib/python3.10/site-packages/rest_framework/views.py", line 480, in raise_uncaught_exception
    raise exc
  File "/root/rumah-akrilik/venv/lib/python3.10/site-packages/rest_framework/views.py", line 506, in dispatch
    response = handler(request, *args, **kwargs)
  File "/root/rumah-akrilik/venv/lib/python3.10/site-packages/rest_framework/mixins.py", line 43, in list
    return self.get_paginated_response(serializer.data)
  File "/root/rumah-akrilik/venv/lib/python3.10/site-packages/rest_framework/serializers.py", line 795, in data
    ret = super().data
  File "/root/rumah-akrilik/venv/lib/python3.10/site-packages/rest_framework/serializers.py", line 249, in data
    self._data = self.to_representation(self.instance)
  File "/root/rumah-akrilik/venv/lib/python3.10/site-packages/rest_framework/serializers.py", line 713, in to_representation
    return [
  File "/root/rumah-akrilik/venv/lib/python3.10/site-packages/rest_framework/serializers.py", line 714, in <listcomp>
    self.child.to_representation(item) for item in iterable
  File "/root/rumah-akrilik/venv/lib/python3.10/site-packages/rest_framework/serializers.py", line 538, in to_representation
    ret[field.field_name] = field.to_representation(attribute)
  File "/root/rumah-akrilik/venv/lib/python3.10/site-packages/rest_framework/serializers.py", line 713, in to_representation
    return [
  File "/root/rumah-akrilik/venv/lib/python3.10/site-packages/django/db/models/query.py", line 398, in __iter__
    self._fetch_all()
  File "/root/rumah-akrilik/venv/lib/python3.10/site-packages/django/db/models/query.py", line 1881, in _fetch_all
    self._result_cache = list(self._iterable_class(self))
  File "/root/rumah-akrilik/venv/lib/python3.10/site-packages/django/db/models/query.py", line 91, in __iter__
    results = compiler.execute_sql(
  File "/root/rumah-akrilik/venv/lib/python3.10/site-packages/django/db/models/sql/compiler.py", line 1562, in execute_sql
    cursor.execute(sql, params)
  File "/root/rumah-akrilik/venv/lib/python3.10/site-packages/django/db/backends/utils.py", line 102, in execute
    return super().execute(sql, params)
  File "/root/rumah-akrilik/venv/lib/python3.10/site-packages/django/db/backends/utils.py", line 67, in execute
    return self._execute_with_wrappers(
  File "/root/rumah-akrilik/venv/lib/python3.10/site-packages/django/db/backends/utils.py", line 80, in _execute_with_wrappers
    return executor(sql, params, many, context)
  File "/root/rumah-akrilik/venv/lib/python3.10/site-packages/django/db/backends/utils.py", line 84, in _execute
    with self.db.wrap_database_errors:
  File "/root/rumah-akrilik/venv/lib/python3.10/site-packages/django/db/utils.py", line 91, in __exit__
    raise dj_exc_value.with_traceback(traceback) from exc_value
  File "/root/rumah-akrilik/venv/lib/python3.10/site-packages/django/db/backends/utils.py", line 89, in _execute
    return self.cursor.execute(sql, params)
django.db.utils.ProgrammingError: column rumah_akrilik_app_customeraddress.street does not exist
LINE 1: ...umah_akrilik_app_customeraddress"."address_type", "rumah_akr...
                                                             ^

ERROR 2025-04-28 22:29:24,844 log 2163858 140493884960768 Internal Server Error: /api/order/
Traceback (most recent call last):
  File "/root/rumah-akrilik/venv/lib/python3.10/site-packages/django/core/handlers/exception.py", line 55, in inner
    response = get_response(request)
  File "/root/rumah-akrilik/venv/lib/python3.10/site-packages/django/core/handlers/base.py", line 197, in _get_response
    response = wrapped_callback(request, *callback_args, **callback_kwargs)
  File "/root/rumah-akrilik/venv/lib/python3.10/site-packages/django/views/decorators/csrf.py", line 56, in wrapper_view
    return view_func(*args, **kwargs)
  File "/root/rumah-akrilik/venv/lib/python3.10/site-packages/rest_framework/viewsets.py", line 124, in view
    return self.dispatch(request, *args, **kwargs)
  File "/root/rumah-akrilik/venv/lib/python3.10/site-packages/rest_framework/views.py", line 509, in dispatch
    response = self.handle_exception(exc)
  File "/root/rumah-akrilik/venv/lib/python3.10/site-packages/rest_framework/views.py", line 469, in handle_exception
    self.raise_uncaught_exception(exc)
  File "/root/rumah-akrilik/venv/lib/python3.10/site-packages/rest_framework/views.py", line 480, in raise_uncaught_exception
    raise exc
  File "/root/rumah-akrilik/venv/lib/python3.10/site-packages/rest_framework/views.py", line 497, in dispatch
    self.initial(request, *args, **kwargs)
  File "/root/rumah-akrilik/venv/lib/python3.10/site-packages/rest_framework/views.py", line 415, in initial
    self.check_permissions(request)
  File "/root/rumah-akrilik/venv/lib/python3.10/site-packages/rest_framework/views.py", line 331, in check_permissions
    for permission in self.get_permissions():
  File "/root/rumah-akrilik/rumah_akrilik_app/views.py", line 261, in get_permissions
    return [permission() for permission in permission_classes]
  File "/root/rumah-akrilik/rumah_akrilik_app/views.py", line 261, in <listcomp>
    return [permission() for permission in permission_classes]
TypeError: 'IsAuthenticated' object is not callable
ERROR 2025-04-28 22:29:24,876 log 2163862 140493884960768 Internal Server Error: /api/order/
Traceback (most recent call last):
  File "/root/rumah-akrilik/venv/lib/python3.10/site-packages/django/core/handlers/exception.py", line 55, in inner
    response = get_response(request)
  File "/root/rumah-akrilik/venv/lib/python3.10/site-packages/django/core/handlers/base.py", line 197, in _get_response
    response = wrapped_callback(request, *callback_args, **callback_kwargs)
  File "/root/rumah-akrilik/venv/lib/python3.10/site-packages/django/views/decorators/csrf.py", line 56, in wrapper_view
    return view_func(*args, **kwargs)
  File "/root/rumah-akrilik/venv/lib/python3.10/site-packages/rest_framework/viewsets.py", line 124, in view
    return self.dispatch(request, *args, **kwargs)
  File "/root/rumah-akrilik/venv/lib/python3.10/site-packages/rest_framework/views.py", line 509, in dispatch
    response = self.handle_exception(exc)
  File "/root/rumah-akrilik/venv/lib/python3.10/site-packages/rest_framework/views.py", line 469, in handle_exception
    self.raise_uncaught_exception(exc)
  File "/root/rumah-akrilik/venv/lib/python3.10/site-packages/rest_framework/views.py", line 480, in raise_uncaught_exception
    raise exc
  File "/root/rumah-akrilik/venv/lib/python3.10/site-packages/rest_framework/views.py", line 497, in dispatch
    self.initial(request, *args, **kwargs)
  File "/root/rumah-akrilik/venv/lib/python3.10/site-packages/rest_framework/views.py", line 415, in initial
    self.check_permissions(request)
  File "/root/rumah-akrilik/venv/lib/python3.10/site-packages/rest_framework/views.py", line 331, in check_permissions
    for permission in self.get_permissions():
  File "/root/rumah-akrilik/rumah_akrilik_app/views.py", line 261, in get_permissions
    return [permission() for permission in permission_classes]
  File "/root/rumah-akrilik/rumah_akrilik_app/views.py", line 261, in <listcomp>
    return [permission() for permission in permission_classes]
TypeError: 'IsAuthenticated' object is not callable
ERROR 2025-04-28 22:29:24,972 log 2163859 140493884960768 Internal Server Error: /api/order/
Traceback (most recent call last):
  File "/root/rumah-akrilik/venv/lib/python3.10/site-packages/django/core/handlers/exception.py", line 55, in inner
    response = get_response(request)
  File "/root/rumah-akrilik/venv/lib/python3.10/site-packages/django/core/handlers/base.py", line 197, in _get_response
    response = wrapped_callback(request, *callback_args, **callback_kwargs)
  File "/root/rumah-akrilik/venv/lib/python3.10/site-packages/django/views/decorators/csrf.py", line 56, in wrapper_view
    return view_func(*args, **kwargs)
  File "/root/rumah-akrilik/venv/lib/python3.10/site-packages/rest_framework/viewsets.py", line 124, in view
    return self.dispatch(request, *args, **kwargs)
  File "/root/rumah-akrilik/venv/lib/python3.10/site-packages/rest_framework/views.py", line 509, in dispatch
    response = self.handle_exception(exc)
  File "/root/rumah-akrilik/venv/lib/python3.10/site-packages/rest_framework/views.py", line 469, in handle_exception
    self.raise_uncaught_exception(exc)
  File "/root/rumah-akrilik/venv/lib/python3.10/site-packages/rest_framework/views.py", line 480, in raise_uncaught_exception
    raise exc
  File "/root/rumah-akrilik/venv/lib/python3.10/site-packages/rest_framework/views.py", line 497, in dispatch
    self.initial(request, *args, **kwargs)
  File "/root/rumah-akrilik/venv/lib/python3.10/site-packages/rest_framework/views.py", line 415, in initial
    self.check_permissions(request)
  File "/root/rumah-akrilik/venv/lib/python3.10/site-packages/rest_framework/views.py", line 331, in check_permissions
    for permission in self.get_permissions():
  File "/root/rumah-akrilik/rumah_akrilik_app/views.py", line 261, in get_permissions
    return [permission() for permission in permission_classes]
  File "/root/rumah-akrilik/rumah_akrilik_app/views.py", line 261, in <listcomp>
    return [permission() for permission in permission_classes]
TypeError: 'IsAuthenticated' object is not callable
ERROR 2025-04-28 22:29:25,009 log 2163861 140493884960768 Internal Server Error: /api/customers/
Traceback (most recent call last):
  File "/root/rumah-akrilik/venv/lib/python3.10/site-packages/django/db/backends/utils.py", line 89, in _execute
    return self.cursor.execute(sql, params)
psycopg2.errors.UndefinedColumn: column rumah_akrilik_app_customeraddress.street does not exist
LINE 1: ...umah_akrilik_app_customeraddress"."address_type", "rumah_akr...
                                                             ^


The above exception was the direct cause of the following exception:

Traceback (most recent call last):
  File "/root/rumah-akrilik/venv/lib/python3.10/site-packages/django/core/handlers/exception.py", line 55, in inner
    response = get_response(request)
  File "/root/rumah-akrilik/venv/lib/python3.10/site-packages/django/core/handlers/base.py", line 197, in _get_response
    response = wrapped_callback(request, *callback_args, **callback_kwargs)
  File "/root/rumah-akrilik/venv/lib/python3.10/site-packages/django/views/decorators/csrf.py", line 56, in wrapper_view
    return view_func(*args, **kwargs)
  File "/root/rumah-akrilik/venv/lib/python3.10/site-packages/rest_framework/viewsets.py", line 124, in view
    return self.dispatch(request, *args, **kwargs)
  File "/root/rumah-akrilik/venv/lib/python3.10/site-packages/rest_framework/views.py", line 509, in dispatch
    response = self.handle_exception(exc)
  File "/root/rumah-akrilik/venv/lib/python3.10/site-packages/rest_framework/views.py", line 469, in handle_exception
    self.raise_uncaught_exception(exc)
  File "/root/rumah-akrilik/venv/lib/python3.10/site-packages/rest_framework/views.py", line 480, in raise_uncaught_exception
    raise exc
  File "/root/rumah-akrilik/venv/lib/python3.10/site-packages/rest_framework/views.py", line 506, in dispatch
    response = handler(request, *args, **kwargs)
  File "/root/rumah-akrilik/venv/lib/python3.10/site-packages/rest_framework/mixins.py", line 43, in list
    return self.get_paginated_response(serializer.data)
  File "/root/rumah-akrilik/venv/lib/python3.10/site-packages/rest_framework/serializers.py", line 795, in data
    ret = super().data
  File "/root/rumah-akrilik/venv/lib/python3.10/site-packages/rest_framework/serializers.py", line 249, in data
    self._data = self.to_representation(self.instance)
  File "/root/rumah-akrilik/venv/lib/python3.10/site-packages/rest_framework/serializers.py", line 713, in to_representation
    return [
  File "/root/rumah-akrilik/venv/lib/python3.10/site-packages/rest_framework/serializers.py", line 714, in <listcomp>
    self.child.to_representation(item) for item in iterable
  File "/root/rumah-akrilik/venv/lib/python3.10/site-packages/rest_framework/serializers.py", line 538, in to_representation
    ret[field.field_name] = field.to_representation(attribute)
  File "/root/rumah-akrilik/venv/lib/python3.10/site-packages/rest_framework/serializers.py", line 713, in to_representation
    return [
  File "/root/rumah-akrilik/venv/lib/python3.10/site-packages/django/db/models/query.py", line 398, in __iter__
    self._fetch_all()
  File "/root/rumah-akrilik/venv/lib/python3.10/site-packages/django/db/models/query.py", line 1881, in _fetch_all
    self._result_cache = list(self._iterable_class(self))
  File "/root/rumah-akrilik/venv/lib/python3.10/site-packages/django/db/models/query.py", line 91, in __iter__
    results = compiler.execute_sql(
  File "/root/rumah-akrilik/venv/lib/python3.10/site-packages/django/db/models/sql/compiler.py", line 1562, in execute_sql
    cursor.execute(sql, params)
  File "/root/rumah-akrilik/venv/lib/python3.10/site-packages/django/db/backends/utils.py", line 102, in execute
    return super().execute(sql, params)
  File "/root/rumah-akrilik/venv/lib/python3.10/site-packages/django/db/backends/utils.py", line 67, in execute
    return self._execute_with_wrappers(
  File "/root/rumah-akrilik/venv/lib/python3.10/site-packages/django/db/backends/utils.py", line 80, in _execute_with_wrappers
    return executor(sql, params, many, context)
  File "/root/rumah-akrilik/venv/lib/python3.10/site-packages/django/db/backends/utils.py", line 84, in _execute
    with self.db.wrap_database_errors:
  File "/root/rumah-akrilik/venv/lib/python3.10/site-packages/django/db/utils.py", line 91, in __exit__
    raise dj_exc_value.with_traceback(traceback) from exc_value
  File "/root/rumah-akrilik/venv/lib/python3.10/site-packages/django/db/backends/utils.py", line 89, in _execute
    return self.cursor.execute(sql, params)
django.db.utils.ProgrammingError: column rumah_akrilik_app_customeraddress.street does not exist
LINE 1: ...umah_akrilik_app_customeraddress"."address_type", "rumah_akr...
                                                             ^

ERROR 2025-04-28 22:29:26,258 log 2163859 140493884960768 Internal Server Error: /api/order/
Traceback (most recent call last):
  File "/root/rumah-akrilik/venv/lib/python3.10/site-packages/django/core/handlers/exception.py", line 55, in inner
    response = get_response(request)
  File "/root/rumah-akrilik/venv/lib/python3.10/site-packages/django/core/handlers/base.py", line 197, in _get_response
    response = wrapped_callback(request, *callback_args, **callback_kwargs)
  File "/root/rumah-akrilik/venv/lib/python3.10/site-packages/django/views/decorators/csrf.py", line 56, in wrapper_view
    return view_func(*args, **kwargs)
  File "/root/rumah-akrilik/venv/lib/python3.10/site-packages/rest_framework/viewsets.py", line 124, in view
    return self.dispatch(request, *args, **kwargs)
  File "/root/rumah-akrilik/venv/lib/python3.10/site-packages/rest_framework/views.py", line 509, in dispatch
    response = self.handle_exception(exc)
  File "/root/rumah-akrilik/venv/lib/python3.10/site-packages/rest_framework/views.py", line 469, in handle_exception
    self.raise_uncaught_exception(exc)
  File "/root/rumah-akrilik/venv/lib/python3.10/site-packages/rest_framework/views.py", line 480, in raise_uncaught_exception
    raise exc
  File "/root/rumah-akrilik/venv/lib/python3.10/site-packages/rest_framework/views.py", line 497, in dispatch
    self.initial(request, *args, **kwargs)
  File "/root/rumah-akrilik/venv/lib/python3.10/site-packages/rest_framework/views.py", line 415, in initial
    self.check_permissions(request)
  File "/root/rumah-akrilik/venv/lib/python3.10/site-packages/rest_framework/views.py", line 331, in check_permissions
    for permission in self.get_permissions():
  File "/root/rumah-akrilik/rumah_akrilik_app/views.py", line 261, in get_permissions
    return [permission() for permission in permission_classes]
  File "/root/rumah-akrilik/rumah_akrilik_app/views.py", line 261, in <listcomp>
    return [permission() for permission in permission_classes]
TypeError: 'IsAuthenticated' object is not callable
ERROR 2025-04-28 22:29:26,267 log 2163858 140493884960768 Internal Server Error: /api/order/
Traceback (most recent call last):
  File "/root/rumah-akrilik/venv/lib/python3.10/site-packages/django/core/handlers/exception.py", line 55, in inner
    response = get_response(request)
  File "/root/rumah-akrilik/venv/lib/python3.10/site-packages/django/core/handlers/base.py", line 197, in _get_response
    response = wrapped_callback(request, *callback_args, **callback_kwargs)
  File "/root/rumah-akrilik/venv/lib/python3.10/site-packages/django/views/decorators/csrf.py", line 56, in wrapper_view
    return view_func(*args, **kwargs)
  File "/root/rumah-akrilik/venv/lib/python3.10/site-packages/rest_framework/viewsets.py", line 124, in view
    return self.dispatch(request, *args, **kwargs)
  File "/root/rumah-akrilik/venv/lib/python3.10/site-packages/rest_framework/views.py", line 509, in dispatch
    response = self.handle_exception(exc)
  File "/root/rumah-akrilik/venv/lib/python3.10/site-packages/rest_framework/views.py", line 469, in handle_exception
    self.raise_uncaught_exception(exc)
  File "/root/rumah-akrilik/venv/lib/python3.10/site-packages/rest_framework/views.py", line 480, in raise_uncaught_exception
    raise exc
  File "/root/rumah-akrilik/venv/lib/python3.10/site-packages/rest_framework/views.py", line 497, in dispatch
    self.initial(request, *args, **kwargs)
  File "/root/rumah-akrilik/venv/lib/python3.10/site-packages/rest_framework/views.py", line 415, in initial
    self.check_permissions(request)
  File "/root/rumah-akrilik/venv/lib/python3.10/site-packages/rest_framework/views.py", line 331, in check_permissions
    for permission in self.get_permissions():
  File "/root/rumah-akrilik/rumah_akrilik_app/views.py", line 261, in get_permissions
    return [permission() for permission in permission_classes]
  File "/root/rumah-akrilik/rumah_akrilik_app/views.py", line 261, in <listcomp>
    return [permission() for permission in permission_classes]
TypeError: 'IsAuthenticated' object is not callable
ERROR 2025-04-28 22:29:26,328 log 2163860 140493884960768 Internal Server Error: /api/order/
Traceback (most recent call last):
  File "/root/rumah-akrilik/venv/lib/python3.10/site-packages/django/core/handlers/exception.py", line 55, in inner
    response = get_response(request)
  File "/root/rumah-akrilik/venv/lib/python3.10/site-packages/django/core/handlers/base.py", line 197, in _get_response
    response = wrapped_callback(request, *callback_args, **callback_kwargs)
  File "/root/rumah-akrilik/venv/lib/python3.10/site-packages/django/views/decorators/csrf.py", line 56, in wrapper_view
    return view_func(*args, **kwargs)
  File "/root/rumah-akrilik/venv/lib/python3.10/site-packages/rest_framework/viewsets.py", line 124, in view
    return self.dispatch(request, *args, **kwargs)
  File "/root/rumah-akrilik/venv/lib/python3.10/site-packages/rest_framework/views.py", line 509, in dispatch
    response = self.handle_exception(exc)
  File "/root/rumah-akrilik/venv/lib/python3.10/site-packages/rest_framework/views.py", line 469, in handle_exception
    self.raise_uncaught_exception(exc)
  File "/root/rumah-akrilik/venv/lib/python3.10/site-packages/rest_framework/views.py", line 480, in raise_uncaught_exception
    raise exc
  File "/root/rumah-akrilik/venv/lib/python3.10/site-packages/rest_framework/views.py", line 497, in dispatch
    self.initial(request, *args, **kwargs)
  File "/root/rumah-akrilik/venv/lib/python3.10/site-packages/rest_framework/views.py", line 415, in initial
    self.check_permissions(request)
  File "/root/rumah-akrilik/venv/lib/python3.10/site-packages/rest_framework/views.py", line 331, in check_permissions
    for permission in self.get_permissions():
  File "/root/rumah-akrilik/rumah_akrilik_app/views.py", line 261, in get_permissions
    return [permission() for permission in permission_classes]
  File "/root/rumah-akrilik/rumah_akrilik_app/views.py", line 261, in <listcomp>
    return [permission() for permission in permission_classes]
TypeError: 'IsAuthenticated' object is not callable
ERROR 2025-04-28 22:29:26,349 log 2163861 140493884960768 Internal Server Error: /api/customers/
Traceback (most recent call last):
  File "/root/rumah-akrilik/venv/lib/python3.10/site-packages/django/db/backends/utils.py", line 89, in _execute
    return self.cursor.execute(sql, params)
psycopg2.errors.UndefinedColumn: column rumah_akrilik_app_customeraddress.street does not exist
LINE 1: ...umah_akrilik_app_customeraddress"."address_type", "rumah_akr...
                                                             ^


The above exception was the direct cause of the following exception:

Traceback (most recent call last):
  File "/root/rumah-akrilik/venv/lib/python3.10/site-packages/django/core/handlers/exception.py", line 55, in inner
    response = get_response(request)
  File "/root/rumah-akrilik/venv/lib/python3.10/site-packages/django/core/handlers/base.py", line 197, in _get_response
    response = wrapped_callback(request, *callback_args, **callback_kwargs)
  File "/root/rumah-akrilik/venv/lib/python3.10/site-packages/django/views/decorators/csrf.py", line 56, in wrapper_view
    return view_func(*args, **kwargs)
  File "/root/rumah-akrilik/venv/lib/python3.10/site-packages/rest_framework/viewsets.py", line 124, in view
    return self.dispatch(request, *args, **kwargs)
  File "/root/rumah-akrilik/venv/lib/python3.10/site-packages/rest_framework/views.py", line 509, in dispatch
    response = self.handle_exception(exc)
  File "/root/rumah-akrilik/venv/lib/python3.10/site-packages/rest_framework/views.py", line 469, in handle_exception
    self.raise_uncaught_exception(exc)
  File "/root/rumah-akrilik/venv/lib/python3.10/site-packages/rest_framework/views.py", line 480, in raise_uncaught_exception
    raise exc
  File "/root/rumah-akrilik/venv/lib/python3.10/site-packages/rest_framework/views.py", line 506, in dispatch
    response = handler(request, *args, **kwargs)
  File "/root/rumah-akrilik/venv/lib/python3.10/site-packages/rest_framework/mixins.py", line 43, in list
    return self.get_paginated_response(serializer.data)
  File "/root/rumah-akrilik/venv/lib/python3.10/site-packages/rest_framework/serializers.py", line 795, in data
    ret = super().data
  File "/root/rumah-akrilik/venv/lib/python3.10/site-packages/rest_framework/serializers.py", line 249, in data
    self._data = self.to_representation(self.instance)
  File "/root/rumah-akrilik/venv/lib/python3.10/site-packages/rest_framework/serializers.py", line 713, in to_representation
    return [
  File "/root/rumah-akrilik/venv/lib/python3.10/site-packages/rest_framework/serializers.py", line 714, in <listcomp>
    self.child.to_representation(item) for item in iterable
  File "/root/rumah-akrilik/venv/lib/python3.10/site-packages/rest_framework/serializers.py", line 538, in to_representation
    ret[field.field_name] = field.to_representation(attribute)
  File "/root/rumah-akrilik/venv/lib/python3.10/site-packages/rest_framework/serializers.py", line 713, in to_representation
    return [
  File "/root/rumah-akrilik/venv/lib/python3.10/site-packages/django/db/models/query.py", line 398, in __iter__
    self._fetch_all()
  File "/root/rumah-akrilik/venv/lib/python3.10/site-packages/django/db/models/query.py", line 1881, in _fetch_all
    self._result_cache = list(self._iterable_class(self))
  File "/root/rumah-akrilik/venv/lib/python3.10/site-packages/django/db/models/query.py", line 91, in __iter__
    results = compiler.execute_sql(
  File "/root/rumah-akrilik/venv/lib/python3.10/site-packages/django/db/models/sql/compiler.py", line 1562, in execute_sql
    cursor.execute(sql, params)
  File "/root/rumah-akrilik/venv/lib/python3.10/site-packages/django/db/backends/utils.py", line 102, in execute
    return super().execute(sql, params)
  File "/root/rumah-akrilik/venv/lib/python3.10/site-packages/django/db/backends/utils.py", line 67, in execute
    return self._execute_with_wrappers(
  File "/root/rumah-akrilik/venv/lib/python3.10/site-packages/django/db/backends/utils.py", line 80, in _execute_with_wrappers
    return executor(sql, params, many, context)
  File "/root/rumah-akrilik/venv/lib/python3.10/site-packages/django/db/backends/utils.py", line 84, in _execute
    with self.db.wrap_database_errors:
  File "/root/rumah-akrilik/venv/lib/python3.10/site-packages/django/db/utils.py", line 91, in __exit__
    raise dj_exc_value.with_traceback(traceback) from exc_value
  File "/root/rumah-akrilik/venv/lib/python3.10/site-packages/django/db/backends/utils.py", line 89, in _execute
    return self.cursor.execute(sql, params)
django.db.utils.ProgrammingError: column rumah_akrilik_app_customeraddress.street does not exist
LINE 1: ...umah_akrilik_app_customeraddress"."address_type", "rumah_akr...
                                                             ^

ERROR 2025-04-28 22:29:28,262 log 2163861 140493884960768 Internal Server Error: /api/order/
Traceback (most recent call last):
  File "/root/rumah-akrilik/venv/lib/python3.10/site-packages/django/core/handlers/exception.py", line 55, in inner
    response = get_response(request)
  File "/root/rumah-akrilik/venv/lib/python3.10/site-packages/django/core/handlers/base.py", line 197, in _get_response
    response = wrapped_callback(request, *callback_args, **callback_kwargs)
  File "/root/rumah-akrilik/venv/lib/python3.10/site-packages/django/views/decorators/csrf.py", line 56, in wrapper_view
    return view_func(*args, **kwargs)
  File "/root/rumah-akrilik/venv/lib/python3.10/site-packages/rest_framework/viewsets.py", line 124, in view
    return self.dispatch(request, *args, **kwargs)
  File "/root/rumah-akrilik/venv/lib/python3.10/site-packages/rest_framework/views.py", line 509, in dispatch
    response = self.handle_exception(exc)
  File "/root/rumah-akrilik/venv/lib/python3.10/site-packages/rest_framework/views.py", line 469, in handle_exception
    self.raise_uncaught_exception(exc)
  File "/root/rumah-akrilik/venv/lib/python3.10/site-packages/rest_framework/views.py", line 480, in raise_uncaught_exception
    raise exc
  File "/root/rumah-akrilik/venv/lib/python3.10/site-packages/rest_framework/views.py", line 497, in dispatch
    self.initial(request, *args, **kwargs)
  File "/root/rumah-akrilik/venv/lib/python3.10/site-packages/rest_framework/views.py", line 415, in initial
    self.check_permissions(request)
  File "/root/rumah-akrilik/venv/lib/python3.10/site-packages/rest_framework/views.py", line 331, in check_permissions
    for permission in self.get_permissions():
  File "/root/rumah-akrilik/rumah_akrilik_app/views.py", line 261, in get_permissions
    return [permission() for permission in permission_classes]
  File "/root/rumah-akrilik/rumah_akrilik_app/views.py", line 261, in <listcomp>
    return [permission() for permission in permission_classes]
TypeError: 'IsAuthenticated' object is not callable
ERROR 2025-04-28 22:29:28,309 log 2163862 140493884960768 Internal Server Error: /api/order/
Traceback (most recent call last):
  File "/root/rumah-akrilik/venv/lib/python3.10/site-packages/django/core/handlers/exception.py", line 55, in inner
    response = get_response(request)
  File "/root/rumah-akrilik/venv/lib/python3.10/site-packages/django/core/handlers/base.py", line 197, in _get_response
    response = wrapped_callback(request, *callback_args, **callback_kwargs)
  File "/root/rumah-akrilik/venv/lib/python3.10/site-packages/django/views/decorators/csrf.py", line 56, in wrapper_view
    return view_func(*args, **kwargs)
  File "/root/rumah-akrilik/venv/lib/python3.10/site-packages/rest_framework/viewsets.py", line 124, in view
    return self.dispatch(request, *args, **kwargs)
  File "/root/rumah-akrilik/venv/lib/python3.10/site-packages/rest_framework/views.py", line 509, in dispatch
    response = self.handle_exception(exc)
  File "/root/rumah-akrilik/venv/lib/python3.10/site-packages/rest_framework/views.py", line 469, in handle_exception
    self.raise_uncaught_exception(exc)
  File "/root/rumah-akrilik/venv/lib/python3.10/site-packages/rest_framework/views.py", line 480, in raise_uncaught_exception
    raise exc
  File "/root/rumah-akrilik/venv/lib/python3.10/site-packages/rest_framework/views.py", line 497, in dispatch
    self.initial(request, *args, **kwargs)
  File "/root/rumah-akrilik/venv/lib/python3.10/site-packages/rest_framework/views.py", line 415, in initial
    self.check_permissions(request)
  File "/root/rumah-akrilik/venv/lib/python3.10/site-packages/rest_framework/views.py", line 331, in check_permissions
    for permission in self.get_permissions():
  File "/root/rumah-akrilik/rumah_akrilik_app/views.py", line 261, in get_permissions
    return [permission() for permission in permission_classes]
  File "/root/rumah-akrilik/rumah_akrilik_app/views.py", line 261, in <listcomp>
    return [permission() for permission in permission_classes]
TypeError: 'IsAuthenticated' object is not callable
ERROR 2025-04-28 22:29:28,318 log 2163860 140493884960768 Internal Server Error: /api/customers/
Traceback (most recent call last):
  File "/root/rumah-akrilik/venv/lib/python3.10/site-packages/django/db/backends/utils.py", line 89, in _execute
    return self.cursor.execute(sql, params)
psycopg2.errors.UndefinedColumn: column rumah_akrilik_app_customeraddress.street does not exist
LINE 1: ...umah_akrilik_app_customeraddress"."address_type", "rumah_akr...
                                                             ^


The above exception was the direct cause of the following exception:

Traceback (most recent call last):
  File "/root/rumah-akrilik/venv/lib/python3.10/site-packages/django/core/handlers/exception.py", line 55, in inner
    response = get_response(request)
  File "/root/rumah-akrilik/venv/lib/python3.10/site-packages/django/core/handlers/base.py", line 197, in _get_response
    response = wrapped_callback(request, *callback_args, **callback_kwargs)
  File "/root/rumah-akrilik/venv/lib/python3.10/site-packages/django/views/decorators/csrf.py", line 56, in wrapper_view
    return view_func(*args, **kwargs)
  File "/root/rumah-akrilik/venv/lib/python3.10/site-packages/rest_framework/viewsets.py", line 124, in view
    return self.dispatch(request, *args, **kwargs)
  File "/root/rumah-akrilik/venv/lib/python3.10/site-packages/rest_framework/views.py", line 509, in dispatch
    response = self.handle_exception(exc)
  File "/root/rumah-akrilik/venv/lib/python3.10/site-packages/rest_framework/views.py", line 469, in handle_exception
    self.raise_uncaught_exception(exc)
  File "/root/rumah-akrilik/venv/lib/python3.10/site-packages/rest_framework/views.py", line 480, in raise_uncaught_exception
    raise exc
  File "/root/rumah-akrilik/venv/lib/python3.10/site-packages/rest_framework/views.py", line 506, in dispatch
    response = handler(request, *args, **kwargs)
  File "/root/rumah-akrilik/venv/lib/python3.10/site-packages/rest_framework/mixins.py", line 43, in list
    return self.get_paginated_response(serializer.data)
  File "/root/rumah-akrilik/venv/lib/python3.10/site-packages/rest_framework/serializers.py", line 795, in data
    ret = super().data
  File "/root/rumah-akrilik/venv/lib/python3.10/site-packages/rest_framework/serializers.py", line 249, in data
    self._data = self.to_representation(self.instance)
  File "/root/rumah-akrilik/venv/lib/python3.10/site-packages/rest_framework/serializers.py", line 713, in to_representation
    return [
  File "/root/rumah-akrilik/venv/lib/python3.10/site-packages/rest_framework/serializers.py", line 714, in <listcomp>
    self.child.to_representation(item) for item in iterable
  File "/root/rumah-akrilik/venv/lib/python3.10/site-packages/rest_framework/serializers.py", line 538, in to_representation
    ret[field.field_name] = field.to_representation(attribute)
  File "/root/rumah-akrilik/venv/lib/python3.10/site-packages/rest_framework/serializers.py", line 713, in to_representation
    return [
  File "/root/rumah-akrilik/venv/lib/python3.10/site-packages/django/db/models/query.py", line 398, in __iter__
    self._fetch_all()
  File "/root/rumah-akrilik/venv/lib/python3.10/site-packages/django/db/models/query.py", line 1881, in _fetch_all
    self._result_cache = list(self._iterable_class(self))
  File "/root/rumah-akrilik/venv/lib/python3.10/site-packages/django/db/models/query.py", line 91, in __iter__
    results = compiler.execute_sql(
  File "/root/rumah-akrilik/venv/lib/python3.10/site-packages/django/db/models/sql/compiler.py", line 1562, in execute_sql
    cursor.execute(sql, params)
  File "/root/rumah-akrilik/venv/lib/python3.10/site-packages/django/db/backends/utils.py", line 102, in execute
    return super().execute(sql, params)
  File "/root/rumah-akrilik/venv/lib/python3.10/site-packages/django/db/backends/utils.py", line 67, in execute
    return self._execute_with_wrappers(
  File "/root/rumah-akrilik/venv/lib/python3.10/site-packages/django/db/backends/utils.py", line 80, in _execute_with_wrappers
    return executor(sql, params, many, context)
  File "/root/rumah-akrilik/venv/lib/python3.10/site-packages/django/db/backends/utils.py", line 84, in _execute
    with self.db.wrap_database_errors:
  File "/root/rumah-akrilik/venv/lib/python3.10/site-packages/django/db/utils.py", line 91, in __exit__
    raise dj_exc_value.with_traceback(traceback) from exc_value
  File "/root/rumah-akrilik/venv/lib/python3.10/site-packages/django/db/backends/utils.py", line 89, in _execute
    return self.cursor.execute(sql, params)
django.db.utils.ProgrammingError: column rumah_akrilik_app_customeraddress.street does not exist
LINE 1: ...umah_akrilik_app_customeraddress"."address_type", "rumah_akr...
                                                             ^

ERROR 2025-04-28 22:29:28,381 log 2163858 140493884960768 Internal Server Error: /api/order/
Traceback (most recent call last):
  File "/root/rumah-akrilik/venv/lib/python3.10/site-packages/django/core/handlers/exception.py", line 55, in inner
    response = get_response(request)
  File "/root/rumah-akrilik/venv/lib/python3.10/site-packages/django/core/handlers/base.py", line 197, in _get_response
    response = wrapped_callback(request, *callback_args, **callback_kwargs)
  File "/root/rumah-akrilik/venv/lib/python3.10/site-packages/django/views/decorators/csrf.py", line 56, in wrapper_view
    return view_func(*args, **kwargs)
  File "/root/rumah-akrilik/venv/lib/python3.10/site-packages/rest_framework/viewsets.py", line 124, in view
    return self.dispatch(request, *args, **kwargs)
  File "/root/rumah-akrilik/venv/lib/python3.10/site-packages/rest_framework/views.py", line 509, in dispatch
    response = self.handle_exception(exc)
  File "/root/rumah-akrilik/venv/lib/python3.10/site-packages/rest_framework/views.py", line 469, in handle_exception
    self.raise_uncaught_exception(exc)
  File "/root/rumah-akrilik/venv/lib/python3.10/site-packages/rest_framework/views.py", line 480, in raise_uncaught_exception
    raise exc
  File "/root/rumah-akrilik/venv/lib/python3.10/site-packages/rest_framework/views.py", line 497, in dispatch
    self.initial(request, *args, **kwargs)
  File "/root/rumah-akrilik/venv/lib/python3.10/site-packages/rest_framework/views.py", line 415, in initial
    self.check_permissions(request)
  File "/root/rumah-akrilik/venv/lib/python3.10/site-packages/rest_framework/views.py", line 331, in check_permissions
    for permission in self.get_permissions():
  File "/root/rumah-akrilik/rumah_akrilik_app/views.py", line 261, in get_permissions
    return [permission() for permission in permission_classes]
  File "/root/rumah-akrilik/rumah_akrilik_app/views.py", line 261, in <listcomp>
    return [permission() for permission in permission_classes]
TypeError: 'IsAuthenticated' object is not callable
ERROR 2025-04-28 22:43:33,184 log 2164313 140212998275072 Internal Server Error: /api/order/
Traceback (most recent call last):
  File "/root/rumah-akrilik/venv/lib/python3.10/site-packages/django/db/backends/utils.py", line 89, in _execute
    return self.cursor.execute(sql, params)
psycopg2.errors.UndefinedColumn: column rumah_akrilik_app_orderitem.nama_produk does not exist
LINE 1: ..._id", "rumah_akrilik_app_orderitem"."product_id", "rumah_akr...
                                                             ^


The above exception was the direct cause of the following exception:

Traceback (most recent call last):
  File "/root/rumah-akrilik/venv/lib/python3.10/site-packages/django/core/handlers/exception.py", line 55, in inner
    response = get_response(request)
  File "/root/rumah-akrilik/venv/lib/python3.10/site-packages/django/core/handlers/base.py", line 197, in _get_response
    response = wrapped_callback(request, *callback_args, **callback_kwargs)
  File "/root/rumah-akrilik/venv/lib/python3.10/site-packages/django/views/decorators/csrf.py", line 56, in wrapper_view
    return view_func(*args, **kwargs)
  File "/root/rumah-akrilik/venv/lib/python3.10/site-packages/rest_framework/viewsets.py", line 124, in view
    return self.dispatch(request, *args, **kwargs)
  File "/root/rumah-akrilik/venv/lib/python3.10/site-packages/rest_framework/views.py", line 509, in dispatch
    response = self.handle_exception(exc)
  File "/root/rumah-akrilik/venv/lib/python3.10/site-packages/rest_framework/views.py", line 469, in handle_exception
    self.raise_uncaught_exception(exc)
  File "/root/rumah-akrilik/venv/lib/python3.10/site-packages/rest_framework/views.py", line 480, in raise_uncaught_exception
    raise exc
  File "/root/rumah-akrilik/venv/lib/python3.10/site-packages/rest_framework/views.py", line 506, in dispatch
    response = handler(request, *args, **kwargs)
  File "/root/rumah-akrilik/venv/lib/python3.10/site-packages/rest_framework/mixins.py", line 40, in list
    page = self.paginate_queryset(queryset)
  File "/root/rumah-akrilik/venv/lib/python3.10/site-packages/rest_framework/generics.py", line 175, in paginate_queryset
    return self.paginator.paginate_queryset(queryset, self.request, view=self)
  File "/root/rumah-akrilik/venv/lib/python3.10/site-packages/rest_framework/pagination.py", line 222, in paginate_queryset
    return list(self.page)
  File "/root/rumah-akrilik/venv/lib/python3.10/site-packages/django/core/paginator.py", line 174, in __len__
    return len(self.object_list)
  File "/root/rumah-akrilik/venv/lib/python3.10/site-packages/django/db/models/query.py", line 380, in __len__
    self._fetch_all()
  File "/root/rumah-akrilik/venv/lib/python3.10/site-packages/django/db/models/query.py", line 1883, in _fetch_all
    self._prefetch_related_objects()
  File "/root/rumah-akrilik/venv/lib/python3.10/site-packages/django/db/models/query.py", line 1273, in _prefetch_related_objects
    prefetch_related_objects(self._result_cache, *self._prefetch_related_lookups)
  File "/root/rumah-akrilik/venv/lib/python3.10/site-packages/django/db/models/query.py", line 2321, in prefetch_related_objects
    obj_list, additional_lookups = prefetch_one_level(
  File "/root/rumah-akrilik/venv/lib/python3.10/site-packages/django/db/models/query.py", line 2463, in prefetch_one_level
    ) = prefetcher.get_prefetch_queryset(instances, lookup.get_current_queryset(level))
  File "/root/rumah-akrilik/venv/lib/python3.10/site-packages/django/db/models/fields/related_descriptors.py", line 744, in get_prefetch_queryset
    for rel_obj in queryset:
  File "/root/rumah-akrilik/venv/lib/python3.10/site-packages/django/db/models/query.py", line 398, in __iter__
    self._fetch_all()
  File "/root/rumah-akrilik/venv/lib/python3.10/site-packages/django/db/models/query.py", line 1881, in _fetch_all
    self._result_cache = list(self._iterable_class(self))
  File "/root/rumah-akrilik/venv/lib/python3.10/site-packages/django/db/models/query.py", line 91, in __iter__
    results = compiler.execute_sql(
  File "/root/rumah-akrilik/venv/lib/python3.10/site-packages/django/db/models/sql/compiler.py", line 1562, in execute_sql
    cursor.execute(sql, params)
  File "/root/rumah-akrilik/venv/lib/python3.10/site-packages/django/db/backends/utils.py", line 102, in execute
    return super().execute(sql, params)
  File "/root/rumah-akrilik/venv/lib/python3.10/site-packages/django/db/backends/utils.py", line 67, in execute
    return self._execute_with_wrappers(
  File "/root/rumah-akrilik/venv/lib/python3.10/site-packages/django/db/backends/utils.py", line 80, in _execute_with_wrappers
    return executor(sql, params, many, context)
  File "/root/rumah-akrilik/venv/lib/python3.10/site-packages/django/db/backends/utils.py", line 84, in _execute
    with self.db.wrap_database_errors:
  File "/root/rumah-akrilik/venv/lib/python3.10/site-packages/django/db/utils.py", line 91, in __exit__
    raise dj_exc_value.with_traceback(traceback) from exc_value
  File "/root/rumah-akrilik/venv/lib/python3.10/site-packages/django/db/backends/utils.py", line 89, in _execute
    return self.cursor.execute(sql, params)
django.db.utils.ProgrammingError: column rumah_akrilik_app_orderitem.nama_produk does not exist
LINE 1: ..._id", "rumah_akrilik_app_orderitem"."product_id", "rumah_akr...
                                                             ^

ERROR 2025-04-28 22:43:33,379 log 2164312 140212998275072 Internal Server Error: /api/customers/
Traceback (most recent call last):
  File "/root/rumah-akrilik/venv/lib/python3.10/site-packages/django/db/backends/utils.py", line 89, in _execute
    return self.cursor.execute(sql, params)
psycopg2.errors.UndefinedColumn: column rumah_akrilik_app_customeraddress.street does not exist
LINE 1: ...umah_akrilik_app_customeraddress"."address_type", "rumah_akr...
                                                             ^


The above exception was the direct cause of the following exception:

Traceback (most recent call last):
  File "/root/rumah-akrilik/venv/lib/python3.10/site-packages/django/core/handlers/exception.py", line 55, in inner
    response = get_response(request)
  File "/root/rumah-akrilik/venv/lib/python3.10/site-packages/django/core/handlers/base.py", line 197, in _get_response
    response = wrapped_callback(request, *callback_args, **callback_kwargs)
  File "/root/rumah-akrilik/venv/lib/python3.10/site-packages/django/views/decorators/csrf.py", line 56, in wrapper_view
    return view_func(*args, **kwargs)
  File "/root/rumah-akrilik/venv/lib/python3.10/site-packages/rest_framework/viewsets.py", line 124, in view
    return self.dispatch(request, *args, **kwargs)
  File "/root/rumah-akrilik/venv/lib/python3.10/site-packages/rest_framework/views.py", line 509, in dispatch
    response = self.handle_exception(exc)
  File "/root/rumah-akrilik/venv/lib/python3.10/site-packages/rest_framework/views.py", line 469, in handle_exception
    self.raise_uncaught_exception(exc)
  File "/root/rumah-akrilik/venv/lib/python3.10/site-packages/rest_framework/views.py", line 480, in raise_uncaught_exception
    raise exc
  File "/root/rumah-akrilik/venv/lib/python3.10/site-packages/rest_framework/views.py", line 506, in dispatch
    response = handler(request, *args, **kwargs)
  File "/root/rumah-akrilik/venv/lib/python3.10/site-packages/rest_framework/mixins.py", line 43, in list
    return self.get_paginated_response(serializer.data)
  File "/root/rumah-akrilik/venv/lib/python3.10/site-packages/rest_framework/serializers.py", line 795, in data
    ret = super().data
  File "/root/rumah-akrilik/venv/lib/python3.10/site-packages/rest_framework/serializers.py", line 249, in data
    self._data = self.to_representation(self.instance)
  File "/root/rumah-akrilik/venv/lib/python3.10/site-packages/rest_framework/serializers.py", line 713, in to_representation
    return [
  File "/root/rumah-akrilik/venv/lib/python3.10/site-packages/rest_framework/serializers.py", line 714, in <listcomp>
    self.child.to_representation(item) for item in iterable
  File "/root/rumah-akrilik/venv/lib/python3.10/site-packages/rest_framework/serializers.py", line 538, in to_representation
    ret[field.field_name] = field.to_representation(attribute)
  File "/root/rumah-akrilik/venv/lib/python3.10/site-packages/rest_framework/serializers.py", line 713, in to_representation
    return [
  File "/root/rumah-akrilik/venv/lib/python3.10/site-packages/django/db/models/query.py", line 398, in __iter__
    self._fetch_all()
  File "/root/rumah-akrilik/venv/lib/python3.10/site-packages/django/db/models/query.py", line 1881, in _fetch_all
    self._result_cache = list(self._iterable_class(self))
  File "/root/rumah-akrilik/venv/lib/python3.10/site-packages/django/db/models/query.py", line 91, in __iter__
    results = compiler.execute_sql(
  File "/root/rumah-akrilik/venv/lib/python3.10/site-packages/django/db/models/sql/compiler.py", line 1562, in execute_sql
    cursor.execute(sql, params)
  File "/root/rumah-akrilik/venv/lib/python3.10/site-packages/django/db/backends/utils.py", line 102, in execute
    return super().execute(sql, params)
  File "/root/rumah-akrilik/venv/lib/python3.10/site-packages/django/db/backends/utils.py", line 67, in execute
    return self._execute_with_wrappers(
  File "/root/rumah-akrilik/venv/lib/python3.10/site-packages/django/db/backends/utils.py", line 80, in _execute_with_wrappers
    return executor(sql, params, many, context)
  File "/root/rumah-akrilik/venv/lib/python3.10/site-packages/django/db/backends/utils.py", line 84, in _execute
    with self.db.wrap_database_errors:
  File "/root/rumah-akrilik/venv/lib/python3.10/site-packages/django/db/utils.py", line 91, in __exit__
    raise dj_exc_value.with_traceback(traceback) from exc_value
  File "/root/rumah-akrilik/venv/lib/python3.10/site-packages/django/db/backends/utils.py", line 89, in _execute
    return self.cursor.execute(sql, params)
django.db.utils.ProgrammingError: column rumah_akrilik_app_customeraddress.street does not exist
LINE 1: ...umah_akrilik_app_customeraddress"."address_type", "rumah_akr...
                                                             ^

ERROR 2025-04-28 22:43:33,432 log 2164314 140212998275072 Internal Server Error: /api/order/
Traceback (most recent call last):
  File "/root/rumah-akrilik/venv/lib/python3.10/site-packages/django/db/backends/utils.py", line 89, in _execute
    return self.cursor.execute(sql, params)
psycopg2.errors.UndefinedColumn: column rumah_akrilik_app_orderitem.nama_produk does not exist
LINE 1: ..._id", "rumah_akrilik_app_orderitem"."product_id", "rumah_akr...
                                                             ^


The above exception was the direct cause of the following exception:

Traceback (most recent call last):
  File "/root/rumah-akrilik/venv/lib/python3.10/site-packages/django/core/handlers/exception.py", line 55, in inner
    response = get_response(request)
  File "/root/rumah-akrilik/venv/lib/python3.10/site-packages/django/core/handlers/base.py", line 197, in _get_response
    response = wrapped_callback(request, *callback_args, **callback_kwargs)
  File "/root/rumah-akrilik/venv/lib/python3.10/site-packages/django/views/decorators/csrf.py", line 56, in wrapper_view
    return view_func(*args, **kwargs)
  File "/root/rumah-akrilik/venv/lib/python3.10/site-packages/rest_framework/viewsets.py", line 124, in view
    return self.dispatch(request, *args, **kwargs)
  File "/root/rumah-akrilik/venv/lib/python3.10/site-packages/rest_framework/views.py", line 509, in dispatch
    response = self.handle_exception(exc)
  File "/root/rumah-akrilik/venv/lib/python3.10/site-packages/rest_framework/views.py", line 469, in handle_exception
    self.raise_uncaught_exception(exc)
  File "/root/rumah-akrilik/venv/lib/python3.10/site-packages/rest_framework/views.py", line 480, in raise_uncaught_exception
    raise exc
  File "/root/rumah-akrilik/venv/lib/python3.10/site-packages/rest_framework/views.py", line 506, in dispatch
    response = handler(request, *args, **kwargs)
  File "/root/rumah-akrilik/venv/lib/python3.10/site-packages/rest_framework/mixins.py", line 40, in list
    page = self.paginate_queryset(queryset)
  File "/root/rumah-akrilik/venv/lib/python3.10/site-packages/rest_framework/generics.py", line 175, in paginate_queryset
    return self.paginator.paginate_queryset(queryset, self.request, view=self)
  File "/root/rumah-akrilik/venv/lib/python3.10/site-packages/rest_framework/pagination.py", line 222, in paginate_queryset
    return list(self.page)
  File "/root/rumah-akrilik/venv/lib/python3.10/site-packages/django/core/paginator.py", line 174, in __len__
    return len(self.object_list)
  File "/root/rumah-akrilik/venv/lib/python3.10/site-packages/django/db/models/query.py", line 380, in __len__
    self._fetch_all()
  File "/root/rumah-akrilik/venv/lib/python3.10/site-packages/django/db/models/query.py", line 1883, in _fetch_all
    self._prefetch_related_objects()
  File "/root/rumah-akrilik/venv/lib/python3.10/site-packages/django/db/models/query.py", line 1273, in _prefetch_related_objects
    prefetch_related_objects(self._result_cache, *self._prefetch_related_lookups)
  File "/root/rumah-akrilik/venv/lib/python3.10/site-packages/django/db/models/query.py", line 2321, in prefetch_related_objects
    obj_list, additional_lookups = prefetch_one_level(
  File "/root/rumah-akrilik/venv/lib/python3.10/site-packages/django/db/models/query.py", line 2463, in prefetch_one_level
    ) = prefetcher.get_prefetch_queryset(instances, lookup.get_current_queryset(level))
  File "/root/rumah-akrilik/venv/lib/python3.10/site-packages/django/db/models/fields/related_descriptors.py", line 744, in get_prefetch_queryset
    for rel_obj in queryset:
  File "/root/rumah-akrilik/venv/lib/python3.10/site-packages/django/db/models/query.py", line 398, in __iter__
    self._fetch_all()
  File "/root/rumah-akrilik/venv/lib/python3.10/site-packages/django/db/models/query.py", line 1881, in _fetch_all
    self._result_cache = list(self._iterable_class(self))
  File "/root/rumah-akrilik/venv/lib/python3.10/site-packages/django/db/models/query.py", line 91, in __iter__
    results = compiler.execute_sql(
  File "/root/rumah-akrilik/venv/lib/python3.10/site-packages/django/db/models/sql/compiler.py", line 1562, in execute_sql
    cursor.execute(sql, params)
  File "/root/rumah-akrilik/venv/lib/python3.10/site-packages/django/db/backends/utils.py", line 102, in execute
    return super().execute(sql, params)
  File "/root/rumah-akrilik/venv/lib/python3.10/site-packages/django/db/backends/utils.py", line 67, in execute
    return self._execute_with_wrappers(
  File "/root/rumah-akrilik/venv/lib/python3.10/site-packages/django/db/backends/utils.py", line 80, in _execute_with_wrappers
    return executor(sql, params, many, context)
  File "/root/rumah-akrilik/venv/lib/python3.10/site-packages/django/db/backends/utils.py", line 84, in _execute
    with self.db.wrap_database_errors:
  File "/root/rumah-akrilik/venv/lib/python3.10/site-packages/django/db/utils.py", line 91, in __exit__
    raise dj_exc_value.with_traceback(traceback) from exc_value
  File "/root/rumah-akrilik/venv/lib/python3.10/site-packages/django/db/backends/utils.py", line 89, in _execute
    return self.cursor.execute(sql, params)
django.db.utils.ProgrammingError: column rumah_akrilik_app_orderitem.nama_produk does not exist
LINE 1: ..._id", "rumah_akrilik_app_orderitem"."product_id", "rumah_akr...
                                                             ^

ERROR 2025-04-28 22:43:33,488 log 2164315 140212998275072 Internal Server Error: /api/order/
Traceback (most recent call last):
  File "/root/rumah-akrilik/venv/lib/python3.10/site-packages/django/db/backends/utils.py", line 89, in _execute
    return self.cursor.execute(sql, params)
psycopg2.errors.UndefinedColumn: column rumah_akrilik_app_orderitem.nama_produk does not exist
LINE 1: ..._id", "rumah_akrilik_app_orderitem"."product_id", "rumah_akr...
                                                             ^


The above exception was the direct cause of the following exception:

Traceback (most recent call last):
  File "/root/rumah-akrilik/venv/lib/python3.10/site-packages/django/core/handlers/exception.py", line 55, in inner
    response = get_response(request)
  File "/root/rumah-akrilik/venv/lib/python3.10/site-packages/django/core/handlers/base.py", line 197, in _get_response
    response = wrapped_callback(request, *callback_args, **callback_kwargs)
  File "/root/rumah-akrilik/venv/lib/python3.10/site-packages/django/views/decorators/csrf.py", line 56, in wrapper_view
    return view_func(*args, **kwargs)
  File "/root/rumah-akrilik/venv/lib/python3.10/site-packages/rest_framework/viewsets.py", line 124, in view
    return self.dispatch(request, *args, **kwargs)
  File "/root/rumah-akrilik/venv/lib/python3.10/site-packages/rest_framework/views.py", line 509, in dispatch
    response = self.handle_exception(exc)
  File "/root/rumah-akrilik/venv/lib/python3.10/site-packages/rest_framework/views.py", line 469, in handle_exception
    self.raise_uncaught_exception(exc)
  File "/root/rumah-akrilik/venv/lib/python3.10/site-packages/rest_framework/views.py", line 480, in raise_uncaught_exception
    raise exc
  File "/root/rumah-akrilik/venv/lib/python3.10/site-packages/rest_framework/views.py", line 506, in dispatch
    response = handler(request, *args, **kwargs)
  File "/root/rumah-akrilik/venv/lib/python3.10/site-packages/rest_framework/mixins.py", line 40, in list
    page = self.paginate_queryset(queryset)
  File "/root/rumah-akrilik/venv/lib/python3.10/site-packages/rest_framework/generics.py", line 175, in paginate_queryset
    return self.paginator.paginate_queryset(queryset, self.request, view=self)
  File "/root/rumah-akrilik/venv/lib/python3.10/site-packages/rest_framework/pagination.py", line 222, in paginate_queryset
    return list(self.page)
  File "/root/rumah-akrilik/venv/lib/python3.10/site-packages/django/core/paginator.py", line 174, in __len__
    return len(self.object_list)
  File "/root/rumah-akrilik/venv/lib/python3.10/site-packages/django/db/models/query.py", line 380, in __len__
    self._fetch_all()
  File "/root/rumah-akrilik/venv/lib/python3.10/site-packages/django/db/models/query.py", line 1883, in _fetch_all
    self._prefetch_related_objects()
  File "/root/rumah-akrilik/venv/lib/python3.10/site-packages/django/db/models/query.py", line 1273, in _prefetch_related_objects
    prefetch_related_objects(self._result_cache, *self._prefetch_related_lookups)
  File "/root/rumah-akrilik/venv/lib/python3.10/site-packages/django/db/models/query.py", line 2321, in prefetch_related_objects
    obj_list, additional_lookups = prefetch_one_level(
  File "/root/rumah-akrilik/venv/lib/python3.10/site-packages/django/db/models/query.py", line 2463, in prefetch_one_level
    ) = prefetcher.get_prefetch_queryset(instances, lookup.get_current_queryset(level))
  File "/root/rumah-akrilik/venv/lib/python3.10/site-packages/django/db/models/fields/related_descriptors.py", line 744, in get_prefetch_queryset
    for rel_obj in queryset:
  File "/root/rumah-akrilik/venv/lib/python3.10/site-packages/django/db/models/query.py", line 398, in __iter__
    self._fetch_all()
  File "/root/rumah-akrilik/venv/lib/python3.10/site-packages/django/db/models/query.py", line 1881, in _fetch_all
    self._result_cache = list(self._iterable_class(self))
  File "/root/rumah-akrilik/venv/lib/python3.10/site-packages/django/db/models/query.py", line 91, in __iter__
    results = compiler.execute_sql(
  File "/root/rumah-akrilik/venv/lib/python3.10/site-packages/django/db/models/sql/compiler.py", line 1562, in execute_sql
    cursor.execute(sql, params)
  File "/root/rumah-akrilik/venv/lib/python3.10/site-packages/django/db/backends/utils.py", line 102, in execute
    return super().execute(sql, params)
  File "/root/rumah-akrilik/venv/lib/python3.10/site-packages/django/db/backends/utils.py", line 67, in execute
    return self._execute_with_wrappers(
  File "/root/rumah-akrilik/venv/lib/python3.10/site-packages/django/db/backends/utils.py", line 80, in _execute_with_wrappers
    return executor(sql, params, many, context)
  File "/root/rumah-akrilik/venv/lib/python3.10/site-packages/django/db/backends/utils.py", line 84, in _execute
    with self.db.wrap_database_errors:
  File "/root/rumah-akrilik/venv/lib/python3.10/site-packages/django/db/utils.py", line 91, in __exit__
    raise dj_exc_value.with_traceback(traceback) from exc_value
  File "/root/rumah-akrilik/venv/lib/python3.10/site-packages/django/db/backends/utils.py", line 89, in _execute
    return self.cursor.execute(sql, params)
django.db.utils.ProgrammingError: column rumah_akrilik_app_orderitem.nama_produk does not exist
LINE 1: ..._id", "rumah_akrilik_app_orderitem"."product_id", "rumah_akr...
                                                             ^

ERROR 2025-04-28 22:43:35,708 log 2164313 140212998275072 Internal Server Error: /api/customers/
Traceback (most recent call last):
  File "/root/rumah-akrilik/venv/lib/python3.10/site-packages/django/db/backends/utils.py", line 89, in _execute
    return self.cursor.execute(sql, params)
psycopg2.errors.UndefinedColumn: column rumah_akrilik_app_customeraddress.street does not exist
LINE 1: ...umah_akrilik_app_customeraddress"."address_type", "rumah_akr...
                                                             ^


The above exception was the direct cause of the following exception:

Traceback (most recent call last):
  File "/root/rumah-akrilik/venv/lib/python3.10/site-packages/django/core/handlers/exception.py", line 55, in inner
    response = get_response(request)
  File "/root/rumah-akrilik/venv/lib/python3.10/site-packages/django/core/handlers/base.py", line 197, in _get_response
    response = wrapped_callback(request, *callback_args, **callback_kwargs)
  File "/root/rumah-akrilik/venv/lib/python3.10/site-packages/django/views/decorators/csrf.py", line 56, in wrapper_view
    return view_func(*args, **kwargs)
  File "/root/rumah-akrilik/venv/lib/python3.10/site-packages/rest_framework/viewsets.py", line 124, in view
    return self.dispatch(request, *args, **kwargs)
  File "/root/rumah-akrilik/venv/lib/python3.10/site-packages/rest_framework/views.py", line 509, in dispatch
    response = self.handle_exception(exc)
  File "/root/rumah-akrilik/venv/lib/python3.10/site-packages/rest_framework/views.py", line 469, in handle_exception
    self.raise_uncaught_exception(exc)
  File "/root/rumah-akrilik/venv/lib/python3.10/site-packages/rest_framework/views.py", line 480, in raise_uncaught_exception
    raise exc
  File "/root/rumah-akrilik/venv/lib/python3.10/site-packages/rest_framework/views.py", line 506, in dispatch
    response = handler(request, *args, **kwargs)
  File "/root/rumah-akrilik/venv/lib/python3.10/site-packages/rest_framework/mixins.py", line 43, in list
    return self.get_paginated_response(serializer.data)
  File "/root/rumah-akrilik/venv/lib/python3.10/site-packages/rest_framework/serializers.py", line 795, in data
    ret = super().data
  File "/root/rumah-akrilik/venv/lib/python3.10/site-packages/rest_framework/serializers.py", line 249, in data
    self._data = self.to_representation(self.instance)
  File "/root/rumah-akrilik/venv/lib/python3.10/site-packages/rest_framework/serializers.py", line 713, in to_representation
    return [
  File "/root/rumah-akrilik/venv/lib/python3.10/site-packages/rest_framework/serializers.py", line 714, in <listcomp>
    self.child.to_representation(item) for item in iterable
  File "/root/rumah-akrilik/venv/lib/python3.10/site-packages/rest_framework/serializers.py", line 538, in to_representation
    ret[field.field_name] = field.to_representation(attribute)
  File "/root/rumah-akrilik/venv/lib/python3.10/site-packages/rest_framework/serializers.py", line 713, in to_representation
    return [
  File "/root/rumah-akrilik/venv/lib/python3.10/site-packages/django/db/models/query.py", line 398, in __iter__
    self._fetch_all()
  File "/root/rumah-akrilik/venv/lib/python3.10/site-packages/django/db/models/query.py", line 1881, in _fetch_all
    self._result_cache = list(self._iterable_class(self))
  File "/root/rumah-akrilik/venv/lib/python3.10/site-packages/django/db/models/query.py", line 91, in __iter__
    results = compiler.execute_sql(
  File "/root/rumah-akrilik/venv/lib/python3.10/site-packages/django/db/models/sql/compiler.py", line 1562, in execute_sql
    cursor.execute(sql, params)
  File "/root/rumah-akrilik/venv/lib/python3.10/site-packages/django/db/backends/utils.py", line 102, in execute
    return super().execute(sql, params)
  File "/root/rumah-akrilik/venv/lib/python3.10/site-packages/django/db/backends/utils.py", line 67, in execute
    return self._execute_with_wrappers(
  File "/root/rumah-akrilik/venv/lib/python3.10/site-packages/django/db/backends/utils.py", line 80, in _execute_with_wrappers
    return executor(sql, params, many, context)
  File "/root/rumah-akrilik/venv/lib/python3.10/site-packages/django/db/backends/utils.py", line 84, in _execute
    with self.db.wrap_database_errors:
  File "/root/rumah-akrilik/venv/lib/python3.10/site-packages/django/db/utils.py", line 91, in __exit__
    raise dj_exc_value.with_traceback(traceback) from exc_value
  File "/root/rumah-akrilik/venv/lib/python3.10/site-packages/django/db/backends/utils.py", line 89, in _execute
    return self.cursor.execute(sql, params)
django.db.utils.ProgrammingError: column rumah_akrilik_app_customeraddress.street does not exist
LINE 1: ...umah_akrilik_app_customeraddress"."address_type", "rumah_akr...
                                                             ^

ERROR 2025-04-28 22:43:35,750 log 2164312 140212998275072 Internal Server Error: /api/order/
Traceback (most recent call last):
  File "/root/rumah-akrilik/venv/lib/python3.10/site-packages/django/db/backends/utils.py", line 89, in _execute
    return self.cursor.execute(sql, params)
psycopg2.errors.UndefinedColumn: column rumah_akrilik_app_orderitem.nama_produk does not exist
LINE 1: ..._id", "rumah_akrilik_app_orderitem"."product_id", "rumah_akr...
                                                             ^


The above exception was the direct cause of the following exception:

Traceback (most recent call last):
  File "/root/rumah-akrilik/venv/lib/python3.10/site-packages/django/core/handlers/exception.py", line 55, in inner
    response = get_response(request)
  File "/root/rumah-akrilik/venv/lib/python3.10/site-packages/django/core/handlers/base.py", line 197, in _get_response
    response = wrapped_callback(request, *callback_args, **callback_kwargs)
  File "/root/rumah-akrilik/venv/lib/python3.10/site-packages/django/views/decorators/csrf.py", line 56, in wrapper_view
    return view_func(*args, **kwargs)
  File "/root/rumah-akrilik/venv/lib/python3.10/site-packages/rest_framework/viewsets.py", line 124, in view
    return self.dispatch(request, *args, **kwargs)
  File "/root/rumah-akrilik/venv/lib/python3.10/site-packages/rest_framework/views.py", line 509, in dispatch
    response = self.handle_exception(exc)
  File "/root/rumah-akrilik/venv/lib/python3.10/site-packages/rest_framework/views.py", line 469, in handle_exception
    self.raise_uncaught_exception(exc)
  File "/root/rumah-akrilik/venv/lib/python3.10/site-packages/rest_framework/views.py", line 480, in raise_uncaught_exception
    raise exc
  File "/root/rumah-akrilik/venv/lib/python3.10/site-packages/rest_framework/views.py", line 506, in dispatch
    response = handler(request, *args, **kwargs)
  File "/root/rumah-akrilik/venv/lib/python3.10/site-packages/rest_framework/mixins.py", line 40, in list
    page = self.paginate_queryset(queryset)
  File "/root/rumah-akrilik/venv/lib/python3.10/site-packages/rest_framework/generics.py", line 175, in paginate_queryset
    return self.paginator.paginate_queryset(queryset, self.request, view=self)
  File "/root/rumah-akrilik/venv/lib/python3.10/site-packages/rest_framework/pagination.py", line 222, in paginate_queryset
    return list(self.page)
  File "/root/rumah-akrilik/venv/lib/python3.10/site-packages/django/core/paginator.py", line 174, in __len__
    return len(self.object_list)
  File "/root/rumah-akrilik/venv/lib/python3.10/site-packages/django/db/models/query.py", line 380, in __len__
    self._fetch_all()
  File "/root/rumah-akrilik/venv/lib/python3.10/site-packages/django/db/models/query.py", line 1883, in _fetch_all
    self._prefetch_related_objects()
  File "/root/rumah-akrilik/venv/lib/python3.10/site-packages/django/db/models/query.py", line 1273, in _prefetch_related_objects
    prefetch_related_objects(self._result_cache, *self._prefetch_related_lookups)
  File "/root/rumah-akrilik/venv/lib/python3.10/site-packages/django/db/models/query.py", line 2321, in prefetch_related_objects
    obj_list, additional_lookups = prefetch_one_level(
  File "/root/rumah-akrilik/venv/lib/python3.10/site-packages/django/db/models/query.py", line 2463, in prefetch_one_level
    ) = prefetcher.get_prefetch_queryset(instances, lookup.get_current_queryset(level))
  File "/root/rumah-akrilik/venv/lib/python3.10/site-packages/django/db/models/fields/related_descriptors.py", line 744, in get_prefetch_queryset
    for rel_obj in queryset:
  File "/root/rumah-akrilik/venv/lib/python3.10/site-packages/django/db/models/query.py", line 398, in __iter__
    self._fetch_all()
  File "/root/rumah-akrilik/venv/lib/python3.10/site-packages/django/db/models/query.py", line 1881, in _fetch_all
    self._result_cache = list(self._iterable_class(self))
  File "/root/rumah-akrilik/venv/lib/python3.10/site-packages/django/db/models/query.py", line 91, in __iter__
    results = compiler.execute_sql(
  File "/root/rumah-akrilik/venv/lib/python3.10/site-packages/django/db/models/sql/compiler.py", line 1562, in execute_sql
    cursor.execute(sql, params)
  File "/root/rumah-akrilik/venv/lib/python3.10/site-packages/django/db/backends/utils.py", line 102, in execute
    return super().execute(sql, params)
  File "/root/rumah-akrilik/venv/lib/python3.10/site-packages/django/db/backends/utils.py", line 67, in execute
    return self._execute_with_wrappers(
  File "/root/rumah-akrilik/venv/lib/python3.10/site-packages/django/db/backends/utils.py", line 80, in _execute_with_wrappers
    return executor(sql, params, many, context)
  File "/root/rumah-akrilik/venv/lib/python3.10/site-packages/django/db/backends/utils.py", line 84, in _execute
    with self.db.wrap_database_errors:
  File "/root/rumah-akrilik/venv/lib/python3.10/site-packages/django/db/utils.py", line 91, in __exit__
    raise dj_exc_value.with_traceback(traceback) from exc_value
  File "/root/rumah-akrilik/venv/lib/python3.10/site-packages/django/db/backends/utils.py", line 89, in _execute
    return self.cursor.execute(sql, params)
django.db.utils.ProgrammingError: column rumah_akrilik_app_orderitem.nama_produk does not exist
LINE 1: ..._id", "rumah_akrilik_app_orderitem"."product_id", "rumah_akr...
                                                             ^

ERROR 2025-04-28 22:43:35,759 log 2164316 140212998275072 Internal Server Error: /api/order/
Traceback (most recent call last):
  File "/root/rumah-akrilik/venv/lib/python3.10/site-packages/django/db/backends/utils.py", line 89, in _execute
    return self.cursor.execute(sql, params)
psycopg2.errors.UndefinedColumn: column rumah_akrilik_app_orderitem.nama_produk does not exist
LINE 1: ..._id", "rumah_akrilik_app_orderitem"."product_id", "rumah_akr...
                                                             ^


The above exception was the direct cause of the following exception:

Traceback (most recent call last):
  File "/root/rumah-akrilik/venv/lib/python3.10/site-packages/django/core/handlers/exception.py", line 55, in inner
    response = get_response(request)
  File "/root/rumah-akrilik/venv/lib/python3.10/site-packages/django/core/handlers/base.py", line 197, in _get_response
    response = wrapped_callback(request, *callback_args, **callback_kwargs)
  File "/root/rumah-akrilik/venv/lib/python3.10/site-packages/django/views/decorators/csrf.py", line 56, in wrapper_view
    return view_func(*args, **kwargs)
  File "/root/rumah-akrilik/venv/lib/python3.10/site-packages/rest_framework/viewsets.py", line 124, in view
    return self.dispatch(request, *args, **kwargs)
  File "/root/rumah-akrilik/venv/lib/python3.10/site-packages/rest_framework/views.py", line 509, in dispatch
    response = self.handle_exception(exc)
  File "/root/rumah-akrilik/venv/lib/python3.10/site-packages/rest_framework/views.py", line 469, in handle_exception
    self.raise_uncaught_exception(exc)
  File "/root/rumah-akrilik/venv/lib/python3.10/site-packages/rest_framework/views.py", line 480, in raise_uncaught_exception
    raise exc
  File "/root/rumah-akrilik/venv/lib/python3.10/site-packages/rest_framework/views.py", line 506, in dispatch
    response = handler(request, *args, **kwargs)
  File "/root/rumah-akrilik/venv/lib/python3.10/site-packages/rest_framework/mixins.py", line 40, in list
    page = self.paginate_queryset(queryset)
  File "/root/rumah-akrilik/venv/lib/python3.10/site-packages/rest_framework/generics.py", line 175, in paginate_queryset
    return self.paginator.paginate_queryset(queryset, self.request, view=self)
  File "/root/rumah-akrilik/venv/lib/python3.10/site-packages/rest_framework/pagination.py", line 222, in paginate_queryset
    return list(self.page)
  File "/root/rumah-akrilik/venv/lib/python3.10/site-packages/django/core/paginator.py", line 174, in __len__
    return len(self.object_list)
  File "/root/rumah-akrilik/venv/lib/python3.10/site-packages/django/db/models/query.py", line 380, in __len__
    self._fetch_all()
  File "/root/rumah-akrilik/venv/lib/python3.10/site-packages/django/db/models/query.py", line 1883, in _fetch_all
    self._prefetch_related_objects()
  File "/root/rumah-akrilik/venv/lib/python3.10/site-packages/django/db/models/query.py", line 1273, in _prefetch_related_objects
    prefetch_related_objects(self._result_cache, *self._prefetch_related_lookups)
  File "/root/rumah-akrilik/venv/lib/python3.10/site-packages/django/db/models/query.py", line 2321, in prefetch_related_objects
    obj_list, additional_lookups = prefetch_one_level(
  File "/root/rumah-akrilik/venv/lib/python3.10/site-packages/django/db/models/query.py", line 2463, in prefetch_one_level
    ) = prefetcher.get_prefetch_queryset(instances, lookup.get_current_queryset(level))
  File "/root/rumah-akrilik/venv/lib/python3.10/site-packages/django/db/models/fields/related_descriptors.py", line 744, in get_prefetch_queryset
    for rel_obj in queryset:
  File "/root/rumah-akrilik/venv/lib/python3.10/site-packages/django/db/models/query.py", line 398, in __iter__
    self._fetch_all()
  File "/root/rumah-akrilik/venv/lib/python3.10/site-packages/django/db/models/query.py", line 1881, in _fetch_all
    self._result_cache = list(self._iterable_class(self))
  File "/root/rumah-akrilik/venv/lib/python3.10/site-packages/django/db/models/query.py", line 91, in __iter__
    results = compiler.execute_sql(
  File "/root/rumah-akrilik/venv/lib/python3.10/site-packages/django/db/models/sql/compiler.py", line 1562, in execute_sql
    cursor.execute(sql, params)
  File "/root/rumah-akrilik/venv/lib/python3.10/site-packages/django/db/backends/utils.py", line 102, in execute
    return super().execute(sql, params)
  File "/root/rumah-akrilik/venv/lib/python3.10/site-packages/django/db/backends/utils.py", line 67, in execute
    return self._execute_with_wrappers(
  File "/root/rumah-akrilik/venv/lib/python3.10/site-packages/django/db/backends/utils.py", line 80, in _execute_with_wrappers
    return executor(sql, params, many, context)
  File "/root/rumah-akrilik/venv/lib/python3.10/site-packages/django/db/backends/utils.py", line 84, in _execute
    with self.db.wrap_database_errors:
  File "/root/rumah-akrilik/venv/lib/python3.10/site-packages/django/db/utils.py", line 91, in __exit__
    raise dj_exc_value.with_traceback(traceback) from exc_value
  File "/root/rumah-akrilik/venv/lib/python3.10/site-packages/django/db/backends/utils.py", line 89, in _execute
    return self.cursor.execute(sql, params)
django.db.utils.ProgrammingError: column rumah_akrilik_app_orderitem.nama_produk does not exist
LINE 1: ..._id", "rumah_akrilik_app_orderitem"."product_id", "rumah_akr...
                                                             ^

ERROR 2025-04-28 22:43:35,796 log 2164314 140212998275072 Internal Server Error: /api/order/
Traceback (most recent call last):
  File "/root/rumah-akrilik/venv/lib/python3.10/site-packages/django/db/backends/utils.py", line 89, in _execute
    return self.cursor.execute(sql, params)
psycopg2.errors.UndefinedColumn: column rumah_akrilik_app_orderitem.nama_produk does not exist
LINE 1: ..._id", "rumah_akrilik_app_orderitem"."product_id", "rumah_akr...
                                                             ^


The above exception was the direct cause of the following exception:

Traceback (most recent call last):
  File "/root/rumah-akrilik/venv/lib/python3.10/site-packages/django/core/handlers/exception.py", line 55, in inner
    response = get_response(request)
  File "/root/rumah-akrilik/venv/lib/python3.10/site-packages/django/core/handlers/base.py", line 197, in _get_response
    response = wrapped_callback(request, *callback_args, **callback_kwargs)
  File "/root/rumah-akrilik/venv/lib/python3.10/site-packages/django/views/decorators/csrf.py", line 56, in wrapper_view
    return view_func(*args, **kwargs)
  File "/root/rumah-akrilik/venv/lib/python3.10/site-packages/rest_framework/viewsets.py", line 124, in view
    return self.dispatch(request, *args, **kwargs)
  File "/root/rumah-akrilik/venv/lib/python3.10/site-packages/rest_framework/views.py", line 509, in dispatch
    response = self.handle_exception(exc)
  File "/root/rumah-akrilik/venv/lib/python3.10/site-packages/rest_framework/views.py", line 469, in handle_exception
    self.raise_uncaught_exception(exc)
  File "/root/rumah-akrilik/venv/lib/python3.10/site-packages/rest_framework/views.py", line 480, in raise_uncaught_exception
    raise exc
  File "/root/rumah-akrilik/venv/lib/python3.10/site-packages/rest_framework/views.py", line 506, in dispatch
    response = handler(request, *args, **kwargs)
  File "/root/rumah-akrilik/venv/lib/python3.10/site-packages/rest_framework/mixins.py", line 40, in list
    page = self.paginate_queryset(queryset)
  File "/root/rumah-akrilik/venv/lib/python3.10/site-packages/rest_framework/generics.py", line 175, in paginate_queryset
    return self.paginator.paginate_queryset(queryset, self.request, view=self)
  File "/root/rumah-akrilik/venv/lib/python3.10/site-packages/rest_framework/pagination.py", line 222, in paginate_queryset
    return list(self.page)
  File "/root/rumah-akrilik/venv/lib/python3.10/site-packages/django/core/paginator.py", line 174, in __len__
    return len(self.object_list)
  File "/root/rumah-akrilik/venv/lib/python3.10/site-packages/django/db/models/query.py", line 380, in __len__
    self._fetch_all()
  File "/root/rumah-akrilik/venv/lib/python3.10/site-packages/django/db/models/query.py", line 1883, in _fetch_all
    self._prefetch_related_objects()
  File "/root/rumah-akrilik/venv/lib/python3.10/site-packages/django/db/models/query.py", line 1273, in _prefetch_related_objects
    prefetch_related_objects(self._result_cache, *self._prefetch_related_lookups)
  File "/root/rumah-akrilik/venv/lib/python3.10/site-packages/django/db/models/query.py", line 2321, in prefetch_related_objects
    obj_list, additional_lookups = prefetch_one_level(
  File "/root/rumah-akrilik/venv/lib/python3.10/site-packages/django/db/models/query.py", line 2463, in prefetch_one_level
    ) = prefetcher.get_prefetch_queryset(instances, lookup.get_current_queryset(level))
  File "/root/rumah-akrilik/venv/lib/python3.10/site-packages/django/db/models/fields/related_descriptors.py", line 744, in get_prefetch_queryset
    for rel_obj in queryset:
  File "/root/rumah-akrilik/venv/lib/python3.10/site-packages/django/db/models/query.py", line 398, in __iter__
    self._fetch_all()
  File "/root/rumah-akrilik/venv/lib/python3.10/site-packages/django/db/models/query.py", line 1881, in _fetch_all
    self._result_cache = list(self._iterable_class(self))
  File "/root/rumah-akrilik/venv/lib/python3.10/site-packages/django/db/models/query.py", line 91, in __iter__
    results = compiler.execute_sql(
  File "/root/rumah-akrilik/venv/lib/python3.10/site-packages/django/db/models/sql/compiler.py", line 1562, in execute_sql
    cursor.execute(sql, params)
  File "/root/rumah-akrilik/venv/lib/python3.10/site-packages/django/db/backends/utils.py", line 102, in execute
    return super().execute(sql, params)
  File "/root/rumah-akrilik/venv/lib/python3.10/site-packages/django/db/backends/utils.py", line 67, in execute
    return self._execute_with_wrappers(
  File "/root/rumah-akrilik/venv/lib/python3.10/site-packages/django/db/backends/utils.py", line 80, in _execute_with_wrappers
    return executor(sql, params, many, context)
  File "/root/rumah-akrilik/venv/lib/python3.10/site-packages/django/db/backends/utils.py", line 84, in _execute
    with self.db.wrap_database_errors:
  File "/root/rumah-akrilik/venv/lib/python3.10/site-packages/django/db/utils.py", line 91, in __exit__
    raise dj_exc_value.with_traceback(traceback) from exc_value
  File "/root/rumah-akrilik/venv/lib/python3.10/site-packages/django/db/backends/utils.py", line 89, in _execute
    return self.cursor.execute(sql, params)
django.db.utils.ProgrammingError: column rumah_akrilik_app_orderitem.nama_produk does not exist
LINE 1: ..._id", "rumah_akrilik_app_orderitem"."product_id", "rumah_akr...
                                                             ^

ERROR 2025-04-28 22:43:51,818 log 2164316 140212998275072 Internal Server Error: /api/customers/
Traceback (most recent call last):
  File "/root/rumah-akrilik/venv/lib/python3.10/site-packages/django/db/backends/utils.py", line 89, in _execute
    return self.cursor.execute(sql, params)
psycopg2.errors.UndefinedColumn: column rumah_akrilik_app_customeraddress.street does not exist
LINE 1: ...umah_akrilik_app_customeraddress"."address_type", "rumah_akr...
                                                             ^


The above exception was the direct cause of the following exception:

Traceback (most recent call last):
  File "/root/rumah-akrilik/venv/lib/python3.10/site-packages/django/core/handlers/exception.py", line 55, in inner
    response = get_response(request)
  File "/root/rumah-akrilik/venv/lib/python3.10/site-packages/django/core/handlers/base.py", line 197, in _get_response
    response = wrapped_callback(request, *callback_args, **callback_kwargs)
  File "/root/rumah-akrilik/venv/lib/python3.10/site-packages/django/views/decorators/csrf.py", line 56, in wrapper_view
    return view_func(*args, **kwargs)
  File "/root/rumah-akrilik/venv/lib/python3.10/site-packages/rest_framework/viewsets.py", line 124, in view
    return self.dispatch(request, *args, **kwargs)
  File "/root/rumah-akrilik/venv/lib/python3.10/site-packages/rest_framework/views.py", line 509, in dispatch
    response = self.handle_exception(exc)
  File "/root/rumah-akrilik/venv/lib/python3.10/site-packages/rest_framework/views.py", line 469, in handle_exception
    self.raise_uncaught_exception(exc)
  File "/root/rumah-akrilik/venv/lib/python3.10/site-packages/rest_framework/views.py", line 480, in raise_uncaught_exception
    raise exc
  File "/root/rumah-akrilik/venv/lib/python3.10/site-packages/rest_framework/views.py", line 506, in dispatch
    response = handler(request, *args, **kwargs)
  File "/root/rumah-akrilik/venv/lib/python3.10/site-packages/rest_framework/mixins.py", line 43, in list
    return self.get_paginated_response(serializer.data)
  File "/root/rumah-akrilik/venv/lib/python3.10/site-packages/rest_framework/serializers.py", line 795, in data
    ret = super().data
  File "/root/rumah-akrilik/venv/lib/python3.10/site-packages/rest_framework/serializers.py", line 249, in data
    self._data = self.to_representation(self.instance)
  File "/root/rumah-akrilik/venv/lib/python3.10/site-packages/rest_framework/serializers.py", line 713, in to_representation
    return [
  File "/root/rumah-akrilik/venv/lib/python3.10/site-packages/rest_framework/serializers.py", line 714, in <listcomp>
    self.child.to_representation(item) for item in iterable
  File "/root/rumah-akrilik/venv/lib/python3.10/site-packages/rest_framework/serializers.py", line 538, in to_representation
    ret[field.field_name] = field.to_representation(attribute)
  File "/root/rumah-akrilik/venv/lib/python3.10/site-packages/rest_framework/serializers.py", line 713, in to_representation
    return [
  File "/root/rumah-akrilik/venv/lib/python3.10/site-packages/django/db/models/query.py", line 398, in __iter__
    self._fetch_all()
  File "/root/rumah-akrilik/venv/lib/python3.10/site-packages/django/db/models/query.py", line 1881, in _fetch_all
    self._result_cache = list(self._iterable_class(self))
  File "/root/rumah-akrilik/venv/lib/python3.10/site-packages/django/db/models/query.py", line 91, in __iter__
    results = compiler.execute_sql(
  File "/root/rumah-akrilik/venv/lib/python3.10/site-packages/django/db/models/sql/compiler.py", line 1562, in execute_sql
    cursor.execute(sql, params)
  File "/root/rumah-akrilik/venv/lib/python3.10/site-packages/django/db/backends/utils.py", line 102, in execute
    return super().execute(sql, params)
  File "/root/rumah-akrilik/venv/lib/python3.10/site-packages/django/db/backends/utils.py", line 67, in execute
    return self._execute_with_wrappers(
  File "/root/rumah-akrilik/venv/lib/python3.10/site-packages/django/db/backends/utils.py", line 80, in _execute_with_wrappers
    return executor(sql, params, many, context)
  File "/root/rumah-akrilik/venv/lib/python3.10/site-packages/django/db/backends/utils.py", line 84, in _execute
    with self.db.wrap_database_errors:
  File "/root/rumah-akrilik/venv/lib/python3.10/site-packages/django/db/utils.py", line 91, in __exit__
    raise dj_exc_value.with_traceback(traceback) from exc_value
  File "/root/rumah-akrilik/venv/lib/python3.10/site-packages/django/db/backends/utils.py", line 89, in _execute
    return self.cursor.execute(sql, params)
django.db.utils.ProgrammingError: column rumah_akrilik_app_customeraddress.street does not exist
LINE 1: ...umah_akrilik_app_customeraddress"."address_type", "rumah_akr...
                                                             ^

ERROR 2025-04-28 22:43:51,820 log 2164312 140212998275072 Internal Server Error: /api/order/
Traceback (most recent call last):
  File "/root/rumah-akrilik/venv/lib/python3.10/site-packages/django/db/backends/utils.py", line 89, in _execute
    return self.cursor.execute(sql, params)
psycopg2.errors.UndefinedColumn: column rumah_akrilik_app_orderitem.nama_produk does not exist
LINE 1: ..._id", "rumah_akrilik_app_orderitem"."product_id", "rumah_akr...
                                                             ^


The above exception was the direct cause of the following exception:

Traceback (most recent call last):
  File "/root/rumah-akrilik/venv/lib/python3.10/site-packages/django/core/handlers/exception.py", line 55, in inner
    response = get_response(request)
  File "/root/rumah-akrilik/venv/lib/python3.10/site-packages/django/core/handlers/base.py", line 197, in _get_response
    response = wrapped_callback(request, *callback_args, **callback_kwargs)
  File "/root/rumah-akrilik/venv/lib/python3.10/site-packages/django/views/decorators/csrf.py", line 56, in wrapper_view
    return view_func(*args, **kwargs)
  File "/root/rumah-akrilik/venv/lib/python3.10/site-packages/rest_framework/viewsets.py", line 124, in view
    return self.dispatch(request, *args, **kwargs)
  File "/root/rumah-akrilik/venv/lib/python3.10/site-packages/rest_framework/views.py", line 509, in dispatch
    response = self.handle_exception(exc)
  File "/root/rumah-akrilik/venv/lib/python3.10/site-packages/rest_framework/views.py", line 469, in handle_exception
    self.raise_uncaught_exception(exc)
  File "/root/rumah-akrilik/venv/lib/python3.10/site-packages/rest_framework/views.py", line 480, in raise_uncaught_exception
    raise exc
  File "/root/rumah-akrilik/venv/lib/python3.10/site-packages/rest_framework/views.py", line 506, in dispatch
    response = handler(request, *args, **kwargs)
  File "/root/rumah-akrilik/venv/lib/python3.10/site-packages/rest_framework/mixins.py", line 40, in list
    page = self.paginate_queryset(queryset)
  File "/root/rumah-akrilik/venv/lib/python3.10/site-packages/rest_framework/generics.py", line 175, in paginate_queryset
    return self.paginator.paginate_queryset(queryset, self.request, view=self)
  File "/root/rumah-akrilik/venv/lib/python3.10/site-packages/rest_framework/pagination.py", line 222, in paginate_queryset
    return list(self.page)
  File "/root/rumah-akrilik/venv/lib/python3.10/site-packages/django/core/paginator.py", line 174, in __len__
    return len(self.object_list)
  File "/root/rumah-akrilik/venv/lib/python3.10/site-packages/django/db/models/query.py", line 380, in __len__
    self._fetch_all()
  File "/root/rumah-akrilik/venv/lib/python3.10/site-packages/django/db/models/query.py", line 1883, in _fetch_all
    self._prefetch_related_objects()
  File "/root/rumah-akrilik/venv/lib/python3.10/site-packages/django/db/models/query.py", line 1273, in _prefetch_related_objects
    prefetch_related_objects(self._result_cache, *self._prefetch_related_lookups)
  File "/root/rumah-akrilik/venv/lib/python3.10/site-packages/django/db/models/query.py", line 2321, in prefetch_related_objects
    obj_list, additional_lookups = prefetch_one_level(
  File "/root/rumah-akrilik/venv/lib/python3.10/site-packages/django/db/models/query.py", line 2463, in prefetch_one_level
    ) = prefetcher.get_prefetch_queryset(instances, lookup.get_current_queryset(level))
  File "/root/rumah-akrilik/venv/lib/python3.10/site-packages/django/db/models/fields/related_descriptors.py", line 744, in get_prefetch_queryset
    for rel_obj in queryset:
  File "/root/rumah-akrilik/venv/lib/python3.10/site-packages/django/db/models/query.py", line 398, in __iter__
    self._fetch_all()
  File "/root/rumah-akrilik/venv/lib/python3.10/site-packages/django/db/models/query.py", line 1881, in _fetch_all
    self._result_cache = list(self._iterable_class(self))
  File "/root/rumah-akrilik/venv/lib/python3.10/site-packages/django/db/models/query.py", line 91, in __iter__
    results = compiler.execute_sql(
  File "/root/rumah-akrilik/venv/lib/python3.10/site-packages/django/db/models/sql/compiler.py", line 1562, in execute_sql
    cursor.execute(sql, params)
  File "/root/rumah-akrilik/venv/lib/python3.10/site-packages/django/db/backends/utils.py", line 102, in execute
    return super().execute(sql, params)
  File "/root/rumah-akrilik/venv/lib/python3.10/site-packages/django/db/backends/utils.py", line 67, in execute
    return self._execute_with_wrappers(
  File "/root/rumah-akrilik/venv/lib/python3.10/site-packages/django/db/backends/utils.py", line 80, in _execute_with_wrappers
    return executor(sql, params, many, context)
  File "/root/rumah-akrilik/venv/lib/python3.10/site-packages/django/db/backends/utils.py", line 84, in _execute
    with self.db.wrap_database_errors:
  File "/root/rumah-akrilik/venv/lib/python3.10/site-packages/django/db/utils.py", line 91, in __exit__
    raise dj_exc_value.with_traceback(traceback) from exc_value
  File "/root/rumah-akrilik/venv/lib/python3.10/site-packages/django/db/backends/utils.py", line 89, in _execute
    return self.cursor.execute(sql, params)
django.db.utils.ProgrammingError: column rumah_akrilik_app_orderitem.nama_produk does not exist
LINE 1: ..._id", "rumah_akrilik_app_orderitem"."product_id", "rumah_akr...
                                                             ^

ERROR 2025-04-28 22:43:52,004 log 2164313 140212998275072 Internal Server Error: /api/order/
Traceback (most recent call last):
  File "/root/rumah-akrilik/venv/lib/python3.10/site-packages/django/db/backends/utils.py", line 89, in _execute
    return self.cursor.execute(sql, params)
psycopg2.errors.UndefinedColumn: column rumah_akrilik_app_orderitem.nama_produk does not exist
LINE 1: ..._id", "rumah_akrilik_app_orderitem"."product_id", "rumah_akr...
                                                             ^


The above exception was the direct cause of the following exception:

Traceback (most recent call last):
  File "/root/rumah-akrilik/venv/lib/python3.10/site-packages/django/core/handlers/exception.py", line 55, in inner
    response = get_response(request)
  File "/root/rumah-akrilik/venv/lib/python3.10/site-packages/django/core/handlers/base.py", line 197, in _get_response
    response = wrapped_callback(request, *callback_args, **callback_kwargs)
  File "/root/rumah-akrilik/venv/lib/python3.10/site-packages/django/views/decorators/csrf.py", line 56, in wrapper_view
    return view_func(*args, **kwargs)
  File "/root/rumah-akrilik/venv/lib/python3.10/site-packages/rest_framework/viewsets.py", line 124, in view
    return self.dispatch(request, *args, **kwargs)
  File "/root/rumah-akrilik/venv/lib/python3.10/site-packages/rest_framework/views.py", line 509, in dispatch
    response = self.handle_exception(exc)
  File "/root/rumah-akrilik/venv/lib/python3.10/site-packages/rest_framework/views.py", line 469, in handle_exception
    self.raise_uncaught_exception(exc)
  File "/root/rumah-akrilik/venv/lib/python3.10/site-packages/rest_framework/views.py", line 480, in raise_uncaught_exception
    raise exc
  File "/root/rumah-akrilik/venv/lib/python3.10/site-packages/rest_framework/views.py", line 506, in dispatch
    response = handler(request, *args, **kwargs)
  File "/root/rumah-akrilik/venv/lib/python3.10/site-packages/rest_framework/mixins.py", line 40, in list
    page = self.paginate_queryset(queryset)
  File "/root/rumah-akrilik/venv/lib/python3.10/site-packages/rest_framework/generics.py", line 175, in paginate_queryset
    return self.paginator.paginate_queryset(queryset, self.request, view=self)
  File "/root/rumah-akrilik/venv/lib/python3.10/site-packages/rest_framework/pagination.py", line 222, in paginate_queryset
    return list(self.page)
  File "/root/rumah-akrilik/venv/lib/python3.10/site-packages/django/core/paginator.py", line 174, in __len__
    return len(self.object_list)
  File "/root/rumah-akrilik/venv/lib/python3.10/site-packages/django/db/models/query.py", line 380, in __len__
    self._fetch_all()
  File "/root/rumah-akrilik/venv/lib/python3.10/site-packages/django/db/models/query.py", line 1883, in _fetch_all
    self._prefetch_related_objects()
  File "/root/rumah-akrilik/venv/lib/python3.10/site-packages/django/db/models/query.py", line 1273, in _prefetch_related_objects
    prefetch_related_objects(self._result_cache, *self._prefetch_related_lookups)
  File "/root/rumah-akrilik/venv/lib/python3.10/site-packages/django/db/models/query.py", line 2321, in prefetch_related_objects
    obj_list, additional_lookups = prefetch_one_level(
  File "/root/rumah-akrilik/venv/lib/python3.10/site-packages/django/db/models/query.py", line 2463, in prefetch_one_level
    ) = prefetcher.get_prefetch_queryset(instances, lookup.get_current_queryset(level))
  File "/root/rumah-akrilik/venv/lib/python3.10/site-packages/django/db/models/fields/related_descriptors.py", line 744, in get_prefetch_queryset
    for rel_obj in queryset:
  File "/root/rumah-akrilik/venv/lib/python3.10/site-packages/django/db/models/query.py", line 398, in __iter__
    self._fetch_all()
  File "/root/rumah-akrilik/venv/lib/python3.10/site-packages/django/db/models/query.py", line 1881, in _fetch_all
    self._result_cache = list(self._iterable_class(self))
  File "/root/rumah-akrilik/venv/lib/python3.10/site-packages/django/db/models/query.py", line 91, in __iter__
    results = compiler.execute_sql(
  File "/root/rumah-akrilik/venv/lib/python3.10/site-packages/django/db/models/sql/compiler.py", line 1562, in execute_sql
    cursor.execute(sql, params)
  File "/root/rumah-akrilik/venv/lib/python3.10/site-packages/django/db/backends/utils.py", line 102, in execute
    return super().execute(sql, params)
  File "/root/rumah-akrilik/venv/lib/python3.10/site-packages/django/db/backends/utils.py", line 67, in execute
    return self._execute_with_wrappers(
  File "/root/rumah-akrilik/venv/lib/python3.10/site-packages/django/db/backends/utils.py", line 80, in _execute_with_wrappers
    return executor(sql, params, many, context)
  File "/root/rumah-akrilik/venv/lib/python3.10/site-packages/django/db/backends/utils.py", line 84, in _execute
    with self.db.wrap_database_errors:
  File "/root/rumah-akrilik/venv/lib/python3.10/site-packages/django/db/utils.py", line 91, in __exit__
    raise dj_exc_value.with_traceback(traceback) from exc_value
  File "/root/rumah-akrilik/venv/lib/python3.10/site-packages/django/db/backends/utils.py", line 89, in _execute
    return self.cursor.execute(sql, params)
django.db.utils.ProgrammingError: column rumah_akrilik_app_orderitem.nama_produk does not exist
LINE 1: ..._id", "rumah_akrilik_app_orderitem"."product_id", "rumah_akr...
                                                             ^

ERROR 2025-04-28 22:43:52,030 log 2164316 140212998275072 Internal Server Error: /api/order/
Traceback (most recent call last):
  File "/root/rumah-akrilik/venv/lib/python3.10/site-packages/django/db/backends/utils.py", line 89, in _execute
    return self.cursor.execute(sql, params)
psycopg2.errors.UndefinedColumn: column rumah_akrilik_app_orderitem.nama_produk does not exist
LINE 1: ..._id", "rumah_akrilik_app_orderitem"."product_id", "rumah_akr...
                                                             ^


The above exception was the direct cause of the following exception:

Traceback (most recent call last):
  File "/root/rumah-akrilik/venv/lib/python3.10/site-packages/django/core/handlers/exception.py", line 55, in inner
    response = get_response(request)
  File "/root/rumah-akrilik/venv/lib/python3.10/site-packages/django/core/handlers/base.py", line 197, in _get_response
    response = wrapped_callback(request, *callback_args, **callback_kwargs)
  File "/root/rumah-akrilik/venv/lib/python3.10/site-packages/django/views/decorators/csrf.py", line 56, in wrapper_view
    return view_func(*args, **kwargs)
  File "/root/rumah-akrilik/venv/lib/python3.10/site-packages/rest_framework/viewsets.py", line 124, in view
    return self.dispatch(request, *args, **kwargs)
  File "/root/rumah-akrilik/venv/lib/python3.10/site-packages/rest_framework/views.py", line 509, in dispatch
    response = self.handle_exception(exc)
  File "/root/rumah-akrilik/venv/lib/python3.10/site-packages/rest_framework/views.py", line 469, in handle_exception
    self.raise_uncaught_exception(exc)
  File "/root/rumah-akrilik/venv/lib/python3.10/site-packages/rest_framework/views.py", line 480, in raise_uncaught_exception
    raise exc
  File "/root/rumah-akrilik/venv/lib/python3.10/site-packages/rest_framework/views.py", line 506, in dispatch
    response = handler(request, *args, **kwargs)
  File "/root/rumah-akrilik/venv/lib/python3.10/site-packages/rest_framework/mixins.py", line 40, in list
    page = self.paginate_queryset(queryset)
  File "/root/rumah-akrilik/venv/lib/python3.10/site-packages/rest_framework/generics.py", line 175, in paginate_queryset
    return self.paginator.paginate_queryset(queryset, self.request, view=self)
  File "/root/rumah-akrilik/venv/lib/python3.10/site-packages/rest_framework/pagination.py", line 222, in paginate_queryset
    return list(self.page)
  File "/root/rumah-akrilik/venv/lib/python3.10/site-packages/django/core/paginator.py", line 174, in __len__
    return len(self.object_list)
  File "/root/rumah-akrilik/venv/lib/python3.10/site-packages/django/db/models/query.py", line 380, in __len__
    self._fetch_all()
  File "/root/rumah-akrilik/venv/lib/python3.10/site-packages/django/db/models/query.py", line 1883, in _fetch_all
    self._prefetch_related_objects()
  File "/root/rumah-akrilik/venv/lib/python3.10/site-packages/django/db/models/query.py", line 1273, in _prefetch_related_objects
    prefetch_related_objects(self._result_cache, *self._prefetch_related_lookups)
  File "/root/rumah-akrilik/venv/lib/python3.10/site-packages/django/db/models/query.py", line 2321, in prefetch_related_objects
    obj_list, additional_lookups = prefetch_one_level(
  File "/root/rumah-akrilik/venv/lib/python3.10/site-packages/django/db/models/query.py", line 2463, in prefetch_one_level
    ) = prefetcher.get_prefetch_queryset(instances, lookup.get_current_queryset(level))
  File "/root/rumah-akrilik/venv/lib/python3.10/site-packages/django/db/models/fields/related_descriptors.py", line 744, in get_prefetch_queryset
    for rel_obj in queryset:
  File "/root/rumah-akrilik/venv/lib/python3.10/site-packages/django/db/models/query.py", line 398, in __iter__
    self._fetch_all()
  File "/root/rumah-akrilik/venv/lib/python3.10/site-packages/django/db/models/query.py", line 1881, in _fetch_all
    self._result_cache = list(self._iterable_class(self))
  File "/root/rumah-akrilik/venv/lib/python3.10/site-packages/django/db/models/query.py", line 91, in __iter__
    results = compiler.execute_sql(
  File "/root/rumah-akrilik/venv/lib/python3.10/site-packages/django/db/models/sql/compiler.py", line 1562, in execute_sql
    cursor.execute(sql, params)
  File "/root/rumah-akrilik/venv/lib/python3.10/site-packages/django/db/backends/utils.py", line 102, in execute
    return super().execute(sql, params)
  File "/root/rumah-akrilik/venv/lib/python3.10/site-packages/django/db/backends/utils.py", line 67, in execute
    return self._execute_with_wrappers(
  File "/root/rumah-akrilik/venv/lib/python3.10/site-packages/django/db/backends/utils.py", line 80, in _execute_with_wrappers
    return executor(sql, params, many, context)
  File "/root/rumah-akrilik/venv/lib/python3.10/site-packages/django/db/backends/utils.py", line 84, in _execute
    with self.db.wrap_database_errors:
  File "/root/rumah-akrilik/venv/lib/python3.10/site-packages/django/db/utils.py", line 91, in __exit__
    raise dj_exc_value.with_traceback(traceback) from exc_value
  File "/root/rumah-akrilik/venv/lib/python3.10/site-packages/django/db/backends/utils.py", line 89, in _execute
    return self.cursor.execute(sql, params)
django.db.utils.ProgrammingError: column rumah_akrilik_app_orderitem.nama_produk does not exist
LINE 1: ..._id", "rumah_akrilik_app_orderitem"."product_id", "rumah_akr...
                                                             ^

ERROR 2025-04-28 22:43:53,085 log 2164312 140212998275072 Internal Server Error: /api/order/
Traceback (most recent call last):
  File "/root/rumah-akrilik/venv/lib/python3.10/site-packages/django/db/backends/utils.py", line 89, in _execute
    return self.cursor.execute(sql, params)
psycopg2.errors.UndefinedColumn: column rumah_akrilik_app_orderitem.nama_produk does not exist
LINE 1: ..._id", "rumah_akrilik_app_orderitem"."product_id", "rumah_akr...
                                                             ^


The above exception was the direct cause of the following exception:

Traceback (most recent call last):
  File "/root/rumah-akrilik/venv/lib/python3.10/site-packages/django/core/handlers/exception.py", line 55, in inner
    response = get_response(request)
  File "/root/rumah-akrilik/venv/lib/python3.10/site-packages/django/core/handlers/base.py", line 197, in _get_response
    response = wrapped_callback(request, *callback_args, **callback_kwargs)
  File "/root/rumah-akrilik/venv/lib/python3.10/site-packages/django/views/decorators/csrf.py", line 56, in wrapper_view
    return view_func(*args, **kwargs)
  File "/root/rumah-akrilik/venv/lib/python3.10/site-packages/rest_framework/viewsets.py", line 124, in view
    return self.dispatch(request, *args, **kwargs)
  File "/root/rumah-akrilik/venv/lib/python3.10/site-packages/rest_framework/views.py", line 509, in dispatch
    response = self.handle_exception(exc)
  File "/root/rumah-akrilik/venv/lib/python3.10/site-packages/rest_framework/views.py", line 469, in handle_exception
    self.raise_uncaught_exception(exc)
  File "/root/rumah-akrilik/venv/lib/python3.10/site-packages/rest_framework/views.py", line 480, in raise_uncaught_exception
    raise exc
  File "/root/rumah-akrilik/venv/lib/python3.10/site-packages/rest_framework/views.py", line 506, in dispatch
    response = handler(request, *args, **kwargs)
  File "/root/rumah-akrilik/venv/lib/python3.10/site-packages/rest_framework/mixins.py", line 40, in list
    page = self.paginate_queryset(queryset)
  File "/root/rumah-akrilik/venv/lib/python3.10/site-packages/rest_framework/generics.py", line 175, in paginate_queryset
    return self.paginator.paginate_queryset(queryset, self.request, view=self)
  File "/root/rumah-akrilik/venv/lib/python3.10/site-packages/rest_framework/pagination.py", line 222, in paginate_queryset
    return list(self.page)
  File "/root/rumah-akrilik/venv/lib/python3.10/site-packages/django/core/paginator.py", line 174, in __len__
    return len(self.object_list)
  File "/root/rumah-akrilik/venv/lib/python3.10/site-packages/django/db/models/query.py", line 380, in __len__
    self._fetch_all()
  File "/root/rumah-akrilik/venv/lib/python3.10/site-packages/django/db/models/query.py", line 1883, in _fetch_all
    self._prefetch_related_objects()
  File "/root/rumah-akrilik/venv/lib/python3.10/site-packages/django/db/models/query.py", line 1273, in _prefetch_related_objects
    prefetch_related_objects(self._result_cache, *self._prefetch_related_lookups)
  File "/root/rumah-akrilik/venv/lib/python3.10/site-packages/django/db/models/query.py", line 2321, in prefetch_related_objects
    obj_list, additional_lookups = prefetch_one_level(
  File "/root/rumah-akrilik/venv/lib/python3.10/site-packages/django/db/models/query.py", line 2463, in prefetch_one_level
    ) = prefetcher.get_prefetch_queryset(instances, lookup.get_current_queryset(level))
  File "/root/rumah-akrilik/venv/lib/python3.10/site-packages/django/db/models/fields/related_descriptors.py", line 744, in get_prefetch_queryset
    for rel_obj in queryset:
  File "/root/rumah-akrilik/venv/lib/python3.10/site-packages/django/db/models/query.py", line 398, in __iter__
    self._fetch_all()
  File "/root/rumah-akrilik/venv/lib/python3.10/site-packages/django/db/models/query.py", line 1881, in _fetch_all
    self._result_cache = list(self._iterable_class(self))
  File "/root/rumah-akrilik/venv/lib/python3.10/site-packages/django/db/models/query.py", line 91, in __iter__
    results = compiler.execute_sql(
  File "/root/rumah-akrilik/venv/lib/python3.10/site-packages/django/db/models/sql/compiler.py", line 1562, in execute_sql
    cursor.execute(sql, params)
  File "/root/rumah-akrilik/venv/lib/python3.10/site-packages/django/db/backends/utils.py", line 102, in execute
    return super().execute(sql, params)
  File "/root/rumah-akrilik/venv/lib/python3.10/site-packages/django/db/backends/utils.py", line 67, in execute
    return self._execute_with_wrappers(
  File "/root/rumah-akrilik/venv/lib/python3.10/site-packages/django/db/backends/utils.py", line 80, in _execute_with_wrappers
    return executor(sql, params, many, context)
  File "/root/rumah-akrilik/venv/lib/python3.10/site-packages/django/db/backends/utils.py", line 84, in _execute
    with self.db.wrap_database_errors:
  File "/root/rumah-akrilik/venv/lib/python3.10/site-packages/django/db/utils.py", line 91, in __exit__
    raise dj_exc_value.with_traceback(traceback) from exc_value
  File "/root/rumah-akrilik/venv/lib/python3.10/site-packages/django/db/backends/utils.py", line 89, in _execute
    return self.cursor.execute(sql, params)
django.db.utils.ProgrammingError: column rumah_akrilik_app_orderitem.nama_produk does not exist
LINE 1: ..._id", "rumah_akrilik_app_orderitem"."product_id", "rumah_akr...
                                                             ^

ERROR 2025-04-28 22:43:53,389 log 2164314 140212998275072 Internal Server Error: /api/order/
Traceback (most recent call last):
  File "/root/rumah-akrilik/venv/lib/python3.10/site-packages/django/db/backends/utils.py", line 89, in _execute
    return self.cursor.execute(sql, params)
psycopg2.errors.UndefinedColumn: column rumah_akrilik_app_orderitem.nama_produk does not exist
LINE 1: ..._id", "rumah_akrilik_app_orderitem"."product_id", "rumah_akr...
                                                             ^


The above exception was the direct cause of the following exception:

Traceback (most recent call last):
  File "/root/rumah-akrilik/venv/lib/python3.10/site-packages/django/core/handlers/exception.py", line 55, in inner
    response = get_response(request)
  File "/root/rumah-akrilik/venv/lib/python3.10/site-packages/django/core/handlers/base.py", line 197, in _get_response
    response = wrapped_callback(request, *callback_args, **callback_kwargs)
  File "/root/rumah-akrilik/venv/lib/python3.10/site-packages/django/views/decorators/csrf.py", line 56, in wrapper_view
    return view_func(*args, **kwargs)
  File "/root/rumah-akrilik/venv/lib/python3.10/site-packages/rest_framework/viewsets.py", line 124, in view
    return self.dispatch(request, *args, **kwargs)
  File "/root/rumah-akrilik/venv/lib/python3.10/site-packages/rest_framework/views.py", line 509, in dispatch
    response = self.handle_exception(exc)
  File "/root/rumah-akrilik/venv/lib/python3.10/site-packages/rest_framework/views.py", line 469, in handle_exception
    self.raise_uncaught_exception(exc)
  File "/root/rumah-akrilik/venv/lib/python3.10/site-packages/rest_framework/views.py", line 480, in raise_uncaught_exception
    raise exc
  File "/root/rumah-akrilik/venv/lib/python3.10/site-packages/rest_framework/views.py", line 506, in dispatch
    response = handler(request, *args, **kwargs)
  File "/root/rumah-akrilik/venv/lib/python3.10/site-packages/rest_framework/mixins.py", line 40, in list
    page = self.paginate_queryset(queryset)
  File "/root/rumah-akrilik/venv/lib/python3.10/site-packages/rest_framework/generics.py", line 175, in paginate_queryset
    return self.paginator.paginate_queryset(queryset, self.request, view=self)
  File "/root/rumah-akrilik/venv/lib/python3.10/site-packages/rest_framework/pagination.py", line 222, in paginate_queryset
    return list(self.page)
  File "/root/rumah-akrilik/venv/lib/python3.10/site-packages/django/core/paginator.py", line 174, in __len__
    return len(self.object_list)
  File "/root/rumah-akrilik/venv/lib/python3.10/site-packages/django/db/models/query.py", line 380, in __len__
    self._fetch_all()
  File "/root/rumah-akrilik/venv/lib/python3.10/site-packages/django/db/models/query.py", line 1883, in _fetch_all
    self._prefetch_related_objects()
  File "/root/rumah-akrilik/venv/lib/python3.10/site-packages/django/db/models/query.py", line 1273, in _prefetch_related_objects
    prefetch_related_objects(self._result_cache, *self._prefetch_related_lookups)
  File "/root/rumah-akrilik/venv/lib/python3.10/site-packages/django/db/models/query.py", line 2321, in prefetch_related_objects
    obj_list, additional_lookups = prefetch_one_level(
  File "/root/rumah-akrilik/venv/lib/python3.10/site-packages/django/db/models/query.py", line 2463, in prefetch_one_level
    ) = prefetcher.get_prefetch_queryset(instances, lookup.get_current_queryset(level))
  File "/root/rumah-akrilik/venv/lib/python3.10/site-packages/django/db/models/fields/related_descriptors.py", line 744, in get_prefetch_queryset
    for rel_obj in queryset:
  File "/root/rumah-akrilik/venv/lib/python3.10/site-packages/django/db/models/query.py", line 398, in __iter__
    self._fetch_all()
  File "/root/rumah-akrilik/venv/lib/python3.10/site-packages/django/db/models/query.py", line 1881, in _fetch_all
    self._result_cache = list(self._iterable_class(self))
  File "/root/rumah-akrilik/venv/lib/python3.10/site-packages/django/db/models/query.py", line 91, in __iter__
    results = compiler.execute_sql(
  File "/root/rumah-akrilik/venv/lib/python3.10/site-packages/django/db/models/sql/compiler.py", line 1562, in execute_sql
    cursor.execute(sql, params)
  File "/root/rumah-akrilik/venv/lib/python3.10/site-packages/django/db/backends/utils.py", line 102, in execute
    return super().execute(sql, params)
  File "/root/rumah-akrilik/venv/lib/python3.10/site-packages/django/db/backends/utils.py", line 67, in execute
    return self._execute_with_wrappers(
  File "/root/rumah-akrilik/venv/lib/python3.10/site-packages/django/db/backends/utils.py", line 80, in _execute_with_wrappers
    return executor(sql, params, many, context)
  File "/root/rumah-akrilik/venv/lib/python3.10/site-packages/django/db/backends/utils.py", line 84, in _execute
    with self.db.wrap_database_errors:
  File "/root/rumah-akrilik/venv/lib/python3.10/site-packages/django/db/utils.py", line 91, in __exit__
    raise dj_exc_value.with_traceback(traceback) from exc_value
  File "/root/rumah-akrilik/venv/lib/python3.10/site-packages/django/db/backends/utils.py", line 89, in _execute
    return self.cursor.execute(sql, params)
django.db.utils.ProgrammingError: column rumah_akrilik_app_orderitem.nama_produk does not exist
LINE 1: ..._id", "rumah_akrilik_app_orderitem"."product_id", "rumah_akr...
                                                             ^

ERROR 2025-04-28 22:43:53,456 log 2164315 140212998275072 Internal Server Error: /api/customers/
Traceback (most recent call last):
  File "/root/rumah-akrilik/venv/lib/python3.10/site-packages/django/db/backends/utils.py", line 89, in _execute
    return self.cursor.execute(sql, params)
psycopg2.errors.UndefinedColumn: column rumah_akrilik_app_customeraddress.street does not exist
LINE 1: ...umah_akrilik_app_customeraddress"."address_type", "rumah_akr...
                                                             ^


The above exception was the direct cause of the following exception:

Traceback (most recent call last):
  File "/root/rumah-akrilik/venv/lib/python3.10/site-packages/django/core/handlers/exception.py", line 55, in inner
    response = get_response(request)
  File "/root/rumah-akrilik/venv/lib/python3.10/site-packages/django/core/handlers/base.py", line 197, in _get_response
    response = wrapped_callback(request, *callback_args, **callback_kwargs)
  File "/root/rumah-akrilik/venv/lib/python3.10/site-packages/django/views/decorators/csrf.py", line 56, in wrapper_view
    return view_func(*args, **kwargs)
  File "/root/rumah-akrilik/venv/lib/python3.10/site-packages/rest_framework/viewsets.py", line 124, in view
    return self.dispatch(request, *args, **kwargs)
  File "/root/rumah-akrilik/venv/lib/python3.10/site-packages/rest_framework/views.py", line 509, in dispatch
    response = self.handle_exception(exc)
  File "/root/rumah-akrilik/venv/lib/python3.10/site-packages/rest_framework/views.py", line 469, in handle_exception
    self.raise_uncaught_exception(exc)
  File "/root/rumah-akrilik/venv/lib/python3.10/site-packages/rest_framework/views.py", line 480, in raise_uncaught_exception
    raise exc
  File "/root/rumah-akrilik/venv/lib/python3.10/site-packages/rest_framework/views.py", line 506, in dispatch
    response = handler(request, *args, **kwargs)
  File "/root/rumah-akrilik/venv/lib/python3.10/site-packages/rest_framework/mixins.py", line 43, in list
    return self.get_paginated_response(serializer.data)
  File "/root/rumah-akrilik/venv/lib/python3.10/site-packages/rest_framework/serializers.py", line 795, in data
    ret = super().data
  File "/root/rumah-akrilik/venv/lib/python3.10/site-packages/rest_framework/serializers.py", line 249, in data
    self._data = self.to_representation(self.instance)
  File "/root/rumah-akrilik/venv/lib/python3.10/site-packages/rest_framework/serializers.py", line 713, in to_representation
    return [
  File "/root/rumah-akrilik/venv/lib/python3.10/site-packages/rest_framework/serializers.py", line 714, in <listcomp>
    self.child.to_representation(item) for item in iterable
  File "/root/rumah-akrilik/venv/lib/python3.10/site-packages/rest_framework/serializers.py", line 538, in to_representation
    ret[field.field_name] = field.to_representation(attribute)
  File "/root/rumah-akrilik/venv/lib/python3.10/site-packages/rest_framework/serializers.py", line 713, in to_representation
    return [
  File "/root/rumah-akrilik/venv/lib/python3.10/site-packages/django/db/models/query.py", line 398, in __iter__
    self._fetch_all()
  File "/root/rumah-akrilik/venv/lib/python3.10/site-packages/django/db/models/query.py", line 1881, in _fetch_all
    self._result_cache = list(self._iterable_class(self))
  File "/root/rumah-akrilik/venv/lib/python3.10/site-packages/django/db/models/query.py", line 91, in __iter__
    results = compiler.execute_sql(
  File "/root/rumah-akrilik/venv/lib/python3.10/site-packages/django/db/models/sql/compiler.py", line 1562, in execute_sql
    cursor.execute(sql, params)
  File "/root/rumah-akrilik/venv/lib/python3.10/site-packages/django/db/backends/utils.py", line 102, in execute
    return super().execute(sql, params)
  File "/root/rumah-akrilik/venv/lib/python3.10/site-packages/django/db/backends/utils.py", line 67, in execute
    return self._execute_with_wrappers(
  File "/root/rumah-akrilik/venv/lib/python3.10/site-packages/django/db/backends/utils.py", line 80, in _execute_with_wrappers
    return executor(sql, params, many, context)
  File "/root/rumah-akrilik/venv/lib/python3.10/site-packages/django/db/backends/utils.py", line 84, in _execute
    with self.db.wrap_database_errors:
  File "/root/rumah-akrilik/venv/lib/python3.10/site-packages/django/db/utils.py", line 91, in __exit__
    raise dj_exc_value.with_traceback(traceback) from exc_value
  File "/root/rumah-akrilik/venv/lib/python3.10/site-packages/django/db/backends/utils.py", line 89, in _execute
    return self.cursor.execute(sql, params)
django.db.utils.ProgrammingError: column rumah_akrilik_app_customeraddress.street does not exist
LINE 1: ...umah_akrilik_app_customeraddress"."address_type", "rumah_akr...
                                                             ^

ERROR 2025-04-28 22:43:53,485 log 2164312 140212998275072 Internal Server Error: /api/order/
Traceback (most recent call last):
  File "/root/rumah-akrilik/venv/lib/python3.10/site-packages/django/db/backends/utils.py", line 89, in _execute
    return self.cursor.execute(sql, params)
psycopg2.errors.UndefinedColumn: column rumah_akrilik_app_orderitem.nama_produk does not exist
LINE 1: ..._id", "rumah_akrilik_app_orderitem"."product_id", "rumah_akr...
                                                             ^


The above exception was the direct cause of the following exception:

Traceback (most recent call last):
  File "/root/rumah-akrilik/venv/lib/python3.10/site-packages/django/core/handlers/exception.py", line 55, in inner
    response = get_response(request)
  File "/root/rumah-akrilik/venv/lib/python3.10/site-packages/django/core/handlers/base.py", line 197, in _get_response
    response = wrapped_callback(request, *callback_args, **callback_kwargs)
  File "/root/rumah-akrilik/venv/lib/python3.10/site-packages/django/views/decorators/csrf.py", line 56, in wrapper_view
    return view_func(*args, **kwargs)
  File "/root/rumah-akrilik/venv/lib/python3.10/site-packages/rest_framework/viewsets.py", line 124, in view
    return self.dispatch(request, *args, **kwargs)
  File "/root/rumah-akrilik/venv/lib/python3.10/site-packages/rest_framework/views.py", line 509, in dispatch
    response = self.handle_exception(exc)
  File "/root/rumah-akrilik/venv/lib/python3.10/site-packages/rest_framework/views.py", line 469, in handle_exception
    self.raise_uncaught_exception(exc)
  File "/root/rumah-akrilik/venv/lib/python3.10/site-packages/rest_framework/views.py", line 480, in raise_uncaught_exception
    raise exc
  File "/root/rumah-akrilik/venv/lib/python3.10/site-packages/rest_framework/views.py", line 506, in dispatch
    response = handler(request, *args, **kwargs)
  File "/root/rumah-akrilik/venv/lib/python3.10/site-packages/rest_framework/mixins.py", line 40, in list
    page = self.paginate_queryset(queryset)
  File "/root/rumah-akrilik/venv/lib/python3.10/site-packages/rest_framework/generics.py", line 175, in paginate_queryset
    return self.paginator.paginate_queryset(queryset, self.request, view=self)
  File "/root/rumah-akrilik/venv/lib/python3.10/site-packages/rest_framework/pagination.py", line 222, in paginate_queryset
    return list(self.page)
  File "/root/rumah-akrilik/venv/lib/python3.10/site-packages/django/core/paginator.py", line 174, in __len__
    return len(self.object_list)
  File "/root/rumah-akrilik/venv/lib/python3.10/site-packages/django/db/models/query.py", line 380, in __len__
    self._fetch_all()
  File "/root/rumah-akrilik/venv/lib/python3.10/site-packages/django/db/models/query.py", line 1883, in _fetch_all
    self._prefetch_related_objects()
  File "/root/rumah-akrilik/venv/lib/python3.10/site-packages/django/db/models/query.py", line 1273, in _prefetch_related_objects
    prefetch_related_objects(self._result_cache, *self._prefetch_related_lookups)
  File "/root/rumah-akrilik/venv/lib/python3.10/site-packages/django/db/models/query.py", line 2321, in prefetch_related_objects
    obj_list, additional_lookups = prefetch_one_level(
  File "/root/rumah-akrilik/venv/lib/python3.10/site-packages/django/db/models/query.py", line 2463, in prefetch_one_level
    ) = prefetcher.get_prefetch_queryset(instances, lookup.get_current_queryset(level))
  File "/root/rumah-akrilik/venv/lib/python3.10/site-packages/django/db/models/fields/related_descriptors.py", line 744, in get_prefetch_queryset
    for rel_obj in queryset:
  File "/root/rumah-akrilik/venv/lib/python3.10/site-packages/django/db/models/query.py", line 398, in __iter__
    self._fetch_all()
  File "/root/rumah-akrilik/venv/lib/python3.10/site-packages/django/db/models/query.py", line 1881, in _fetch_all
    self._result_cache = list(self._iterable_class(self))
  File "/root/rumah-akrilik/venv/lib/python3.10/site-packages/django/db/models/query.py", line 91, in __iter__
    results = compiler.execute_sql(
  File "/root/rumah-akrilik/venv/lib/python3.10/site-packages/django/db/models/sql/compiler.py", line 1562, in execute_sql
    cursor.execute(sql, params)
  File "/root/rumah-akrilik/venv/lib/python3.10/site-packages/django/db/backends/utils.py", line 102, in execute
    return super().execute(sql, params)
  File "/root/rumah-akrilik/venv/lib/python3.10/site-packages/django/db/backends/utils.py", line 67, in execute
    return self._execute_with_wrappers(
  File "/root/rumah-akrilik/venv/lib/python3.10/site-packages/django/db/backends/utils.py", line 80, in _execute_with_wrappers
    return executor(sql, params, many, context)
  File "/root/rumah-akrilik/venv/lib/python3.10/site-packages/django/db/backends/utils.py", line 84, in _execute
    with self.db.wrap_database_errors:
  File "/root/rumah-akrilik/venv/lib/python3.10/site-packages/django/db/utils.py", line 91, in __exit__
    raise dj_exc_value.with_traceback(traceback) from exc_value
  File "/root/rumah-akrilik/venv/lib/python3.10/site-packages/django/db/backends/utils.py", line 89, in _execute
    return self.cursor.execute(sql, params)
django.db.utils.ProgrammingError: column rumah_akrilik_app_orderitem.nama_produk does not exist
LINE 1: ..._id", "rumah_akrilik_app_orderitem"."product_id", "rumah_akr...
                                                             ^

ERROR 2025-04-28 22:50:36,167 log 2164726 140051988070400 Internal Server Error: /api/customers/
Traceback (most recent call last):
  File "/root/rumah-akrilik/venv/lib/python3.10/site-packages/django/db/backends/utils.py", line 89, in _execute
    return self.cursor.execute(sql, params)
psycopg2.errors.UndefinedColumn: column rumah_akrilik_app_customeraddress.street does not exist
LINE 1: ...umah_akrilik_app_customeraddress"."address_type", "rumah_akr...
                                                             ^


The above exception was the direct cause of the following exception:

Traceback (most recent call last):
  File "/root/rumah-akrilik/venv/lib/python3.10/site-packages/django/core/handlers/exception.py", line 55, in inner
    response = get_response(request)
  File "/root/rumah-akrilik/venv/lib/python3.10/site-packages/django/core/handlers/base.py", line 197, in _get_response
    response = wrapped_callback(request, *callback_args, **callback_kwargs)
  File "/root/rumah-akrilik/venv/lib/python3.10/site-packages/django/views/decorators/csrf.py", line 56, in wrapper_view
    return view_func(*args, **kwargs)
  File "/root/rumah-akrilik/venv/lib/python3.10/site-packages/rest_framework/viewsets.py", line 124, in view
    return self.dispatch(request, *args, **kwargs)
  File "/root/rumah-akrilik/venv/lib/python3.10/site-packages/rest_framework/views.py", line 509, in dispatch
    response = self.handle_exception(exc)
  File "/root/rumah-akrilik/venv/lib/python3.10/site-packages/rest_framework/views.py", line 469, in handle_exception
    self.raise_uncaught_exception(exc)
  File "/root/rumah-akrilik/venv/lib/python3.10/site-packages/rest_framework/views.py", line 480, in raise_uncaught_exception
    raise exc
  File "/root/rumah-akrilik/venv/lib/python3.10/site-packages/rest_framework/views.py", line 506, in dispatch
    response = handler(request, *args, **kwargs)
  File "/root/rumah-akrilik/venv/lib/python3.10/site-packages/rest_framework/mixins.py", line 43, in list
    return self.get_paginated_response(serializer.data)
  File "/root/rumah-akrilik/venv/lib/python3.10/site-packages/rest_framework/serializers.py", line 795, in data
    ret = super().data
  File "/root/rumah-akrilik/venv/lib/python3.10/site-packages/rest_framework/serializers.py", line 249, in data
    self._data = self.to_representation(self.instance)
  File "/root/rumah-akrilik/venv/lib/python3.10/site-packages/rest_framework/serializers.py", line 713, in to_representation
    return [
  File "/root/rumah-akrilik/venv/lib/python3.10/site-packages/rest_framework/serializers.py", line 714, in <listcomp>
    self.child.to_representation(item) for item in iterable
  File "/root/rumah-akrilik/venv/lib/python3.10/site-packages/rest_framework/serializers.py", line 538, in to_representation
    ret[field.field_name] = field.to_representation(attribute)
  File "/root/rumah-akrilik/venv/lib/python3.10/site-packages/rest_framework/serializers.py", line 713, in to_representation
    return [
  File "/root/rumah-akrilik/venv/lib/python3.10/site-packages/django/db/models/query.py", line 398, in __iter__
    self._fetch_all()
  File "/root/rumah-akrilik/venv/lib/python3.10/site-packages/django/db/models/query.py", line 1881, in _fetch_all
    self._result_cache = list(self._iterable_class(self))
  File "/root/rumah-akrilik/venv/lib/python3.10/site-packages/django/db/models/query.py", line 91, in __iter__
    results = compiler.execute_sql(
  File "/root/rumah-akrilik/venv/lib/python3.10/site-packages/django/db/models/sql/compiler.py", line 1562, in execute_sql
    cursor.execute(sql, params)
  File "/root/rumah-akrilik/venv/lib/python3.10/site-packages/django/db/backends/utils.py", line 102, in execute
    return super().execute(sql, params)
  File "/root/rumah-akrilik/venv/lib/python3.10/site-packages/django/db/backends/utils.py", line 67, in execute
    return self._execute_with_wrappers(
  File "/root/rumah-akrilik/venv/lib/python3.10/site-packages/django/db/backends/utils.py", line 80, in _execute_with_wrappers
    return executor(sql, params, many, context)
  File "/root/rumah-akrilik/venv/lib/python3.10/site-packages/django/db/backends/utils.py", line 84, in _execute
    with self.db.wrap_database_errors:
  File "/root/rumah-akrilik/venv/lib/python3.10/site-packages/django/db/utils.py", line 91, in __exit__
    raise dj_exc_value.with_traceback(traceback) from exc_value
  File "/root/rumah-akrilik/venv/lib/python3.10/site-packages/django/db/backends/utils.py", line 89, in _execute
    return self.cursor.execute(sql, params)
django.db.utils.ProgrammingError: column rumah_akrilik_app_customeraddress.street does not exist
LINE 1: ...umah_akrilik_app_customeraddress"."address_type", "rumah_akr...
                                                             ^

ERROR 2025-04-28 22:50:36,190 log 2164725 140051988070400 Internal Server Error: /api/order/
Traceback (most recent call last):
  File "/root/rumah-akrilik/venv/lib/python3.10/site-packages/django/db/backends/utils.py", line 89, in _execute
    return self.cursor.execute(sql, params)
psycopg2.errors.UndefinedColumn: column rumah_akrilik_app_orderitem.nama_produk does not exist
LINE 1: ..._id", "rumah_akrilik_app_orderitem"."product_id", "rumah_akr...
                                                             ^


The above exception was the direct cause of the following exception:

Traceback (most recent call last):
  File "/root/rumah-akrilik/venv/lib/python3.10/site-packages/django/core/handlers/exception.py", line 55, in inner
    response = get_response(request)
  File "/root/rumah-akrilik/venv/lib/python3.10/site-packages/django/core/handlers/base.py", line 197, in _get_response
    response = wrapped_callback(request, *callback_args, **callback_kwargs)
  File "/root/rumah-akrilik/venv/lib/python3.10/site-packages/django/views/decorators/csrf.py", line 56, in wrapper_view
    return view_func(*args, **kwargs)
  File "/root/rumah-akrilik/venv/lib/python3.10/site-packages/rest_framework/viewsets.py", line 124, in view
    return self.dispatch(request, *args, **kwargs)
  File "/root/rumah-akrilik/venv/lib/python3.10/site-packages/rest_framework/views.py", line 509, in dispatch
    response = self.handle_exception(exc)
  File "/root/rumah-akrilik/venv/lib/python3.10/site-packages/rest_framework/views.py", line 469, in handle_exception
    self.raise_uncaught_exception(exc)
  File "/root/rumah-akrilik/venv/lib/python3.10/site-packages/rest_framework/views.py", line 480, in raise_uncaught_exception
    raise exc
  File "/root/rumah-akrilik/venv/lib/python3.10/site-packages/rest_framework/views.py", line 506, in dispatch
    response = handler(request, *args, **kwargs)
  File "/root/rumah-akrilik/venv/lib/python3.10/site-packages/rest_framework/mixins.py", line 40, in list
    page = self.paginate_queryset(queryset)
  File "/root/rumah-akrilik/venv/lib/python3.10/site-packages/rest_framework/generics.py", line 175, in paginate_queryset
    return self.paginator.paginate_queryset(queryset, self.request, view=self)
  File "/root/rumah-akrilik/venv/lib/python3.10/site-packages/rest_framework/pagination.py", line 222, in paginate_queryset
    return list(self.page)
  File "/root/rumah-akrilik/venv/lib/python3.10/site-packages/django/core/paginator.py", line 174, in __len__
    return len(self.object_list)
  File "/root/rumah-akrilik/venv/lib/python3.10/site-packages/django/db/models/query.py", line 380, in __len__
    self._fetch_all()
  File "/root/rumah-akrilik/venv/lib/python3.10/site-packages/django/db/models/query.py", line 1883, in _fetch_all
    self._prefetch_related_objects()
  File "/root/rumah-akrilik/venv/lib/python3.10/site-packages/django/db/models/query.py", line 1273, in _prefetch_related_objects
    prefetch_related_objects(self._result_cache, *self._prefetch_related_lookups)
  File "/root/rumah-akrilik/venv/lib/python3.10/site-packages/django/db/models/query.py", line 2321, in prefetch_related_objects
    obj_list, additional_lookups = prefetch_one_level(
  File "/root/rumah-akrilik/venv/lib/python3.10/site-packages/django/db/models/query.py", line 2463, in prefetch_one_level
    ) = prefetcher.get_prefetch_queryset(instances, lookup.get_current_queryset(level))
  File "/root/rumah-akrilik/venv/lib/python3.10/site-packages/django/db/models/fields/related_descriptors.py", line 744, in get_prefetch_queryset
    for rel_obj in queryset:
  File "/root/rumah-akrilik/venv/lib/python3.10/site-packages/django/db/models/query.py", line 398, in __iter__
    self._fetch_all()
  File "/root/rumah-akrilik/venv/lib/python3.10/site-packages/django/db/models/query.py", line 1881, in _fetch_all
    self._result_cache = list(self._iterable_class(self))
  File "/root/rumah-akrilik/venv/lib/python3.10/site-packages/django/db/models/query.py", line 91, in __iter__
    results = compiler.execute_sql(
  File "/root/rumah-akrilik/venv/lib/python3.10/site-packages/django/db/models/sql/compiler.py", line 1562, in execute_sql
    cursor.execute(sql, params)
  File "/root/rumah-akrilik/venv/lib/python3.10/site-packages/django/db/backends/utils.py", line 102, in execute
    return super().execute(sql, params)
  File "/root/rumah-akrilik/venv/lib/python3.10/site-packages/django/db/backends/utils.py", line 67, in execute
    return self._execute_with_wrappers(
  File "/root/rumah-akrilik/venv/lib/python3.10/site-packages/django/db/backends/utils.py", line 80, in _execute_with_wrappers
    return executor(sql, params, many, context)
  File "/root/rumah-akrilik/venv/lib/python3.10/site-packages/django/db/backends/utils.py", line 84, in _execute
    with self.db.wrap_database_errors:
  File "/root/rumah-akrilik/venv/lib/python3.10/site-packages/django/db/utils.py", line 91, in __exit__
    raise dj_exc_value.with_traceback(traceback) from exc_value
  File "/root/rumah-akrilik/venv/lib/python3.10/site-packages/django/db/backends/utils.py", line 89, in _execute
    return self.cursor.execute(sql, params)
django.db.utils.ProgrammingError: column rumah_akrilik_app_orderitem.nama_produk does not exist
LINE 1: ..._id", "rumah_akrilik_app_orderitem"."product_id", "rumah_akr...
                                                             ^

ERROR 2025-04-28 22:50:36,232 log 2164729 140051988070400 Internal Server Error: /api/order/
Traceback (most recent call last):
  File "/root/rumah-akrilik/venv/lib/python3.10/site-packages/django/db/backends/utils.py", line 89, in _execute
    return self.cursor.execute(sql, params)
psycopg2.errors.UndefinedColumn: column rumah_akrilik_app_orderitem.nama_produk does not exist
LINE 1: ..._id", "rumah_akrilik_app_orderitem"."product_id", "rumah_akr...
                                                             ^


The above exception was the direct cause of the following exception:

Traceback (most recent call last):
  File "/root/rumah-akrilik/venv/lib/python3.10/site-packages/django/core/handlers/exception.py", line 55, in inner
    response = get_response(request)
  File "/root/rumah-akrilik/venv/lib/python3.10/site-packages/django/core/handlers/base.py", line 197, in _get_response
    response = wrapped_callback(request, *callback_args, **callback_kwargs)
  File "/root/rumah-akrilik/venv/lib/python3.10/site-packages/django/views/decorators/csrf.py", line 56, in wrapper_view
    return view_func(*args, **kwargs)
  File "/root/rumah-akrilik/venv/lib/python3.10/site-packages/rest_framework/viewsets.py", line 124, in view
    return self.dispatch(request, *args, **kwargs)
  File "/root/rumah-akrilik/venv/lib/python3.10/site-packages/rest_framework/views.py", line 509, in dispatch
    response = self.handle_exception(exc)
  File "/root/rumah-akrilik/venv/lib/python3.10/site-packages/rest_framework/views.py", line 469, in handle_exception
    self.raise_uncaught_exception(exc)
  File "/root/rumah-akrilik/venv/lib/python3.10/site-packages/rest_framework/views.py", line 480, in raise_uncaught_exception
    raise exc
  File "/root/rumah-akrilik/venv/lib/python3.10/site-packages/rest_framework/views.py", line 506, in dispatch
    response = handler(request, *args, **kwargs)
  File "/root/rumah-akrilik/venv/lib/python3.10/site-packages/rest_framework/mixins.py", line 40, in list
    page = self.paginate_queryset(queryset)
  File "/root/rumah-akrilik/venv/lib/python3.10/site-packages/rest_framework/generics.py", line 175, in paginate_queryset
    return self.paginator.paginate_queryset(queryset, self.request, view=self)
  File "/root/rumah-akrilik/venv/lib/python3.10/site-packages/rest_framework/pagination.py", line 222, in paginate_queryset
    return list(self.page)
  File "/root/rumah-akrilik/venv/lib/python3.10/site-packages/django/core/paginator.py", line 174, in __len__
    return len(self.object_list)
  File "/root/rumah-akrilik/venv/lib/python3.10/site-packages/django/db/models/query.py", line 380, in __len__
    self._fetch_all()
  File "/root/rumah-akrilik/venv/lib/python3.10/site-packages/django/db/models/query.py", line 1883, in _fetch_all
    self._prefetch_related_objects()
  File "/root/rumah-akrilik/venv/lib/python3.10/site-packages/django/db/models/query.py", line 1273, in _prefetch_related_objects
    prefetch_related_objects(self._result_cache, *self._prefetch_related_lookups)
  File "/root/rumah-akrilik/venv/lib/python3.10/site-packages/django/db/models/query.py", line 2321, in prefetch_related_objects
    obj_list, additional_lookups = prefetch_one_level(
  File "/root/rumah-akrilik/venv/lib/python3.10/site-packages/django/db/models/query.py", line 2463, in prefetch_one_level
    ) = prefetcher.get_prefetch_queryset(instances, lookup.get_current_queryset(level))
  File "/root/rumah-akrilik/venv/lib/python3.10/site-packages/django/db/models/fields/related_descriptors.py", line 744, in get_prefetch_queryset
    for rel_obj in queryset:
  File "/root/rumah-akrilik/venv/lib/python3.10/site-packages/django/db/models/query.py", line 398, in __iter__
    self._fetch_all()
  File "/root/rumah-akrilik/venv/lib/python3.10/site-packages/django/db/models/query.py", line 1881, in _fetch_all
    self._result_cache = list(self._iterable_class(self))
  File "/root/rumah-akrilik/venv/lib/python3.10/site-packages/django/db/models/query.py", line 91, in __iter__
    results = compiler.execute_sql(
  File "/root/rumah-akrilik/venv/lib/python3.10/site-packages/django/db/models/sql/compiler.py", line 1562, in execute_sql
    cursor.execute(sql, params)
  File "/root/rumah-akrilik/venv/lib/python3.10/site-packages/django/db/backends/utils.py", line 102, in execute
    return super().execute(sql, params)
  File "/root/rumah-akrilik/venv/lib/python3.10/site-packages/django/db/backends/utils.py", line 67, in execute
    return self._execute_with_wrappers(
  File "/root/rumah-akrilik/venv/lib/python3.10/site-packages/django/db/backends/utils.py", line 80, in _execute_with_wrappers
    return executor(sql, params, many, context)
  File "/root/rumah-akrilik/venv/lib/python3.10/site-packages/django/db/backends/utils.py", line 84, in _execute
    with self.db.wrap_database_errors:
  File "/root/rumah-akrilik/venv/lib/python3.10/site-packages/django/db/utils.py", line 91, in __exit__
    raise dj_exc_value.with_traceback(traceback) from exc_value
  File "/root/rumah-akrilik/venv/lib/python3.10/site-packages/django/db/backends/utils.py", line 89, in _execute
    return self.cursor.execute(sql, params)
django.db.utils.ProgrammingError: column rumah_akrilik_app_orderitem.nama_produk does not exist
LINE 1: ..._id", "rumah_akrilik_app_orderitem"."product_id", "rumah_akr...
                                                             ^

ERROR 2025-04-28 22:50:36,414 log 2164728 140051988070400 Internal Server Error: /api/order/
Traceback (most recent call last):
  File "/root/rumah-akrilik/venv/lib/python3.10/site-packages/django/db/backends/utils.py", line 89, in _execute
    return self.cursor.execute(sql, params)
psycopg2.errors.UndefinedColumn: column rumah_akrilik_app_orderitem.nama_produk does not exist
LINE 1: ..._id", "rumah_akrilik_app_orderitem"."product_id", "rumah_akr...
                                                             ^


The above exception was the direct cause of the following exception:

Traceback (most recent call last):
  File "/root/rumah-akrilik/venv/lib/python3.10/site-packages/django/core/handlers/exception.py", line 55, in inner
    response = get_response(request)
  File "/root/rumah-akrilik/venv/lib/python3.10/site-packages/django/core/handlers/base.py", line 197, in _get_response
    response = wrapped_callback(request, *callback_args, **callback_kwargs)
  File "/root/rumah-akrilik/venv/lib/python3.10/site-packages/django/views/decorators/csrf.py", line 56, in wrapper_view
    return view_func(*args, **kwargs)
  File "/root/rumah-akrilik/venv/lib/python3.10/site-packages/rest_framework/viewsets.py", line 124, in view
    return self.dispatch(request, *args, **kwargs)
  File "/root/rumah-akrilik/venv/lib/python3.10/site-packages/rest_framework/views.py", line 509, in dispatch
    response = self.handle_exception(exc)
  File "/root/rumah-akrilik/venv/lib/python3.10/site-packages/rest_framework/views.py", line 469, in handle_exception
    self.raise_uncaught_exception(exc)
  File "/root/rumah-akrilik/venv/lib/python3.10/site-packages/rest_framework/views.py", line 480, in raise_uncaught_exception
    raise exc
  File "/root/rumah-akrilik/venv/lib/python3.10/site-packages/rest_framework/views.py", line 506, in dispatch
    response = handler(request, *args, **kwargs)
  File "/root/rumah-akrilik/venv/lib/python3.10/site-packages/rest_framework/mixins.py", line 40, in list
    page = self.paginate_queryset(queryset)
  File "/root/rumah-akrilik/venv/lib/python3.10/site-packages/rest_framework/generics.py", line 175, in paginate_queryset
    return self.paginator.paginate_queryset(queryset, self.request, view=self)
  File "/root/rumah-akrilik/venv/lib/python3.10/site-packages/rest_framework/pagination.py", line 222, in paginate_queryset
    return list(self.page)
  File "/root/rumah-akrilik/venv/lib/python3.10/site-packages/django/core/paginator.py", line 174, in __len__
    return len(self.object_list)
  File "/root/rumah-akrilik/venv/lib/python3.10/site-packages/django/db/models/query.py", line 380, in __len__
    self._fetch_all()
  File "/root/rumah-akrilik/venv/lib/python3.10/site-packages/django/db/models/query.py", line 1883, in _fetch_all
    self._prefetch_related_objects()
  File "/root/rumah-akrilik/venv/lib/python3.10/site-packages/django/db/models/query.py", line 1273, in _prefetch_related_objects
    prefetch_related_objects(self._result_cache, *self._prefetch_related_lookups)
  File "/root/rumah-akrilik/venv/lib/python3.10/site-packages/django/db/models/query.py", line 2321, in prefetch_related_objects
    obj_list, additional_lookups = prefetch_one_level(
  File "/root/rumah-akrilik/venv/lib/python3.10/site-packages/django/db/models/query.py", line 2463, in prefetch_one_level
    ) = prefetcher.get_prefetch_queryset(instances, lookup.get_current_queryset(level))
  File "/root/rumah-akrilik/venv/lib/python3.10/site-packages/django/db/models/fields/related_descriptors.py", line 744, in get_prefetch_queryset
    for rel_obj in queryset:
  File "/root/rumah-akrilik/venv/lib/python3.10/site-packages/django/db/models/query.py", line 398, in __iter__
    self._fetch_all()
  File "/root/rumah-akrilik/venv/lib/python3.10/site-packages/django/db/models/query.py", line 1881, in _fetch_all
    self._result_cache = list(self._iterable_class(self))
  File "/root/rumah-akrilik/venv/lib/python3.10/site-packages/django/db/models/query.py", line 91, in __iter__
    results = compiler.execute_sql(
  File "/root/rumah-akrilik/venv/lib/python3.10/site-packages/django/db/models/sql/compiler.py", line 1562, in execute_sql
    cursor.execute(sql, params)
  File "/root/rumah-akrilik/venv/lib/python3.10/site-packages/django/db/backends/utils.py", line 102, in execute
    return super().execute(sql, params)
  File "/root/rumah-akrilik/venv/lib/python3.10/site-packages/django/db/backends/utils.py", line 67, in execute
    return self._execute_with_wrappers(
  File "/root/rumah-akrilik/venv/lib/python3.10/site-packages/django/db/backends/utils.py", line 80, in _execute_with_wrappers
    return executor(sql, params, many, context)
  File "/root/rumah-akrilik/venv/lib/python3.10/site-packages/django/db/backends/utils.py", line 84, in _execute
    with self.db.wrap_database_errors:
  File "/root/rumah-akrilik/venv/lib/python3.10/site-packages/django/db/utils.py", line 91, in __exit__
    raise dj_exc_value.with_traceback(traceback) from exc_value
  File "/root/rumah-akrilik/venv/lib/python3.10/site-packages/django/db/backends/utils.py", line 89, in _execute
    return self.cursor.execute(sql, params)
django.db.utils.ProgrammingError: column rumah_akrilik_app_orderitem.nama_produk does not exist
LINE 1: ..._id", "rumah_akrilik_app_orderitem"."product_id", "rumah_akr...
                                                             ^

ERROR 2025-04-28 22:50:37,878 log 2164727 140051988070400 Internal Server Error: /api/customers/
Traceback (most recent call last):
  File "/root/rumah-akrilik/venv/lib/python3.10/site-packages/django/db/backends/utils.py", line 89, in _execute
    return self.cursor.execute(sql, params)
psycopg2.errors.UndefinedColumn: column rumah_akrilik_app_customeraddress.street does not exist
LINE 1: ...umah_akrilik_app_customeraddress"."address_type", "rumah_akr...
                                                             ^


The above exception was the direct cause of the following exception:

Traceback (most recent call last):
  File "/root/rumah-akrilik/venv/lib/python3.10/site-packages/django/core/handlers/exception.py", line 55, in inner
    response = get_response(request)
  File "/root/rumah-akrilik/venv/lib/python3.10/site-packages/django/core/handlers/base.py", line 197, in _get_response
    response = wrapped_callback(request, *callback_args, **callback_kwargs)
  File "/root/rumah-akrilik/venv/lib/python3.10/site-packages/django/views/decorators/csrf.py", line 56, in wrapper_view
    return view_func(*args, **kwargs)
  File "/root/rumah-akrilik/venv/lib/python3.10/site-packages/rest_framework/viewsets.py", line 124, in view
    return self.dispatch(request, *args, **kwargs)
  File "/root/rumah-akrilik/venv/lib/python3.10/site-packages/rest_framework/views.py", line 509, in dispatch
    response = self.handle_exception(exc)
  File "/root/rumah-akrilik/venv/lib/python3.10/site-packages/rest_framework/views.py", line 469, in handle_exception
    self.raise_uncaught_exception(exc)
  File "/root/rumah-akrilik/venv/lib/python3.10/site-packages/rest_framework/views.py", line 480, in raise_uncaught_exception
    raise exc
  File "/root/rumah-akrilik/venv/lib/python3.10/site-packages/rest_framework/views.py", line 506, in dispatch
    response = handler(request, *args, **kwargs)
  File "/root/rumah-akrilik/venv/lib/python3.10/site-packages/rest_framework/mixins.py", line 43, in list
    return self.get_paginated_response(serializer.data)
  File "/root/rumah-akrilik/venv/lib/python3.10/site-packages/rest_framework/serializers.py", line 795, in data
    ret = super().data
  File "/root/rumah-akrilik/venv/lib/python3.10/site-packages/rest_framework/serializers.py", line 249, in data
    self._data = self.to_representation(self.instance)
  File "/root/rumah-akrilik/venv/lib/python3.10/site-packages/rest_framework/serializers.py", line 713, in to_representation
    return [
  File "/root/rumah-akrilik/venv/lib/python3.10/site-packages/rest_framework/serializers.py", line 714, in <listcomp>
    self.child.to_representation(item) for item in iterable
  File "/root/rumah-akrilik/venv/lib/python3.10/site-packages/rest_framework/serializers.py", line 538, in to_representation
    ret[field.field_name] = field.to_representation(attribute)
  File "/root/rumah-akrilik/venv/lib/python3.10/site-packages/rest_framework/serializers.py", line 713, in to_representation
    return [
  File "/root/rumah-akrilik/venv/lib/python3.10/site-packages/django/db/models/query.py", line 398, in __iter__
    self._fetch_all()
  File "/root/rumah-akrilik/venv/lib/python3.10/site-packages/django/db/models/query.py", line 1881, in _fetch_all
    self._result_cache = list(self._iterable_class(self))
  File "/root/rumah-akrilik/venv/lib/python3.10/site-packages/django/db/models/query.py", line 91, in __iter__
    results = compiler.execute_sql(
  File "/root/rumah-akrilik/venv/lib/python3.10/site-packages/django/db/models/sql/compiler.py", line 1562, in execute_sql
    cursor.execute(sql, params)
  File "/root/rumah-akrilik/venv/lib/python3.10/site-packages/django/db/backends/utils.py", line 102, in execute
    return super().execute(sql, params)
  File "/root/rumah-akrilik/venv/lib/python3.10/site-packages/django/db/backends/utils.py", line 67, in execute
    return self._execute_with_wrappers(
  File "/root/rumah-akrilik/venv/lib/python3.10/site-packages/django/db/backends/utils.py", line 80, in _execute_with_wrappers
    return executor(sql, params, many, context)
  File "/root/rumah-akrilik/venv/lib/python3.10/site-packages/django/db/backends/utils.py", line 84, in _execute
    with self.db.wrap_database_errors:
  File "/root/rumah-akrilik/venv/lib/python3.10/site-packages/django/db/utils.py", line 91, in __exit__
    raise dj_exc_value.with_traceback(traceback) from exc_value
  File "/root/rumah-akrilik/venv/lib/python3.10/site-packages/django/db/backends/utils.py", line 89, in _execute
    return self.cursor.execute(sql, params)
django.db.utils.ProgrammingError: column rumah_akrilik_app_customeraddress.street does not exist
LINE 1: ...umah_akrilik_app_customeraddress"."address_type", "rumah_akr...
                                                             ^

ERROR 2025-04-28 22:50:37,985 log 2164725 140051988070400 Internal Server Error: /api/order/
Traceback (most recent call last):
  File "/root/rumah-akrilik/venv/lib/python3.10/site-packages/django/db/backends/utils.py", line 89, in _execute
    return self.cursor.execute(sql, params)
psycopg2.errors.UndefinedColumn: column rumah_akrilik_app_orderitem.nama_produk does not exist
LINE 1: ..._id", "rumah_akrilik_app_orderitem"."product_id", "rumah_akr...
                                                             ^


The above exception was the direct cause of the following exception:

Traceback (most recent call last):
  File "/root/rumah-akrilik/venv/lib/python3.10/site-packages/django/core/handlers/exception.py", line 55, in inner
    response = get_response(request)
  File "/root/rumah-akrilik/venv/lib/python3.10/site-packages/django/core/handlers/base.py", line 197, in _get_response
    response = wrapped_callback(request, *callback_args, **callback_kwargs)
  File "/root/rumah-akrilik/venv/lib/python3.10/site-packages/django/views/decorators/csrf.py", line 56, in wrapper_view
    return view_func(*args, **kwargs)
  File "/root/rumah-akrilik/venv/lib/python3.10/site-packages/rest_framework/viewsets.py", line 124, in view
    return self.dispatch(request, *args, **kwargs)
  File "/root/rumah-akrilik/venv/lib/python3.10/site-packages/rest_framework/views.py", line 509, in dispatch
    response = self.handle_exception(exc)
  File "/root/rumah-akrilik/venv/lib/python3.10/site-packages/rest_framework/views.py", line 469, in handle_exception
    self.raise_uncaught_exception(exc)
  File "/root/rumah-akrilik/venv/lib/python3.10/site-packages/rest_framework/views.py", line 480, in raise_uncaught_exception
    raise exc
  File "/root/rumah-akrilik/venv/lib/python3.10/site-packages/rest_framework/views.py", line 506, in dispatch
    response = handler(request, *args, **kwargs)
  File "/root/rumah-akrilik/venv/lib/python3.10/site-packages/rest_framework/mixins.py", line 40, in list
    page = self.paginate_queryset(queryset)
  File "/root/rumah-akrilik/venv/lib/python3.10/site-packages/rest_framework/generics.py", line 175, in paginate_queryset
    return self.paginator.paginate_queryset(queryset, self.request, view=self)
  File "/root/rumah-akrilik/venv/lib/python3.10/site-packages/rest_framework/pagination.py", line 222, in paginate_queryset
    return list(self.page)
  File "/root/rumah-akrilik/venv/lib/python3.10/site-packages/django/core/paginator.py", line 174, in __len__
    return len(self.object_list)
  File "/root/rumah-akrilik/venv/lib/python3.10/site-packages/django/db/models/query.py", line 380, in __len__
    self._fetch_all()
  File "/root/rumah-akrilik/venv/lib/python3.10/site-packages/django/db/models/query.py", line 1883, in _fetch_all
    self._prefetch_related_objects()
  File "/root/rumah-akrilik/venv/lib/python3.10/site-packages/django/db/models/query.py", line 1273, in _prefetch_related_objects
    prefetch_related_objects(self._result_cache, *self._prefetch_related_lookups)
  File "/root/rumah-akrilik/venv/lib/python3.10/site-packages/django/db/models/query.py", line 2321, in prefetch_related_objects
    obj_list, additional_lookups = prefetch_one_level(
  File "/root/rumah-akrilik/venv/lib/python3.10/site-packages/django/db/models/query.py", line 2463, in prefetch_one_level
    ) = prefetcher.get_prefetch_queryset(instances, lookup.get_current_queryset(level))
  File "/root/rumah-akrilik/venv/lib/python3.10/site-packages/django/db/models/fields/related_descriptors.py", line 744, in get_prefetch_queryset
    for rel_obj in queryset:
  File "/root/rumah-akrilik/venv/lib/python3.10/site-packages/django/db/models/query.py", line 398, in __iter__
    self._fetch_all()
  File "/root/rumah-akrilik/venv/lib/python3.10/site-packages/django/db/models/query.py", line 1881, in _fetch_all
    self._result_cache = list(self._iterable_class(self))
  File "/root/rumah-akrilik/venv/lib/python3.10/site-packages/django/db/models/query.py", line 91, in __iter__
    results = compiler.execute_sql(
  File "/root/rumah-akrilik/venv/lib/python3.10/site-packages/django/db/models/sql/compiler.py", line 1562, in execute_sql
    cursor.execute(sql, params)
  File "/root/rumah-akrilik/venv/lib/python3.10/site-packages/django/db/backends/utils.py", line 102, in execute
    return super().execute(sql, params)
  File "/root/rumah-akrilik/venv/lib/python3.10/site-packages/django/db/backends/utils.py", line 67, in execute
    return self._execute_with_wrappers(
  File "/root/rumah-akrilik/venv/lib/python3.10/site-packages/django/db/backends/utils.py", line 80, in _execute_with_wrappers
    return executor(sql, params, many, context)
  File "/root/rumah-akrilik/venv/lib/python3.10/site-packages/django/db/backends/utils.py", line 84, in _execute
    with self.db.wrap_database_errors:
  File "/root/rumah-akrilik/venv/lib/python3.10/site-packages/django/db/utils.py", line 91, in __exit__
    raise dj_exc_value.with_traceback(traceback) from exc_value
  File "/root/rumah-akrilik/venv/lib/python3.10/site-packages/django/db/backends/utils.py", line 89, in _execute
    return self.cursor.execute(sql, params)
django.db.utils.ProgrammingError: column rumah_akrilik_app_orderitem.nama_produk does not exist
LINE 1: ..._id", "rumah_akrilik_app_orderitem"."product_id", "rumah_akr...
                                                             ^

ERROR 2025-04-28 22:50:38,008 log 2164728 140051988070400 Internal Server Error: /api/order/
Traceback (most recent call last):
  File "/root/rumah-akrilik/venv/lib/python3.10/site-packages/django/db/backends/utils.py", line 89, in _execute
    return self.cursor.execute(sql, params)
psycopg2.errors.UndefinedColumn: column rumah_akrilik_app_orderitem.nama_produk does not exist
LINE 1: ..._id", "rumah_akrilik_app_orderitem"."product_id", "rumah_akr...
                                                             ^


The above exception was the direct cause of the following exception:

Traceback (most recent call last):
  File "/root/rumah-akrilik/venv/lib/python3.10/site-packages/django/core/handlers/exception.py", line 55, in inner
    response = get_response(request)
  File "/root/rumah-akrilik/venv/lib/python3.10/site-packages/django/core/handlers/base.py", line 197, in _get_response
    response = wrapped_callback(request, *callback_args, **callback_kwargs)
  File "/root/rumah-akrilik/venv/lib/python3.10/site-packages/django/views/decorators/csrf.py", line 56, in wrapper_view
    return view_func(*args, **kwargs)
  File "/root/rumah-akrilik/venv/lib/python3.10/site-packages/rest_framework/viewsets.py", line 124, in view
    return self.dispatch(request, *args, **kwargs)
  File "/root/rumah-akrilik/venv/lib/python3.10/site-packages/rest_framework/views.py", line 509, in dispatch
    response = self.handle_exception(exc)
  File "/root/rumah-akrilik/venv/lib/python3.10/site-packages/rest_framework/views.py", line 469, in handle_exception
    self.raise_uncaught_exception(exc)
  File "/root/rumah-akrilik/venv/lib/python3.10/site-packages/rest_framework/views.py", line 480, in raise_uncaught_exception
    raise exc
  File "/root/rumah-akrilik/venv/lib/python3.10/site-packages/rest_framework/views.py", line 506, in dispatch
    response = handler(request, *args, **kwargs)
  File "/root/rumah-akrilik/venv/lib/python3.10/site-packages/rest_framework/mixins.py", line 40, in list
    page = self.paginate_queryset(queryset)
  File "/root/rumah-akrilik/venv/lib/python3.10/site-packages/rest_framework/generics.py", line 175, in paginate_queryset
    return self.paginator.paginate_queryset(queryset, self.request, view=self)
  File "/root/rumah-akrilik/venv/lib/python3.10/site-packages/rest_framework/pagination.py", line 222, in paginate_queryset
    return list(self.page)
  File "/root/rumah-akrilik/venv/lib/python3.10/site-packages/django/core/paginator.py", line 174, in __len__
    return len(self.object_list)
  File "/root/rumah-akrilik/venv/lib/python3.10/site-packages/django/db/models/query.py", line 380, in __len__
    self._fetch_all()
  File "/root/rumah-akrilik/venv/lib/python3.10/site-packages/django/db/models/query.py", line 1883, in _fetch_all
    self._prefetch_related_objects()
  File "/root/rumah-akrilik/venv/lib/python3.10/site-packages/django/db/models/query.py", line 1273, in _prefetch_related_objects
    prefetch_related_objects(self._result_cache, *self._prefetch_related_lookups)
  File "/root/rumah-akrilik/venv/lib/python3.10/site-packages/django/db/models/query.py", line 2321, in prefetch_related_objects
    obj_list, additional_lookups = prefetch_one_level(
  File "/root/rumah-akrilik/venv/lib/python3.10/site-packages/django/db/models/query.py", line 2463, in prefetch_one_level
    ) = prefetcher.get_prefetch_queryset(instances, lookup.get_current_queryset(level))
  File "/root/rumah-akrilik/venv/lib/python3.10/site-packages/django/db/models/fields/related_descriptors.py", line 744, in get_prefetch_queryset
    for rel_obj in queryset:
  File "/root/rumah-akrilik/venv/lib/python3.10/site-packages/django/db/models/query.py", line 398, in __iter__
    self._fetch_all()
  File "/root/rumah-akrilik/venv/lib/python3.10/site-packages/django/db/models/query.py", line 1881, in _fetch_all
    self._result_cache = list(self._iterable_class(self))
  File "/root/rumah-akrilik/venv/lib/python3.10/site-packages/django/db/models/query.py", line 91, in __iter__
    results = compiler.execute_sql(
  File "/root/rumah-akrilik/venv/lib/python3.10/site-packages/django/db/models/sql/compiler.py", line 1562, in execute_sql
    cursor.execute(sql, params)
  File "/root/rumah-akrilik/venv/lib/python3.10/site-packages/django/db/backends/utils.py", line 102, in execute
    return super().execute(sql, params)
  File "/root/rumah-akrilik/venv/lib/python3.10/site-packages/django/db/backends/utils.py", line 67, in execute
    return self._execute_with_wrappers(
  File "/root/rumah-akrilik/venv/lib/python3.10/site-packages/django/db/backends/utils.py", line 80, in _execute_with_wrappers
    return executor(sql, params, many, context)
  File "/root/rumah-akrilik/venv/lib/python3.10/site-packages/django/db/backends/utils.py", line 84, in _execute
    with self.db.wrap_database_errors:
  File "/root/rumah-akrilik/venv/lib/python3.10/site-packages/django/db/utils.py", line 91, in __exit__
    raise dj_exc_value.with_traceback(traceback) from exc_value
  File "/root/rumah-akrilik/venv/lib/python3.10/site-packages/django/db/backends/utils.py", line 89, in _execute
    return self.cursor.execute(sql, params)
django.db.utils.ProgrammingError: column rumah_akrilik_app_orderitem.nama_produk does not exist
LINE 1: ..._id", "rumah_akrilik_app_orderitem"."product_id", "rumah_akr...
                                                             ^

ERROR 2025-04-28 22:50:38,045 log 2164729 140051988070400 Internal Server Error: /api/order/
Traceback (most recent call last):
  File "/root/rumah-akrilik/venv/lib/python3.10/site-packages/django/db/backends/utils.py", line 89, in _execute
    return self.cursor.execute(sql, params)
psycopg2.errors.UndefinedColumn: column rumah_akrilik_app_orderitem.nama_produk does not exist
LINE 1: ..._id", "rumah_akrilik_app_orderitem"."product_id", "rumah_akr...
                                                             ^


The above exception was the direct cause of the following exception:

Traceback (most recent call last):
  File "/root/rumah-akrilik/venv/lib/python3.10/site-packages/django/core/handlers/exception.py", line 55, in inner
    response = get_response(request)
  File "/root/rumah-akrilik/venv/lib/python3.10/site-packages/django/core/handlers/base.py", line 197, in _get_response
    response = wrapped_callback(request, *callback_args, **callback_kwargs)
  File "/root/rumah-akrilik/venv/lib/python3.10/site-packages/django/views/decorators/csrf.py", line 56, in wrapper_view
    return view_func(*args, **kwargs)
  File "/root/rumah-akrilik/venv/lib/python3.10/site-packages/rest_framework/viewsets.py", line 124, in view
    return self.dispatch(request, *args, **kwargs)
  File "/root/rumah-akrilik/venv/lib/python3.10/site-packages/rest_framework/views.py", line 509, in dispatch
    response = self.handle_exception(exc)
  File "/root/rumah-akrilik/venv/lib/python3.10/site-packages/rest_framework/views.py", line 469, in handle_exception
    self.raise_uncaught_exception(exc)
  File "/root/rumah-akrilik/venv/lib/python3.10/site-packages/rest_framework/views.py", line 480, in raise_uncaught_exception
    raise exc
  File "/root/rumah-akrilik/venv/lib/python3.10/site-packages/rest_framework/views.py", line 506, in dispatch
    response = handler(request, *args, **kwargs)
  File "/root/rumah-akrilik/venv/lib/python3.10/site-packages/rest_framework/mixins.py", line 40, in list
    page = self.paginate_queryset(queryset)
  File "/root/rumah-akrilik/venv/lib/python3.10/site-packages/rest_framework/generics.py", line 175, in paginate_queryset
    return self.paginator.paginate_queryset(queryset, self.request, view=self)
  File "/root/rumah-akrilik/venv/lib/python3.10/site-packages/rest_framework/pagination.py", line 222, in paginate_queryset
    return list(self.page)
  File "/root/rumah-akrilik/venv/lib/python3.10/site-packages/django/core/paginator.py", line 174, in __len__
    return len(self.object_list)
  File "/root/rumah-akrilik/venv/lib/python3.10/site-packages/django/db/models/query.py", line 380, in __len__
    self._fetch_all()
  File "/root/rumah-akrilik/venv/lib/python3.10/site-packages/django/db/models/query.py", line 1883, in _fetch_all
    self._prefetch_related_objects()
  File "/root/rumah-akrilik/venv/lib/python3.10/site-packages/django/db/models/query.py", line 1273, in _prefetch_related_objects
    prefetch_related_objects(self._result_cache, *self._prefetch_related_lookups)
  File "/root/rumah-akrilik/venv/lib/python3.10/site-packages/django/db/models/query.py", line 2321, in prefetch_related_objects
    obj_list, additional_lookups = prefetch_one_level(
  File "/root/rumah-akrilik/venv/lib/python3.10/site-packages/django/db/models/query.py", line 2463, in prefetch_one_level
    ) = prefetcher.get_prefetch_queryset(instances, lookup.get_current_queryset(level))
  File "/root/rumah-akrilik/venv/lib/python3.10/site-packages/django/db/models/fields/related_descriptors.py", line 744, in get_prefetch_queryset
    for rel_obj in queryset:
  File "/root/rumah-akrilik/venv/lib/python3.10/site-packages/django/db/models/query.py", line 398, in __iter__
    self._fetch_all()
  File "/root/rumah-akrilik/venv/lib/python3.10/site-packages/django/db/models/query.py", line 1881, in _fetch_all
    self._result_cache = list(self._iterable_class(self))
  File "/root/rumah-akrilik/venv/lib/python3.10/site-packages/django/db/models/query.py", line 91, in __iter__
    results = compiler.execute_sql(
  File "/root/rumah-akrilik/venv/lib/python3.10/site-packages/django/db/models/sql/compiler.py", line 1562, in execute_sql
    cursor.execute(sql, params)
  File "/root/rumah-akrilik/venv/lib/python3.10/site-packages/django/db/backends/utils.py", line 102, in execute
    return super().execute(sql, params)
  File "/root/rumah-akrilik/venv/lib/python3.10/site-packages/django/db/backends/utils.py", line 67, in execute
    return self._execute_with_wrappers(
  File "/root/rumah-akrilik/venv/lib/python3.10/site-packages/django/db/backends/utils.py", line 80, in _execute_with_wrappers
    return executor(sql, params, many, context)
  File "/root/rumah-akrilik/venv/lib/python3.10/site-packages/django/db/backends/utils.py", line 84, in _execute
    with self.db.wrap_database_errors:
  File "/root/rumah-akrilik/venv/lib/python3.10/site-packages/django/db/utils.py", line 91, in __exit__
    raise dj_exc_value.with_traceback(traceback) from exc_value
  File "/root/rumah-akrilik/venv/lib/python3.10/site-packages/django/db/backends/utils.py", line 89, in _execute
    return self.cursor.execute(sql, params)
django.db.utils.ProgrammingError: column rumah_akrilik_app_orderitem.nama_produk does not exist
LINE 1: ..._id", "rumah_akrilik_app_orderitem"."product_id", "rumah_akr...
                                                             ^

ERROR 2025-04-28 22:55:28,567 log 2164874 140368600797184 Internal Server Error: /api/order/
Traceback (most recent call last):
  File "/root/rumah-akrilik/venv/lib/python3.10/site-packages/django/db/backends/utils.py", line 89, in _execute
    return self.cursor.execute(sql, params)
psycopg2.errors.UndefinedColumn: column rumah_akrilik_app_orderitem.nama_produk does not exist
LINE 1: ..._id", "rumah_akrilik_app_orderitem"."product_id", "rumah_akr...
                                                             ^


The above exception was the direct cause of the following exception:

Traceback (most recent call last):
  File "/root/rumah-akrilik/venv/lib/python3.10/site-packages/django/core/handlers/exception.py", line 55, in inner
    response = get_response(request)
  File "/root/rumah-akrilik/venv/lib/python3.10/site-packages/django/core/handlers/base.py", line 197, in _get_response
    response = wrapped_callback(request, *callback_args, **callback_kwargs)
  File "/root/rumah-akrilik/venv/lib/python3.10/site-packages/django/views/decorators/csrf.py", line 56, in wrapper_view
    return view_func(*args, **kwargs)
  File "/root/rumah-akrilik/venv/lib/python3.10/site-packages/rest_framework/viewsets.py", line 124, in view
    return self.dispatch(request, *args, **kwargs)
  File "/root/rumah-akrilik/venv/lib/python3.10/site-packages/rest_framework/views.py", line 509, in dispatch
    response = self.handle_exception(exc)
  File "/root/rumah-akrilik/venv/lib/python3.10/site-packages/rest_framework/views.py", line 469, in handle_exception
    self.raise_uncaught_exception(exc)
  File "/root/rumah-akrilik/venv/lib/python3.10/site-packages/rest_framework/views.py", line 480, in raise_uncaught_exception
    raise exc
  File "/root/rumah-akrilik/venv/lib/python3.10/site-packages/rest_framework/views.py", line 506, in dispatch
    response = handler(request, *args, **kwargs)
  File "/root/rumah-akrilik/venv/lib/python3.10/site-packages/rest_framework/mixins.py", line 40, in list
    page = self.paginate_queryset(queryset)
  File "/root/rumah-akrilik/venv/lib/python3.10/site-packages/rest_framework/generics.py", line 175, in paginate_queryset
    return self.paginator.paginate_queryset(queryset, self.request, view=self)
  File "/root/rumah-akrilik/venv/lib/python3.10/site-packages/rest_framework/pagination.py", line 222, in paginate_queryset
    return list(self.page)
  File "/root/rumah-akrilik/venv/lib/python3.10/site-packages/django/core/paginator.py", line 174, in __len__
    return len(self.object_list)
  File "/root/rumah-akrilik/venv/lib/python3.10/site-packages/django/db/models/query.py", line 380, in __len__
    self._fetch_all()
  File "/root/rumah-akrilik/venv/lib/python3.10/site-packages/django/db/models/query.py", line 1883, in _fetch_all
    self._prefetch_related_objects()
  File "/root/rumah-akrilik/venv/lib/python3.10/site-packages/django/db/models/query.py", line 1273, in _prefetch_related_objects
    prefetch_related_objects(self._result_cache, *self._prefetch_related_lookups)
  File "/root/rumah-akrilik/venv/lib/python3.10/site-packages/django/db/models/query.py", line 2321, in prefetch_related_objects
    obj_list, additional_lookups = prefetch_one_level(
  File "/root/rumah-akrilik/venv/lib/python3.10/site-packages/django/db/models/query.py", line 2463, in prefetch_one_level
    ) = prefetcher.get_prefetch_queryset(instances, lookup.get_current_queryset(level))
  File "/root/rumah-akrilik/venv/lib/python3.10/site-packages/django/db/models/fields/related_descriptors.py", line 744, in get_prefetch_queryset
    for rel_obj in queryset:
  File "/root/rumah-akrilik/venv/lib/python3.10/site-packages/django/db/models/query.py", line 398, in __iter__
    self._fetch_all()
  File "/root/rumah-akrilik/venv/lib/python3.10/site-packages/django/db/models/query.py", line 1881, in _fetch_all
    self._result_cache = list(self._iterable_class(self))
  File "/root/rumah-akrilik/venv/lib/python3.10/site-packages/django/db/models/query.py", line 91, in __iter__
    results = compiler.execute_sql(
  File "/root/rumah-akrilik/venv/lib/python3.10/site-packages/django/db/models/sql/compiler.py", line 1562, in execute_sql
    cursor.execute(sql, params)
  File "/root/rumah-akrilik/venv/lib/python3.10/site-packages/django/db/backends/utils.py", line 102, in execute
    return super().execute(sql, params)
  File "/root/rumah-akrilik/venv/lib/python3.10/site-packages/django/db/backends/utils.py", line 67, in execute
    return self._execute_with_wrappers(
  File "/root/rumah-akrilik/venv/lib/python3.10/site-packages/django/db/backends/utils.py", line 80, in _execute_with_wrappers
    return executor(sql, params, many, context)
  File "/root/rumah-akrilik/venv/lib/python3.10/site-packages/django/db/backends/utils.py", line 84, in _execute
    with self.db.wrap_database_errors:
  File "/root/rumah-akrilik/venv/lib/python3.10/site-packages/django/db/utils.py", line 91, in __exit__
    raise dj_exc_value.with_traceback(traceback) from exc_value
  File "/root/rumah-akrilik/venv/lib/python3.10/site-packages/django/db/backends/utils.py", line 89, in _execute
    return self.cursor.execute(sql, params)
django.db.utils.ProgrammingError: column rumah_akrilik_app_orderitem.nama_produk does not exist
LINE 1: ..._id", "rumah_akrilik_app_orderitem"."product_id", "rumah_akr...
                                                             ^

ERROR 2025-04-28 22:55:28,737 log 2164872 140368600797184 Internal Server Error: /api/order/
Traceback (most recent call last):
  File "/root/rumah-akrilik/venv/lib/python3.10/site-packages/django/db/backends/utils.py", line 89, in _execute
    return self.cursor.execute(sql, params)
psycopg2.errors.UndefinedColumn: column rumah_akrilik_app_orderitem.nama_produk does not exist
LINE 1: ..._id", "rumah_akrilik_app_orderitem"."product_id", "rumah_akr...
                                                             ^


The above exception was the direct cause of the following exception:

Traceback (most recent call last):
  File "/root/rumah-akrilik/venv/lib/python3.10/site-packages/django/core/handlers/exception.py", line 55, in inner
    response = get_response(request)
  File "/root/rumah-akrilik/venv/lib/python3.10/site-packages/django/core/handlers/base.py", line 197, in _get_response
    response = wrapped_callback(request, *callback_args, **callback_kwargs)
  File "/root/rumah-akrilik/venv/lib/python3.10/site-packages/django/views/decorators/csrf.py", line 56, in wrapper_view
    return view_func(*args, **kwargs)
  File "/root/rumah-akrilik/venv/lib/python3.10/site-packages/rest_framework/viewsets.py", line 124, in view
    return self.dispatch(request, *args, **kwargs)
  File "/root/rumah-akrilik/venv/lib/python3.10/site-packages/rest_framework/views.py", line 509, in dispatch
    response = self.handle_exception(exc)
  File "/root/rumah-akrilik/venv/lib/python3.10/site-packages/rest_framework/views.py", line 469, in handle_exception
    self.raise_uncaught_exception(exc)
  File "/root/rumah-akrilik/venv/lib/python3.10/site-packages/rest_framework/views.py", line 480, in raise_uncaught_exception
    raise exc
  File "/root/rumah-akrilik/venv/lib/python3.10/site-packages/rest_framework/views.py", line 506, in dispatch
    response = handler(request, *args, **kwargs)
  File "/root/rumah-akrilik/venv/lib/python3.10/site-packages/rest_framework/mixins.py", line 40, in list
    page = self.paginate_queryset(queryset)
  File "/root/rumah-akrilik/venv/lib/python3.10/site-packages/rest_framework/generics.py", line 175, in paginate_queryset
    return self.paginator.paginate_queryset(queryset, self.request, view=self)
  File "/root/rumah-akrilik/venv/lib/python3.10/site-packages/rest_framework/pagination.py", line 222, in paginate_queryset
    return list(self.page)
  File "/root/rumah-akrilik/venv/lib/python3.10/site-packages/django/core/paginator.py", line 174, in __len__
    return len(self.object_list)
  File "/root/rumah-akrilik/venv/lib/python3.10/site-packages/django/db/models/query.py", line 380, in __len__
    self._fetch_all()
  File "/root/rumah-akrilik/venv/lib/python3.10/site-packages/django/db/models/query.py", line 1883, in _fetch_all
    self._prefetch_related_objects()
  File "/root/rumah-akrilik/venv/lib/python3.10/site-packages/django/db/models/query.py", line 1273, in _prefetch_related_objects
    prefetch_related_objects(self._result_cache, *self._prefetch_related_lookups)
  File "/root/rumah-akrilik/venv/lib/python3.10/site-packages/django/db/models/query.py", line 2321, in prefetch_related_objects
    obj_list, additional_lookups = prefetch_one_level(
  File "/root/rumah-akrilik/venv/lib/python3.10/site-packages/django/db/models/query.py", line 2463, in prefetch_one_level
    ) = prefetcher.get_prefetch_queryset(instances, lookup.get_current_queryset(level))
  File "/root/rumah-akrilik/venv/lib/python3.10/site-packages/django/db/models/fields/related_descriptors.py", line 744, in get_prefetch_queryset
    for rel_obj in queryset:
  File "/root/rumah-akrilik/venv/lib/python3.10/site-packages/django/db/models/query.py", line 398, in __iter__
    self._fetch_all()
  File "/root/rumah-akrilik/venv/lib/python3.10/site-packages/django/db/models/query.py", line 1881, in _fetch_all
    self._result_cache = list(self._iterable_class(self))
  File "/root/rumah-akrilik/venv/lib/python3.10/site-packages/django/db/models/query.py", line 91, in __iter__
    results = compiler.execute_sql(
  File "/root/rumah-akrilik/venv/lib/python3.10/site-packages/django/db/models/sql/compiler.py", line 1562, in execute_sql
    cursor.execute(sql, params)
  File "/root/rumah-akrilik/venv/lib/python3.10/site-packages/django/db/backends/utils.py", line 102, in execute
    return super().execute(sql, params)
  File "/root/rumah-akrilik/venv/lib/python3.10/site-packages/django/db/backends/utils.py", line 67, in execute
    return self._execute_with_wrappers(
  File "/root/rumah-akrilik/venv/lib/python3.10/site-packages/django/db/backends/utils.py", line 80, in _execute_with_wrappers
    return executor(sql, params, many, context)
  File "/root/rumah-akrilik/venv/lib/python3.10/site-packages/django/db/backends/utils.py", line 84, in _execute
    with self.db.wrap_database_errors:
  File "/root/rumah-akrilik/venv/lib/python3.10/site-packages/django/db/utils.py", line 91, in __exit__
    raise dj_exc_value.with_traceback(traceback) from exc_value
  File "/root/rumah-akrilik/venv/lib/python3.10/site-packages/django/db/backends/utils.py", line 89, in _execute
    return self.cursor.execute(sql, params)
django.db.utils.ProgrammingError: column rumah_akrilik_app_orderitem.nama_produk does not exist
LINE 1: ..._id", "rumah_akrilik_app_orderitem"."product_id", "rumah_akr...
                                                             ^

ERROR 2025-04-28 22:55:28,782 log 2164873 140368600797184 Internal Server Error: /api/order/
Traceback (most recent call last):
  File "/root/rumah-akrilik/venv/lib/python3.10/site-packages/django/db/backends/utils.py", line 89, in _execute
    return self.cursor.execute(sql, params)
psycopg2.errors.UndefinedColumn: column rumah_akrilik_app_orderitem.nama_produk does not exist
LINE 1: ..._id", "rumah_akrilik_app_orderitem"."product_id", "rumah_akr...
                                                             ^


The above exception was the direct cause of the following exception:

Traceback (most recent call last):
  File "/root/rumah-akrilik/venv/lib/python3.10/site-packages/django/core/handlers/exception.py", line 55, in inner
    response = get_response(request)
  File "/root/rumah-akrilik/venv/lib/python3.10/site-packages/django/core/handlers/base.py", line 197, in _get_response
    response = wrapped_callback(request, *callback_args, **callback_kwargs)
  File "/root/rumah-akrilik/venv/lib/python3.10/site-packages/django/views/decorators/csrf.py", line 56, in wrapper_view
    return view_func(*args, **kwargs)
  File "/root/rumah-akrilik/venv/lib/python3.10/site-packages/rest_framework/viewsets.py", line 124, in view
    return self.dispatch(request, *args, **kwargs)
  File "/root/rumah-akrilik/venv/lib/python3.10/site-packages/rest_framework/views.py", line 509, in dispatch
    response = self.handle_exception(exc)
  File "/root/rumah-akrilik/venv/lib/python3.10/site-packages/rest_framework/views.py", line 469, in handle_exception
    self.raise_uncaught_exception(exc)
  File "/root/rumah-akrilik/venv/lib/python3.10/site-packages/rest_framework/views.py", line 480, in raise_uncaught_exception
    raise exc
  File "/root/rumah-akrilik/venv/lib/python3.10/site-packages/rest_framework/views.py", line 506, in dispatch
    response = handler(request, *args, **kwargs)
  File "/root/rumah-akrilik/venv/lib/python3.10/site-packages/rest_framework/mixins.py", line 40, in list
    page = self.paginate_queryset(queryset)
  File "/root/rumah-akrilik/venv/lib/python3.10/site-packages/rest_framework/generics.py", line 175, in paginate_queryset
    return self.paginator.paginate_queryset(queryset, self.request, view=self)
  File "/root/rumah-akrilik/venv/lib/python3.10/site-packages/rest_framework/pagination.py", line 222, in paginate_queryset
    return list(self.page)
  File "/root/rumah-akrilik/venv/lib/python3.10/site-packages/django/core/paginator.py", line 174, in __len__
    return len(self.object_list)
  File "/root/rumah-akrilik/venv/lib/python3.10/site-packages/django/db/models/query.py", line 380, in __len__
    self._fetch_all()
  File "/root/rumah-akrilik/venv/lib/python3.10/site-packages/django/db/models/query.py", line 1883, in _fetch_all
    self._prefetch_related_objects()
  File "/root/rumah-akrilik/venv/lib/python3.10/site-packages/django/db/models/query.py", line 1273, in _prefetch_related_objects
    prefetch_related_objects(self._result_cache, *self._prefetch_related_lookups)
  File "/root/rumah-akrilik/venv/lib/python3.10/site-packages/django/db/models/query.py", line 2321, in prefetch_related_objects
    obj_list, additional_lookups = prefetch_one_level(
  File "/root/rumah-akrilik/venv/lib/python3.10/site-packages/django/db/models/query.py", line 2463, in prefetch_one_level
    ) = prefetcher.get_prefetch_queryset(instances, lookup.get_current_queryset(level))
  File "/root/rumah-akrilik/venv/lib/python3.10/site-packages/django/db/models/fields/related_descriptors.py", line 744, in get_prefetch_queryset
    for rel_obj in queryset:
  File "/root/rumah-akrilik/venv/lib/python3.10/site-packages/django/db/models/query.py", line 398, in __iter__
    self._fetch_all()
  File "/root/rumah-akrilik/venv/lib/python3.10/site-packages/django/db/models/query.py", line 1881, in _fetch_all
    self._result_cache = list(self._iterable_class(self))
  File "/root/rumah-akrilik/venv/lib/python3.10/site-packages/django/db/models/query.py", line 91, in __iter__
    results = compiler.execute_sql(
  File "/root/rumah-akrilik/venv/lib/python3.10/site-packages/django/db/models/sql/compiler.py", line 1562, in execute_sql
    cursor.execute(sql, params)
  File "/root/rumah-akrilik/venv/lib/python3.10/site-packages/django/db/backends/utils.py", line 102, in execute
    return super().execute(sql, params)
  File "/root/rumah-akrilik/venv/lib/python3.10/site-packages/django/db/backends/utils.py", line 67, in execute
    return self._execute_with_wrappers(
  File "/root/rumah-akrilik/venv/lib/python3.10/site-packages/django/db/backends/utils.py", line 80, in _execute_with_wrappers
    return executor(sql, params, many, context)
  File "/root/rumah-akrilik/venv/lib/python3.10/site-packages/django/db/backends/utils.py", line 84, in _execute
    with self.db.wrap_database_errors:
  File "/root/rumah-akrilik/venv/lib/python3.10/site-packages/django/db/utils.py", line 91, in __exit__
    raise dj_exc_value.with_traceback(traceback) from exc_value
  File "/root/rumah-akrilik/venv/lib/python3.10/site-packages/django/db/backends/utils.py", line 89, in _execute
    return self.cursor.execute(sql, params)
django.db.utils.ProgrammingError: column rumah_akrilik_app_orderitem.nama_produk does not exist
LINE 1: ..._id", "rumah_akrilik_app_orderitem"."product_id", "rumah_akr...
                                                             ^

ERROR 2025-04-28 22:55:28,801 log 2164875 140368600797184 Internal Server Error: /api/customers/
Traceback (most recent call last):
  File "/root/rumah-akrilik/venv/lib/python3.10/site-packages/django/db/backends/utils.py", line 89, in _execute
    return self.cursor.execute(sql, params)
psycopg2.errors.UndefinedColumn: column rumah_akrilik_app_customeraddress.street does not exist
LINE 1: ...umah_akrilik_app_customeraddress"."address_type", "rumah_akr...
                                                             ^


The above exception was the direct cause of the following exception:

Traceback (most recent call last):
  File "/root/rumah-akrilik/venv/lib/python3.10/site-packages/django/core/handlers/exception.py", line 55, in inner
    response = get_response(request)
  File "/root/rumah-akrilik/venv/lib/python3.10/site-packages/django/core/handlers/base.py", line 197, in _get_response
    response = wrapped_callback(request, *callback_args, **callback_kwargs)
  File "/root/rumah-akrilik/venv/lib/python3.10/site-packages/django/views/decorators/csrf.py", line 56, in wrapper_view
    return view_func(*args, **kwargs)
  File "/root/rumah-akrilik/venv/lib/python3.10/site-packages/rest_framework/viewsets.py", line 124, in view
    return self.dispatch(request, *args, **kwargs)
  File "/root/rumah-akrilik/venv/lib/python3.10/site-packages/rest_framework/views.py", line 509, in dispatch
    response = self.handle_exception(exc)
  File "/root/rumah-akrilik/venv/lib/python3.10/site-packages/rest_framework/views.py", line 469, in handle_exception
    self.raise_uncaught_exception(exc)
  File "/root/rumah-akrilik/venv/lib/python3.10/site-packages/rest_framework/views.py", line 480, in raise_uncaught_exception
    raise exc
  File "/root/rumah-akrilik/venv/lib/python3.10/site-packages/rest_framework/views.py", line 506, in dispatch
    response = handler(request, *args, **kwargs)
  File "/root/rumah-akrilik/venv/lib/python3.10/site-packages/rest_framework/mixins.py", line 43, in list
    return self.get_paginated_response(serializer.data)
  File "/root/rumah-akrilik/venv/lib/python3.10/site-packages/rest_framework/serializers.py", line 795, in data
    ret = super().data
  File "/root/rumah-akrilik/venv/lib/python3.10/site-packages/rest_framework/serializers.py", line 249, in data
    self._data = self.to_representation(self.instance)
  File "/root/rumah-akrilik/venv/lib/python3.10/site-packages/rest_framework/serializers.py", line 713, in to_representation
    return [
  File "/root/rumah-akrilik/venv/lib/python3.10/site-packages/rest_framework/serializers.py", line 714, in <listcomp>
    self.child.to_representation(item) for item in iterable
  File "/root/rumah-akrilik/venv/lib/python3.10/site-packages/rest_framework/serializers.py", line 538, in to_representation
    ret[field.field_name] = field.to_representation(attribute)
  File "/root/rumah-akrilik/venv/lib/python3.10/site-packages/rest_framework/serializers.py", line 713, in to_representation
    return [
  File "/root/rumah-akrilik/venv/lib/python3.10/site-packages/django/db/models/query.py", line 398, in __iter__
    self._fetch_all()
  File "/root/rumah-akrilik/venv/lib/python3.10/site-packages/django/db/models/query.py", line 1881, in _fetch_all
    self._result_cache = list(self._iterable_class(self))
  File "/root/rumah-akrilik/venv/lib/python3.10/site-packages/django/db/models/query.py", line 91, in __iter__
    results = compiler.execute_sql(
  File "/root/rumah-akrilik/venv/lib/python3.10/site-packages/django/db/models/sql/compiler.py", line 1562, in execute_sql
    cursor.execute(sql, params)
  File "/root/rumah-akrilik/venv/lib/python3.10/site-packages/django/db/backends/utils.py", line 102, in execute
    return super().execute(sql, params)
  File "/root/rumah-akrilik/venv/lib/python3.10/site-packages/django/db/backends/utils.py", line 67, in execute
    return self._execute_with_wrappers(
  File "/root/rumah-akrilik/venv/lib/python3.10/site-packages/django/db/backends/utils.py", line 80, in _execute_with_wrappers
    return executor(sql, params, many, context)
  File "/root/rumah-akrilik/venv/lib/python3.10/site-packages/django/db/backends/utils.py", line 84, in _execute
    with self.db.wrap_database_errors:
  File "/root/rumah-akrilik/venv/lib/python3.10/site-packages/django/db/utils.py", line 91, in __exit__
    raise dj_exc_value.with_traceback(traceback) from exc_value
  File "/root/rumah-akrilik/venv/lib/python3.10/site-packages/django/db/backends/utils.py", line 89, in _execute
    return self.cursor.execute(sql, params)
django.db.utils.ProgrammingError: column rumah_akrilik_app_customeraddress.street does not exist
LINE 1: ...umah_akrilik_app_customeraddress"."address_type", "rumah_akr...
                                                             ^

ERROR 2025-04-28 23:20:24,872 log 2165461 140117169938432 Internal Server Error: /api/order/
Traceback (most recent call last):
  File "/root/rumah-akrilik/venv/lib/python3.10/site-packages/django/db/backends/utils.py", line 89, in _execute
    return self.cursor.execute(sql, params)
psycopg2.errors.UndefinedColumn: column rumah_akrilik_app_orderitem.nama_produk does not exist
LINE 1: ..._id", "rumah_akrilik_app_orderitem"."product_id", "rumah_akr...
                                                             ^


The above exception was the direct cause of the following exception:

Traceback (most recent call last):
  File "/root/rumah-akrilik/venv/lib/python3.10/site-packages/django/core/handlers/exception.py", line 55, in inner
    response = get_response(request)
  File "/root/rumah-akrilik/venv/lib/python3.10/site-packages/django/core/handlers/base.py", line 197, in _get_response
    response = wrapped_callback(request, *callback_args, **callback_kwargs)
  File "/root/rumah-akrilik/venv/lib/python3.10/site-packages/django/views/decorators/csrf.py", line 56, in wrapper_view
    return view_func(*args, **kwargs)
  File "/root/rumah-akrilik/venv/lib/python3.10/site-packages/rest_framework/viewsets.py", line 124, in view
    return self.dispatch(request, *args, **kwargs)
  File "/root/rumah-akrilik/venv/lib/python3.10/site-packages/rest_framework/views.py", line 509, in dispatch
    response = self.handle_exception(exc)
  File "/root/rumah-akrilik/venv/lib/python3.10/site-packages/rest_framework/views.py", line 469, in handle_exception
    self.raise_uncaught_exception(exc)
  File "/root/rumah-akrilik/venv/lib/python3.10/site-packages/rest_framework/views.py", line 480, in raise_uncaught_exception
    raise exc
  File "/root/rumah-akrilik/venv/lib/python3.10/site-packages/rest_framework/views.py", line 506, in dispatch
    response = handler(request, *args, **kwargs)
  File "/root/rumah-akrilik/venv/lib/python3.10/site-packages/rest_framework/mixins.py", line 40, in list
    page = self.paginate_queryset(queryset)
  File "/root/rumah-akrilik/venv/lib/python3.10/site-packages/rest_framework/generics.py", line 175, in paginate_queryset
    return self.paginator.paginate_queryset(queryset, self.request, view=self)
  File "/root/rumah-akrilik/venv/lib/python3.10/site-packages/rest_framework/pagination.py", line 222, in paginate_queryset
    return list(self.page)
  File "/root/rumah-akrilik/venv/lib/python3.10/site-packages/django/core/paginator.py", line 174, in __len__
    return len(self.object_list)
  File "/root/rumah-akrilik/venv/lib/python3.10/site-packages/django/db/models/query.py", line 380, in __len__
    self._fetch_all()
  File "/root/rumah-akrilik/venv/lib/python3.10/site-packages/django/db/models/query.py", line 1883, in _fetch_all
    self._prefetch_related_objects()
  File "/root/rumah-akrilik/venv/lib/python3.10/site-packages/django/db/models/query.py", line 1273, in _prefetch_related_objects
    prefetch_related_objects(self._result_cache, *self._prefetch_related_lookups)
  File "/root/rumah-akrilik/venv/lib/python3.10/site-packages/django/db/models/query.py", line 2321, in prefetch_related_objects
    obj_list, additional_lookups = prefetch_one_level(
  File "/root/rumah-akrilik/venv/lib/python3.10/site-packages/django/db/models/query.py", line 2463, in prefetch_one_level
    ) = prefetcher.get_prefetch_queryset(instances, lookup.get_current_queryset(level))
  File "/root/rumah-akrilik/venv/lib/python3.10/site-packages/django/db/models/fields/related_descriptors.py", line 744, in get_prefetch_queryset
    for rel_obj in queryset:
  File "/root/rumah-akrilik/venv/lib/python3.10/site-packages/django/db/models/query.py", line 398, in __iter__
    self._fetch_all()
  File "/root/rumah-akrilik/venv/lib/python3.10/site-packages/django/db/models/query.py", line 1881, in _fetch_all
    self._result_cache = list(self._iterable_class(self))
  File "/root/rumah-akrilik/venv/lib/python3.10/site-packages/django/db/models/query.py", line 91, in __iter__
    results = compiler.execute_sql(
  File "/root/rumah-akrilik/venv/lib/python3.10/site-packages/django/db/models/sql/compiler.py", line 1562, in execute_sql
    cursor.execute(sql, params)
  File "/root/rumah-akrilik/venv/lib/python3.10/site-packages/django/db/backends/utils.py", line 102, in execute
    return super().execute(sql, params)
  File "/root/rumah-akrilik/venv/lib/python3.10/site-packages/django/db/backends/utils.py", line 67, in execute
    return self._execute_with_wrappers(
  File "/root/rumah-akrilik/venv/lib/python3.10/site-packages/django/db/backends/utils.py", line 80, in _execute_with_wrappers
    return executor(sql, params, many, context)
  File "/root/rumah-akrilik/venv/lib/python3.10/site-packages/django/db/backends/utils.py", line 84, in _execute
    with self.db.wrap_database_errors:
  File "/root/rumah-akrilik/venv/lib/python3.10/site-packages/django/db/utils.py", line 91, in __exit__
    raise dj_exc_value.with_traceback(traceback) from exc_value
  File "/root/rumah-akrilik/venv/lib/python3.10/site-packages/django/db/backends/utils.py", line 89, in _execute
    return self.cursor.execute(sql, params)
django.db.utils.ProgrammingError: column rumah_akrilik_app_orderitem.nama_produk does not exist
LINE 1: ..._id", "rumah_akrilik_app_orderitem"."product_id", "rumah_akr...
                                                             ^

ERROR 2025-04-28 23:20:24,975 log 2165460 140117169938432 Internal Server Error: /api/order/
Traceback (most recent call last):
  File "/root/rumah-akrilik/venv/lib/python3.10/site-packages/django/db/backends/utils.py", line 89, in _execute
    return self.cursor.execute(sql, params)
psycopg2.errors.UndefinedColumn: column rumah_akrilik_app_orderitem.nama_produk does not exist
LINE 1: ..._id", "rumah_akrilik_app_orderitem"."product_id", "rumah_akr...
                                                             ^


The above exception was the direct cause of the following exception:

Traceback (most recent call last):
  File "/root/rumah-akrilik/venv/lib/python3.10/site-packages/django/core/handlers/exception.py", line 55, in inner
    response = get_response(request)
  File "/root/rumah-akrilik/venv/lib/python3.10/site-packages/django/core/handlers/base.py", line 197, in _get_response
    response = wrapped_callback(request, *callback_args, **callback_kwargs)
  File "/root/rumah-akrilik/venv/lib/python3.10/site-packages/django/views/decorators/csrf.py", line 56, in wrapper_view
    return view_func(*args, **kwargs)
  File "/root/rumah-akrilik/venv/lib/python3.10/site-packages/rest_framework/viewsets.py", line 124, in view
    return self.dispatch(request, *args, **kwargs)
  File "/root/rumah-akrilik/venv/lib/python3.10/site-packages/rest_framework/views.py", line 509, in dispatch
    response = self.handle_exception(exc)
  File "/root/rumah-akrilik/venv/lib/python3.10/site-packages/rest_framework/views.py", line 469, in handle_exception
    self.raise_uncaught_exception(exc)
  File "/root/rumah-akrilik/venv/lib/python3.10/site-packages/rest_framework/views.py", line 480, in raise_uncaught_exception
    raise exc
  File "/root/rumah-akrilik/venv/lib/python3.10/site-packages/rest_framework/views.py", line 506, in dispatch
    response = handler(request, *args, **kwargs)
  File "/root/rumah-akrilik/venv/lib/python3.10/site-packages/rest_framework/mixins.py", line 40, in list
    page = self.paginate_queryset(queryset)
  File "/root/rumah-akrilik/venv/lib/python3.10/site-packages/rest_framework/generics.py", line 175, in paginate_queryset
    return self.paginator.paginate_queryset(queryset, self.request, view=self)
  File "/root/rumah-akrilik/venv/lib/python3.10/site-packages/rest_framework/pagination.py", line 222, in paginate_queryset
    return list(self.page)
  File "/root/rumah-akrilik/venv/lib/python3.10/site-packages/django/core/paginator.py", line 174, in __len__
    return len(self.object_list)
  File "/root/rumah-akrilik/venv/lib/python3.10/site-packages/django/db/models/query.py", line 380, in __len__
    self._fetch_all()
  File "/root/rumah-akrilik/venv/lib/python3.10/site-packages/django/db/models/query.py", line 1883, in _fetch_all
    self._prefetch_related_objects()
  File "/root/rumah-akrilik/venv/lib/python3.10/site-packages/django/db/models/query.py", line 1273, in _prefetch_related_objects
    prefetch_related_objects(self._result_cache, *self._prefetch_related_lookups)
  File "/root/rumah-akrilik/venv/lib/python3.10/site-packages/django/db/models/query.py", line 2321, in prefetch_related_objects
    obj_list, additional_lookups = prefetch_one_level(
  File "/root/rumah-akrilik/venv/lib/python3.10/site-packages/django/db/models/query.py", line 2463, in prefetch_one_level
    ) = prefetcher.get_prefetch_queryset(instances, lookup.get_current_queryset(level))
  File "/root/rumah-akrilik/venv/lib/python3.10/site-packages/django/db/models/fields/related_descriptors.py", line 744, in get_prefetch_queryset
    for rel_obj in queryset:
  File "/root/rumah-akrilik/venv/lib/python3.10/site-packages/django/db/models/query.py", line 398, in __iter__
    self._fetch_all()
  File "/root/rumah-akrilik/venv/lib/python3.10/site-packages/django/db/models/query.py", line 1881, in _fetch_all
    self._result_cache = list(self._iterable_class(self))
  File "/root/rumah-akrilik/venv/lib/python3.10/site-packages/django/db/models/query.py", line 91, in __iter__
    results = compiler.execute_sql(
  File "/root/rumah-akrilik/venv/lib/python3.10/site-packages/django/db/models/sql/compiler.py", line 1562, in execute_sql
    cursor.execute(sql, params)
  File "/root/rumah-akrilik/venv/lib/python3.10/site-packages/django/db/backends/utils.py", line 102, in execute
    return super().execute(sql, params)
  File "/root/rumah-akrilik/venv/lib/python3.10/site-packages/django/db/backends/utils.py", line 67, in execute
    return self._execute_with_wrappers(
  File "/root/rumah-akrilik/venv/lib/python3.10/site-packages/django/db/backends/utils.py", line 80, in _execute_with_wrappers
    return executor(sql, params, many, context)
  File "/root/rumah-akrilik/venv/lib/python3.10/site-packages/django/db/backends/utils.py", line 84, in _execute
    with self.db.wrap_database_errors:
  File "/root/rumah-akrilik/venv/lib/python3.10/site-packages/django/db/utils.py", line 91, in __exit__
    raise dj_exc_value.with_traceback(traceback) from exc_value
  File "/root/rumah-akrilik/venv/lib/python3.10/site-packages/django/db/backends/utils.py", line 89, in _execute
    return self.cursor.execute(sql, params)
django.db.utils.ProgrammingError: column rumah_akrilik_app_orderitem.nama_produk does not exist
LINE 1: ..._id", "rumah_akrilik_app_orderitem"."product_id", "rumah_akr...
                                                             ^

ERROR 2025-04-28 23:20:25,018 log 2165463 140117169938432 Internal Server Error: /api/customers/
Traceback (most recent call last):
  File "/root/rumah-akrilik/venv/lib/python3.10/site-packages/django/db/backends/utils.py", line 89, in _execute
    return self.cursor.execute(sql, params)
psycopg2.errors.UndefinedColumn: column rumah_akrilik_app_customeraddress.street does not exist
LINE 1: ...umah_akrilik_app_customeraddress"."address_type", "rumah_akr...
                                                             ^


The above exception was the direct cause of the following exception:

Traceback (most recent call last):
  File "/root/rumah-akrilik/venv/lib/python3.10/site-packages/django/core/handlers/exception.py", line 55, in inner
    response = get_response(request)
  File "/root/rumah-akrilik/venv/lib/python3.10/site-packages/django/core/handlers/base.py", line 197, in _get_response
    response = wrapped_callback(request, *callback_args, **callback_kwargs)
  File "/root/rumah-akrilik/venv/lib/python3.10/site-packages/django/views/decorators/csrf.py", line 56, in wrapper_view
    return view_func(*args, **kwargs)
  File "/root/rumah-akrilik/venv/lib/python3.10/site-packages/rest_framework/viewsets.py", line 124, in view
    return self.dispatch(request, *args, **kwargs)
  File "/root/rumah-akrilik/venv/lib/python3.10/site-packages/rest_framework/views.py", line 509, in dispatch
    response = self.handle_exception(exc)
  File "/root/rumah-akrilik/venv/lib/python3.10/site-packages/rest_framework/views.py", line 469, in handle_exception
    self.raise_uncaught_exception(exc)
  File "/root/rumah-akrilik/venv/lib/python3.10/site-packages/rest_framework/views.py", line 480, in raise_uncaught_exception
    raise exc
  File "/root/rumah-akrilik/venv/lib/python3.10/site-packages/rest_framework/views.py", line 506, in dispatch
    response = handler(request, *args, **kwargs)
  File "/root/rumah-akrilik/venv/lib/python3.10/site-packages/rest_framework/mixins.py", line 43, in list
    return self.get_paginated_response(serializer.data)
  File "/root/rumah-akrilik/venv/lib/python3.10/site-packages/rest_framework/serializers.py", line 795, in data
    ret = super().data
  File "/root/rumah-akrilik/venv/lib/python3.10/site-packages/rest_framework/serializers.py", line 249, in data
    self._data = self.to_representation(self.instance)
  File "/root/rumah-akrilik/venv/lib/python3.10/site-packages/rest_framework/serializers.py", line 713, in to_representation
    return [
  File "/root/rumah-akrilik/venv/lib/python3.10/site-packages/rest_framework/serializers.py", line 714, in <listcomp>
    self.child.to_representation(item) for item in iterable
  File "/root/rumah-akrilik/venv/lib/python3.10/site-packages/rest_framework/serializers.py", line 538, in to_representation
    ret[field.field_name] = field.to_representation(attribute)
  File "/root/rumah-akrilik/venv/lib/python3.10/site-packages/rest_framework/serializers.py", line 713, in to_representation
    return [
  File "/root/rumah-akrilik/venv/lib/python3.10/site-packages/django/db/models/query.py", line 398, in __iter__
    self._fetch_all()
  File "/root/rumah-akrilik/venv/lib/python3.10/site-packages/django/db/models/query.py", line 1881, in _fetch_all
    self._result_cache = list(self._iterable_class(self))
  File "/root/rumah-akrilik/venv/lib/python3.10/site-packages/django/db/models/query.py", line 91, in __iter__
    results = compiler.execute_sql(
  File "/root/rumah-akrilik/venv/lib/python3.10/site-packages/django/db/models/sql/compiler.py", line 1562, in execute_sql
    cursor.execute(sql, params)
  File "/root/rumah-akrilik/venv/lib/python3.10/site-packages/django/db/backends/utils.py", line 102, in execute
    return super().execute(sql, params)
  File "/root/rumah-akrilik/venv/lib/python3.10/site-packages/django/db/backends/utils.py", line 67, in execute
    return self._execute_with_wrappers(
  File "/root/rumah-akrilik/venv/lib/python3.10/site-packages/django/db/backends/utils.py", line 80, in _execute_with_wrappers
    return executor(sql, params, many, context)
  File "/root/rumah-akrilik/venv/lib/python3.10/site-packages/django/db/backends/utils.py", line 84, in _execute
    with self.db.wrap_database_errors:
  File "/root/rumah-akrilik/venv/lib/python3.10/site-packages/django/db/utils.py", line 91, in __exit__
    raise dj_exc_value.with_traceback(traceback) from exc_value
  File "/root/rumah-akrilik/venv/lib/python3.10/site-packages/django/db/backends/utils.py", line 89, in _execute
    return self.cursor.execute(sql, params)
django.db.utils.ProgrammingError: column rumah_akrilik_app_customeraddress.street does not exist
LINE 1: ...umah_akrilik_app_customeraddress"."address_type", "rumah_akr...
                                                             ^

ERROR 2025-04-28 23:20:25,080 log 2165462 140117169938432 Internal Server Error: /api/order/
Traceback (most recent call last):
  File "/root/rumah-akrilik/venv/lib/python3.10/site-packages/django/db/backends/utils.py", line 89, in _execute
    return self.cursor.execute(sql, params)
psycopg2.errors.UndefinedColumn: column rumah_akrilik_app_orderitem.nama_produk does not exist
LINE 1: ..._id", "rumah_akrilik_app_orderitem"."product_id", "rumah_akr...
                                                             ^


The above exception was the direct cause of the following exception:

Traceback (most recent call last):
  File "/root/rumah-akrilik/venv/lib/python3.10/site-packages/django/core/handlers/exception.py", line 55, in inner
    response = get_response(request)
  File "/root/rumah-akrilik/venv/lib/python3.10/site-packages/django/core/handlers/base.py", line 197, in _get_response
    response = wrapped_callback(request, *callback_args, **callback_kwargs)
  File "/root/rumah-akrilik/venv/lib/python3.10/site-packages/django/views/decorators/csrf.py", line 56, in wrapper_view
    return view_func(*args, **kwargs)
  File "/root/rumah-akrilik/venv/lib/python3.10/site-packages/rest_framework/viewsets.py", line 124, in view
    return self.dispatch(request, *args, **kwargs)
  File "/root/rumah-akrilik/venv/lib/python3.10/site-packages/rest_framework/views.py", line 509, in dispatch
    response = self.handle_exception(exc)
  File "/root/rumah-akrilik/venv/lib/python3.10/site-packages/rest_framework/views.py", line 469, in handle_exception
    self.raise_uncaught_exception(exc)
  File "/root/rumah-akrilik/venv/lib/python3.10/site-packages/rest_framework/views.py", line 480, in raise_uncaught_exception
    raise exc
  File "/root/rumah-akrilik/venv/lib/python3.10/site-packages/rest_framework/views.py", line 506, in dispatch
    response = handler(request, *args, **kwargs)
  File "/root/rumah-akrilik/venv/lib/python3.10/site-packages/rest_framework/mixins.py", line 40, in list
    page = self.paginate_queryset(queryset)
  File "/root/rumah-akrilik/venv/lib/python3.10/site-packages/rest_framework/generics.py", line 175, in paginate_queryset
    return self.paginator.paginate_queryset(queryset, self.request, view=self)
  File "/root/rumah-akrilik/venv/lib/python3.10/site-packages/rest_framework/pagination.py", line 222, in paginate_queryset
    return list(self.page)
  File "/root/rumah-akrilik/venv/lib/python3.10/site-packages/django/core/paginator.py", line 174, in __len__
    return len(self.object_list)
  File "/root/rumah-akrilik/venv/lib/python3.10/site-packages/django/db/models/query.py", line 380, in __len__
    self._fetch_all()
  File "/root/rumah-akrilik/venv/lib/python3.10/site-packages/django/db/models/query.py", line 1883, in _fetch_all
    self._prefetch_related_objects()
  File "/root/rumah-akrilik/venv/lib/python3.10/site-packages/django/db/models/query.py", line 1273, in _prefetch_related_objects
    prefetch_related_objects(self._result_cache, *self._prefetch_related_lookups)
  File "/root/rumah-akrilik/venv/lib/python3.10/site-packages/django/db/models/query.py", line 2321, in prefetch_related_objects
    obj_list, additional_lookups = prefetch_one_level(
  File "/root/rumah-akrilik/venv/lib/python3.10/site-packages/django/db/models/query.py", line 2463, in prefetch_one_level
    ) = prefetcher.get_prefetch_queryset(instances, lookup.get_current_queryset(level))
  File "/root/rumah-akrilik/venv/lib/python3.10/site-packages/django/db/models/fields/related_descriptors.py", line 744, in get_prefetch_queryset
    for rel_obj in queryset:
  File "/root/rumah-akrilik/venv/lib/python3.10/site-packages/django/db/models/query.py", line 398, in __iter__
    self._fetch_all()
  File "/root/rumah-akrilik/venv/lib/python3.10/site-packages/django/db/models/query.py", line 1881, in _fetch_all
    self._result_cache = list(self._iterable_class(self))
  File "/root/rumah-akrilik/venv/lib/python3.10/site-packages/django/db/models/query.py", line 91, in __iter__
    results = compiler.execute_sql(
  File "/root/rumah-akrilik/venv/lib/python3.10/site-packages/django/db/models/sql/compiler.py", line 1562, in execute_sql
    cursor.execute(sql, params)
  File "/root/rumah-akrilik/venv/lib/python3.10/site-packages/django/db/backends/utils.py", line 102, in execute
    return super().execute(sql, params)
  File "/root/rumah-akrilik/venv/lib/python3.10/site-packages/django/db/backends/utils.py", line 67, in execute
    return self._execute_with_wrappers(
  File "/root/rumah-akrilik/venv/lib/python3.10/site-packages/django/db/backends/utils.py", line 80, in _execute_with_wrappers
    return executor(sql, params, many, context)
  File "/root/rumah-akrilik/venv/lib/python3.10/site-packages/django/db/backends/utils.py", line 84, in _execute
    with self.db.wrap_database_errors:
  File "/root/rumah-akrilik/venv/lib/python3.10/site-packages/django/db/utils.py", line 91, in __exit__
    raise dj_exc_value.with_traceback(traceback) from exc_value
  File "/root/rumah-akrilik/venv/lib/python3.10/site-packages/django/db/backends/utils.py", line 89, in _execute
    return self.cursor.execute(sql, params)
django.db.utils.ProgrammingError: column rumah_akrilik_app_orderitem.nama_produk does not exist
LINE 1: ..._id", "rumah_akrilik_app_orderitem"."product_id", "rumah_akr...
                                                             ^

ERROR 2025-04-28 23:20:27,114 log 2165462 140117169938432 Internal Server Error: /api/customers/
Traceback (most recent call last):
  File "/root/rumah-akrilik/venv/lib/python3.10/site-packages/django/db/backends/utils.py", line 89, in _execute
    return self.cursor.execute(sql, params)
psycopg2.errors.UndefinedColumn: column rumah_akrilik_app_customeraddress.street does not exist
LINE 1: ...umah_akrilik_app_customeraddress"."address_type", "rumah_akr...
                                                             ^


The above exception was the direct cause of the following exception:

Traceback (most recent call last):
  File "/root/rumah-akrilik/venv/lib/python3.10/site-packages/django/core/handlers/exception.py", line 55, in inner
    response = get_response(request)
  File "/root/rumah-akrilik/venv/lib/python3.10/site-packages/django/core/handlers/base.py", line 197, in _get_response
    response = wrapped_callback(request, *callback_args, **callback_kwargs)
  File "/root/rumah-akrilik/venv/lib/python3.10/site-packages/django/views/decorators/csrf.py", line 56, in wrapper_view
    return view_func(*args, **kwargs)
  File "/root/rumah-akrilik/venv/lib/python3.10/site-packages/rest_framework/viewsets.py", line 124, in view
    return self.dispatch(request, *args, **kwargs)
  File "/root/rumah-akrilik/venv/lib/python3.10/site-packages/rest_framework/views.py", line 509, in dispatch
    response = self.handle_exception(exc)
  File "/root/rumah-akrilik/venv/lib/python3.10/site-packages/rest_framework/views.py", line 469, in handle_exception
    self.raise_uncaught_exception(exc)
  File "/root/rumah-akrilik/venv/lib/python3.10/site-packages/rest_framework/views.py", line 480, in raise_uncaught_exception
    raise exc
  File "/root/rumah-akrilik/venv/lib/python3.10/site-packages/rest_framework/views.py", line 506, in dispatch
    response = handler(request, *args, **kwargs)
  File "/root/rumah-akrilik/venv/lib/python3.10/site-packages/rest_framework/mixins.py", line 43, in list
    return self.get_paginated_response(serializer.data)
  File "/root/rumah-akrilik/venv/lib/python3.10/site-packages/rest_framework/serializers.py", line 795, in data
    ret = super().data
  File "/root/rumah-akrilik/venv/lib/python3.10/site-packages/rest_framework/serializers.py", line 249, in data
    self._data = self.to_representation(self.instance)
  File "/root/rumah-akrilik/venv/lib/python3.10/site-packages/rest_framework/serializers.py", line 713, in to_representation
    return [
  File "/root/rumah-akrilik/venv/lib/python3.10/site-packages/rest_framework/serializers.py", line 714, in <listcomp>
    self.child.to_representation(item) for item in iterable
  File "/root/rumah-akrilik/venv/lib/python3.10/site-packages/rest_framework/serializers.py", line 538, in to_representation
    ret[field.field_name] = field.to_representation(attribute)
  File "/root/rumah-akrilik/venv/lib/python3.10/site-packages/rest_framework/serializers.py", line 713, in to_representation
    return [
  File "/root/rumah-akrilik/venv/lib/python3.10/site-packages/django/db/models/query.py", line 398, in __iter__
    self._fetch_all()
  File "/root/rumah-akrilik/venv/lib/python3.10/site-packages/django/db/models/query.py", line 1881, in _fetch_all
    self._result_cache = list(self._iterable_class(self))
  File "/root/rumah-akrilik/venv/lib/python3.10/site-packages/django/db/models/query.py", line 91, in __iter__
    results = compiler.execute_sql(
  File "/root/rumah-akrilik/venv/lib/python3.10/site-packages/django/db/models/sql/compiler.py", line 1562, in execute_sql
    cursor.execute(sql, params)
  File "/root/rumah-akrilik/venv/lib/python3.10/site-packages/django/db/backends/utils.py", line 102, in execute
    return super().execute(sql, params)
  File "/root/rumah-akrilik/venv/lib/python3.10/site-packages/django/db/backends/utils.py", line 67, in execute
    return self._execute_with_wrappers(
  File "/root/rumah-akrilik/venv/lib/python3.10/site-packages/django/db/backends/utils.py", line 80, in _execute_with_wrappers
    return executor(sql, params, many, context)
  File "/root/rumah-akrilik/venv/lib/python3.10/site-packages/django/db/backends/utils.py", line 84, in _execute
    with self.db.wrap_database_errors:
  File "/root/rumah-akrilik/venv/lib/python3.10/site-packages/django/db/utils.py", line 91, in __exit__
    raise dj_exc_value.with_traceback(traceback) from exc_value
  File "/root/rumah-akrilik/venv/lib/python3.10/site-packages/django/db/backends/utils.py", line 89, in _execute
    return self.cursor.execute(sql, params)
django.db.utils.ProgrammingError: column rumah_akrilik_app_customeraddress.street does not exist
LINE 1: ...umah_akrilik_app_customeraddress"."address_type", "rumah_akr...
                                                             ^

ERROR 2025-04-28 23:20:27,134 log 2165461 140117169938432 Internal Server Error: /api/order/
Traceback (most recent call last):
  File "/root/rumah-akrilik/venv/lib/python3.10/site-packages/django/db/backends/utils.py", line 89, in _execute
    return self.cursor.execute(sql, params)
psycopg2.errors.UndefinedColumn: column rumah_akrilik_app_orderitem.nama_produk does not exist
LINE 1: ..._id", "rumah_akrilik_app_orderitem"."product_id", "rumah_akr...
                                                             ^


The above exception was the direct cause of the following exception:

Traceback (most recent call last):
  File "/root/rumah-akrilik/venv/lib/python3.10/site-packages/django/core/handlers/exception.py", line 55, in inner
    response = get_response(request)
  File "/root/rumah-akrilik/venv/lib/python3.10/site-packages/django/core/handlers/base.py", line 197, in _get_response
    response = wrapped_callback(request, *callback_args, **callback_kwargs)
  File "/root/rumah-akrilik/venv/lib/python3.10/site-packages/django/views/decorators/csrf.py", line 56, in wrapper_view
    return view_func(*args, **kwargs)
  File "/root/rumah-akrilik/venv/lib/python3.10/site-packages/rest_framework/viewsets.py", line 124, in view
    return self.dispatch(request, *args, **kwargs)
  File "/root/rumah-akrilik/venv/lib/python3.10/site-packages/rest_framework/views.py", line 509, in dispatch
    response = self.handle_exception(exc)
  File "/root/rumah-akrilik/venv/lib/python3.10/site-packages/rest_framework/views.py", line 469, in handle_exception
    self.raise_uncaught_exception(exc)
  File "/root/rumah-akrilik/venv/lib/python3.10/site-packages/rest_framework/views.py", line 480, in raise_uncaught_exception
    raise exc
  File "/root/rumah-akrilik/venv/lib/python3.10/site-packages/rest_framework/views.py", line 506, in dispatch
    response = handler(request, *args, **kwargs)
  File "/root/rumah-akrilik/venv/lib/python3.10/site-packages/rest_framework/mixins.py", line 40, in list
    page = self.paginate_queryset(queryset)
  File "/root/rumah-akrilik/venv/lib/python3.10/site-packages/rest_framework/generics.py", line 175, in paginate_queryset
    return self.paginator.paginate_queryset(queryset, self.request, view=self)
  File "/root/rumah-akrilik/venv/lib/python3.10/site-packages/rest_framework/pagination.py", line 222, in paginate_queryset
    return list(self.page)
  File "/root/rumah-akrilik/venv/lib/python3.10/site-packages/django/core/paginator.py", line 174, in __len__
    return len(self.object_list)
  File "/root/rumah-akrilik/venv/lib/python3.10/site-packages/django/db/models/query.py", line 380, in __len__
    self._fetch_all()
  File "/root/rumah-akrilik/venv/lib/python3.10/site-packages/django/db/models/query.py", line 1883, in _fetch_all
    self._prefetch_related_objects()
  File "/root/rumah-akrilik/venv/lib/python3.10/site-packages/django/db/models/query.py", line 1273, in _prefetch_related_objects
    prefetch_related_objects(self._result_cache, *self._prefetch_related_lookups)
  File "/root/rumah-akrilik/venv/lib/python3.10/site-packages/django/db/models/query.py", line 2321, in prefetch_related_objects
    obj_list, additional_lookups = prefetch_one_level(
  File "/root/rumah-akrilik/venv/lib/python3.10/site-packages/django/db/models/query.py", line 2463, in prefetch_one_level
    ) = prefetcher.get_prefetch_queryset(instances, lookup.get_current_queryset(level))
  File "/root/rumah-akrilik/venv/lib/python3.10/site-packages/django/db/models/fields/related_descriptors.py", line 744, in get_prefetch_queryset
    for rel_obj in queryset:
  File "/root/rumah-akrilik/venv/lib/python3.10/site-packages/django/db/models/query.py", line 398, in __iter__
    self._fetch_all()
  File "/root/rumah-akrilik/venv/lib/python3.10/site-packages/django/db/models/query.py", line 1881, in _fetch_all
    self._result_cache = list(self._iterable_class(self))
  File "/root/rumah-akrilik/venv/lib/python3.10/site-packages/django/db/models/query.py", line 91, in __iter__
    results = compiler.execute_sql(
  File "/root/rumah-akrilik/venv/lib/python3.10/site-packages/django/db/models/sql/compiler.py", line 1562, in execute_sql
    cursor.execute(sql, params)
  File "/root/rumah-akrilik/venv/lib/python3.10/site-packages/django/db/backends/utils.py", line 102, in execute
    return super().execute(sql, params)
  File "/root/rumah-akrilik/venv/lib/python3.10/site-packages/django/db/backends/utils.py", line 67, in execute
    return self._execute_with_wrappers(
  File "/root/rumah-akrilik/venv/lib/python3.10/site-packages/django/db/backends/utils.py", line 80, in _execute_with_wrappers
    return executor(sql, params, many, context)
  File "/root/rumah-akrilik/venv/lib/python3.10/site-packages/django/db/backends/utils.py", line 84, in _execute
    with self.db.wrap_database_errors:
  File "/root/rumah-akrilik/venv/lib/python3.10/site-packages/django/db/utils.py", line 91, in __exit__
    raise dj_exc_value.with_traceback(traceback) from exc_value
  File "/root/rumah-akrilik/venv/lib/python3.10/site-packages/django/db/backends/utils.py", line 89, in _execute
    return self.cursor.execute(sql, params)
django.db.utils.ProgrammingError: column rumah_akrilik_app_orderitem.nama_produk does not exist
LINE 1: ..._id", "rumah_akrilik_app_orderitem"."product_id", "rumah_akr...
                                                             ^

ERROR 2025-04-28 23:20:27,164 log 2165463 140117169938432 Internal Server Error: /api/order/
Traceback (most recent call last):
  File "/root/rumah-akrilik/venv/lib/python3.10/site-packages/django/db/backends/utils.py", line 89, in _execute
    return self.cursor.execute(sql, params)
psycopg2.errors.UndefinedColumn: column rumah_akrilik_app_orderitem.nama_produk does not exist
LINE 1: ..._id", "rumah_akrilik_app_orderitem"."product_id", "rumah_akr...
                                                             ^


The above exception was the direct cause of the following exception:

Traceback (most recent call last):
  File "/root/rumah-akrilik/venv/lib/python3.10/site-packages/django/core/handlers/exception.py", line 55, in inner
    response = get_response(request)
  File "/root/rumah-akrilik/venv/lib/python3.10/site-packages/django/core/handlers/base.py", line 197, in _get_response
    response = wrapped_callback(request, *callback_args, **callback_kwargs)
  File "/root/rumah-akrilik/venv/lib/python3.10/site-packages/django/views/decorators/csrf.py", line 56, in wrapper_view
    return view_func(*args, **kwargs)
  File "/root/rumah-akrilik/venv/lib/python3.10/site-packages/rest_framework/viewsets.py", line 124, in view
    return self.dispatch(request, *args, **kwargs)
  File "/root/rumah-akrilik/venv/lib/python3.10/site-packages/rest_framework/views.py", line 509, in dispatch
    response = self.handle_exception(exc)
  File "/root/rumah-akrilik/venv/lib/python3.10/site-packages/rest_framework/views.py", line 469, in handle_exception
    self.raise_uncaught_exception(exc)
  File "/root/rumah-akrilik/venv/lib/python3.10/site-packages/rest_framework/views.py", line 480, in raise_uncaught_exception
    raise exc
  File "/root/rumah-akrilik/venv/lib/python3.10/site-packages/rest_framework/views.py", line 506, in dispatch
    response = handler(request, *args, **kwargs)
  File "/root/rumah-akrilik/venv/lib/python3.10/site-packages/rest_framework/mixins.py", line 40, in list
    page = self.paginate_queryset(queryset)
  File "/root/rumah-akrilik/venv/lib/python3.10/site-packages/rest_framework/generics.py", line 175, in paginate_queryset
    return self.paginator.paginate_queryset(queryset, self.request, view=self)
  File "/root/rumah-akrilik/venv/lib/python3.10/site-packages/rest_framework/pagination.py", line 222, in paginate_queryset
    return list(self.page)
  File "/root/rumah-akrilik/venv/lib/python3.10/site-packages/django/core/paginator.py", line 174, in __len__
    return len(self.object_list)
  File "/root/rumah-akrilik/venv/lib/python3.10/site-packages/django/db/models/query.py", line 380, in __len__
    self._fetch_all()
  File "/root/rumah-akrilik/venv/lib/python3.10/site-packages/django/db/models/query.py", line 1883, in _fetch_all
    self._prefetch_related_objects()
  File "/root/rumah-akrilik/venv/lib/python3.10/site-packages/django/db/models/query.py", line 1273, in _prefetch_related_objects
    prefetch_related_objects(self._result_cache, *self._prefetch_related_lookups)
  File "/root/rumah-akrilik/venv/lib/python3.10/site-packages/django/db/models/query.py", line 2321, in prefetch_related_objects
    obj_list, additional_lookups = prefetch_one_level(
  File "/root/rumah-akrilik/venv/lib/python3.10/site-packages/django/db/models/query.py", line 2463, in prefetch_one_level
    ) = prefetcher.get_prefetch_queryset(instances, lookup.get_current_queryset(level))
  File "/root/rumah-akrilik/venv/lib/python3.10/site-packages/django/db/models/fields/related_descriptors.py", line 744, in get_prefetch_queryset
    for rel_obj in queryset:
  File "/root/rumah-akrilik/venv/lib/python3.10/site-packages/django/db/models/query.py", line 398, in __iter__
    self._fetch_all()
  File "/root/rumah-akrilik/venv/lib/python3.10/site-packages/django/db/models/query.py", line 1881, in _fetch_all
    self._result_cache = list(self._iterable_class(self))
  File "/root/rumah-akrilik/venv/lib/python3.10/site-packages/django/db/models/query.py", line 91, in __iter__
    results = compiler.execute_sql(
  File "/root/rumah-akrilik/venv/lib/python3.10/site-packages/django/db/models/sql/compiler.py", line 1562, in execute_sql
    cursor.execute(sql, params)
  File "/root/rumah-akrilik/venv/lib/python3.10/site-packages/django/db/backends/utils.py", line 102, in execute
    return super().execute(sql, params)
  File "/root/rumah-akrilik/venv/lib/python3.10/site-packages/django/db/backends/utils.py", line 67, in execute
    return self._execute_with_wrappers(
  File "/root/rumah-akrilik/venv/lib/python3.10/site-packages/django/db/backends/utils.py", line 80, in _execute_with_wrappers
    return executor(sql, params, many, context)
  File "/root/rumah-akrilik/venv/lib/python3.10/site-packages/django/db/backends/utils.py", line 84, in _execute
    with self.db.wrap_database_errors:
  File "/root/rumah-akrilik/venv/lib/python3.10/site-packages/django/db/utils.py", line 91, in __exit__
    raise dj_exc_value.with_traceback(traceback) from exc_value
  File "/root/rumah-akrilik/venv/lib/python3.10/site-packages/django/db/backends/utils.py", line 89, in _execute
    return self.cursor.execute(sql, params)
django.db.utils.ProgrammingError: column rumah_akrilik_app_orderitem.nama_produk does not exist
LINE 1: ..._id", "rumah_akrilik_app_orderitem"."product_id", "rumah_akr...
                                                             ^

ERROR 2025-04-28 23:20:27,160 log 2165459 140117169938432 Internal Server Error: /api/order/
Traceback (most recent call last):
  File "/root/rumah-akrilik/venv/lib/python3.10/site-packages/django/db/backends/utils.py", line 89, in _execute
    return self.cursor.execute(sql, params)
psycopg2.errors.UndefinedColumn: column rumah_akrilik_app_orderitem.nama_produk does not exist
LINE 1: ..._id", "rumah_akrilik_app_orderitem"."product_id", "rumah_akr...
                                                             ^


The above exception was the direct cause of the following exception:

Traceback (most recent call last):
  File "/root/rumah-akrilik/venv/lib/python3.10/site-packages/django/core/handlers/exception.py", line 55, in inner
    response = get_response(request)
  File "/root/rumah-akrilik/venv/lib/python3.10/site-packages/django/core/handlers/base.py", line 197, in _get_response
    response = wrapped_callback(request, *callback_args, **callback_kwargs)
  File "/root/rumah-akrilik/venv/lib/python3.10/site-packages/django/views/decorators/csrf.py", line 56, in wrapper_view
    return view_func(*args, **kwargs)
  File "/root/rumah-akrilik/venv/lib/python3.10/site-packages/rest_framework/viewsets.py", line 124, in view
    return self.dispatch(request, *args, **kwargs)
  File "/root/rumah-akrilik/venv/lib/python3.10/site-packages/rest_framework/views.py", line 509, in dispatch
    response = self.handle_exception(exc)
  File "/root/rumah-akrilik/venv/lib/python3.10/site-packages/rest_framework/views.py", line 469, in handle_exception
    self.raise_uncaught_exception(exc)
  File "/root/rumah-akrilik/venv/lib/python3.10/site-packages/rest_framework/views.py", line 480, in raise_uncaught_exception
    raise exc
  File "/root/rumah-akrilik/venv/lib/python3.10/site-packages/rest_framework/views.py", line 506, in dispatch
    response = handler(request, *args, **kwargs)
  File "/root/rumah-akrilik/venv/lib/python3.10/site-packages/rest_framework/mixins.py", line 40, in list
    page = self.paginate_queryset(queryset)
  File "/root/rumah-akrilik/venv/lib/python3.10/site-packages/rest_framework/generics.py", line 175, in paginate_queryset
    return self.paginator.paginate_queryset(queryset, self.request, view=self)
  File "/root/rumah-akrilik/venv/lib/python3.10/site-packages/rest_framework/pagination.py", line 222, in paginate_queryset
    return list(self.page)
  File "/root/rumah-akrilik/venv/lib/python3.10/site-packages/django/core/paginator.py", line 174, in __len__
    return len(self.object_list)
  File "/root/rumah-akrilik/venv/lib/python3.10/site-packages/django/db/models/query.py", line 380, in __len__
    self._fetch_all()
  File "/root/rumah-akrilik/venv/lib/python3.10/site-packages/django/db/models/query.py", line 1883, in _fetch_all
    self._prefetch_related_objects()
  File "/root/rumah-akrilik/venv/lib/python3.10/site-packages/django/db/models/query.py", line 1273, in _prefetch_related_objects
    prefetch_related_objects(self._result_cache, *self._prefetch_related_lookups)
  File "/root/rumah-akrilik/venv/lib/python3.10/site-packages/django/db/models/query.py", line 2321, in prefetch_related_objects
    obj_list, additional_lookups = prefetch_one_level(
  File "/root/rumah-akrilik/venv/lib/python3.10/site-packages/django/db/models/query.py", line 2463, in prefetch_one_level
    ) = prefetcher.get_prefetch_queryset(instances, lookup.get_current_queryset(level))
  File "/root/rumah-akrilik/venv/lib/python3.10/site-packages/django/db/models/fields/related_descriptors.py", line 744, in get_prefetch_queryset
    for rel_obj in queryset:
  File "/root/rumah-akrilik/venv/lib/python3.10/site-packages/django/db/models/query.py", line 398, in __iter__
    self._fetch_all()
  File "/root/rumah-akrilik/venv/lib/python3.10/site-packages/django/db/models/query.py", line 1881, in _fetch_all
    self._result_cache = list(self._iterable_class(self))
  File "/root/rumah-akrilik/venv/lib/python3.10/site-packages/django/db/models/query.py", line 91, in __iter__
    results = compiler.execute_sql(
  File "/root/rumah-akrilik/venv/lib/python3.10/site-packages/django/db/models/sql/compiler.py", line 1562, in execute_sql
    cursor.execute(sql, params)
  File "/root/rumah-akrilik/venv/lib/python3.10/site-packages/django/db/backends/utils.py", line 102, in execute
    return super().execute(sql, params)
  File "/root/rumah-akrilik/venv/lib/python3.10/site-packages/django/db/backends/utils.py", line 67, in execute
    return self._execute_with_wrappers(
  File "/root/rumah-akrilik/venv/lib/python3.10/site-packages/django/db/backends/utils.py", line 80, in _execute_with_wrappers
    return executor(sql, params, many, context)
  File "/root/rumah-akrilik/venv/lib/python3.10/site-packages/django/db/backends/utils.py", line 84, in _execute
    with self.db.wrap_database_errors:
  File "/root/rumah-akrilik/venv/lib/python3.10/site-packages/django/db/utils.py", line 91, in __exit__
    raise dj_exc_value.with_traceback(traceback) from exc_value
  File "/root/rumah-akrilik/venv/lib/python3.10/site-packages/django/db/backends/utils.py", line 89, in _execute
    return self.cursor.execute(sql, params)
django.db.utils.ProgrammingError: column rumah_akrilik_app_orderitem.nama_produk does not exist
LINE 1: ..._id", "rumah_akrilik_app_orderitem"."product_id", "rumah_akr...
                                                             ^

WARNING 2025-04-29 00:15:18,519 log 2167144 140503428108288 Unauthorized: /api/auth/token/verify/
ERROR 2025-04-29 01:13:31,664 log 2168296 139924324999168 Internal Server Error: /api/order/
Traceback (most recent call last):
  File "/root/rumah-akrilik/venv/lib/python3.10/site-packages/django/core/handlers/exception.py", line 55, in inner
    response = get_response(request)
  File "/root/rumah-akrilik/venv/lib/python3.10/site-packages/django/core/handlers/base.py", line 197, in _get_response
    response = wrapped_callback(request, *callback_args, **callback_kwargs)
  File "/root/rumah-akrilik/venv/lib/python3.10/site-packages/django/views/decorators/csrf.py", line 56, in wrapper_view
    return view_func(*args, **kwargs)
  File "/root/rumah-akrilik/venv/lib/python3.10/site-packages/rest_framework/viewsets.py", line 124, in view
    return self.dispatch(request, *args, **kwargs)
  File "/root/rumah-akrilik/venv/lib/python3.10/site-packages/rest_framework/views.py", line 509, in dispatch
    response = self.handle_exception(exc)
  File "/root/rumah-akrilik/venv/lib/python3.10/site-packages/rest_framework/views.py", line 469, in handle_exception
    self.raise_uncaught_exception(exc)
  File "/root/rumah-akrilik/venv/lib/python3.10/site-packages/rest_framework/views.py", line 480, in raise_uncaught_exception
    raise exc
  File "/root/rumah-akrilik/venv/lib/python3.10/site-packages/rest_framework/views.py", line 497, in dispatch
    self.initial(request, *args, **kwargs)
  File "/root/rumah-akrilik/venv/lib/python3.10/site-packages/rest_framework/views.py", line 415, in initial
    self.check_permissions(request)
  File "/root/rumah-akrilik/venv/lib/python3.10/site-packages/rest_framework/views.py", line 331, in check_permissions
    for permission in self.get_permissions():
  File "/root/rumah-akrilik/rumah_akrilik_app/views.py", line 284, in get_permissions
    return [IsMarketingUser() | IsAdminUser() | IsOwner() | IsGeneralManager()]
TypeError: unsupported operand type(s) for |: 'IsMarketingUser' and 'IsAdminUser'
WARNING 2025-04-29 01:27:43,528 log 2168463 139908364627968 Unauthorized: /api/order/
ERROR 2025-04-29 01:28:19,873 log 2168463 139908364627968 Internal Server Error: /api/order/
Traceback (most recent call last):
  File "/root/rumah-akrilik/venv/lib/python3.10/site-packages/django/core/handlers/exception.py", line 55, in inner
    response = get_response(request)
  File "/root/rumah-akrilik/venv/lib/python3.10/site-packages/django/core/handlers/base.py", line 197, in _get_response
    response = wrapped_callback(request, *callback_args, **callback_kwargs)
  File "/root/rumah-akrilik/venv/lib/python3.10/site-packages/django/views/decorators/csrf.py", line 56, in wrapper_view
    return view_func(*args, **kwargs)
  File "/root/rumah-akrilik/venv/lib/python3.10/site-packages/rest_framework/viewsets.py", line 124, in view
    return self.dispatch(request, *args, **kwargs)
  File "/root/rumah-akrilik/venv/lib/python3.10/site-packages/rest_framework/views.py", line 509, in dispatch
    response = self.handle_exception(exc)
  File "/root/rumah-akrilik/venv/lib/python3.10/site-packages/rest_framework/views.py", line 469, in handle_exception
    self.raise_uncaught_exception(exc)
  File "/root/rumah-akrilik/venv/lib/python3.10/site-packages/rest_framework/views.py", line 480, in raise_uncaught_exception
    raise exc
  File "/root/rumah-akrilik/venv/lib/python3.10/site-packages/rest_framework/views.py", line 497, in dispatch
    self.initial(request, *args, **kwargs)
  File "/root/rumah-akrilik/venv/lib/python3.10/site-packages/rest_framework/views.py", line 415, in initial
    self.check_permissions(request)
  File "/root/rumah-akrilik/venv/lib/python3.10/site-packages/rest_framework/views.py", line 331, in check_permissions
    for permission in self.get_permissions():
  File "/root/rumah-akrilik/rumah_akrilik_app/views.py", line 284, in get_permissions
    return [IsMarketingUser() | IsAdminUser() | IsOwner() | IsGeneralManager()]
TypeError: unsupported operand type(s) for |: 'IsMarketingUser' and 'IsAdminUser'
WARNING 2025-04-29 01:36:02,244 log 2168780 140024879185920 Forbidden: /api/order-status/
WARNING 2025-04-29 01:36:02,280 log 2168780 140024879185920 Forbidden: /api/produksi/
WARNING 2025-04-29 01:36:02,410 log 2168777 140024879185920 Forbidden: /api/customers/
WARNING 2025-04-29 01:36:03,598 log 2168778 140024879185920 Forbidden: /api/order-status/
WARNING 2025-04-29 01:36:03,611 log 2168777 140024879185920 Forbidden: /api/customers/
WARNING 2025-04-29 01:36:03,645 log 2168779 140024879185920 Forbidden: /api/produksi/
WARNING 2025-04-29 01:36:25,593 log 2168777 140024879185920 Forbidden: /api/customers/
WARNING 2025-04-29 01:36:25,609 log 2168779 140024879185920 Forbidden: /api/order-status/
WARNING 2025-04-29 01:36:25,630 log 2168777 140024879185920 Forbidden: /api/produksi/
WARNING 2025-04-29 01:36:26,794 log 2168776 140024879185920 Forbidden: /api/customers/
WARNING 2025-04-29 01:36:26,829 log 2168780 140024879185920 Forbidden: /api/produksi/
WARNING 2025-04-29 01:36:26,834 log 2168776 140024879185920 Forbidden: /api/order-status/
WARNING 2025-04-29 01:46:48,112 log 2168957 140683983470592 Forbidden: /api/produksi/
WARNING 2025-04-29 01:46:48,156 log 2168957 140683983470592 Forbidden: /api/order-status/
WARNING 2025-04-29 01:46:48,193 log 2168956 140683983470592 Forbidden: /api/customers/
WARNING 2025-04-29 01:46:49,450 log 2168958 140683983470592 Forbidden: /api/customers/
WARNING 2025-04-29 01:46:49,475 log 2168956 140683983470592 Forbidden: /api/order-status/
WARNING 2025-04-29 01:46:49,528 log 2168956 140683983470592 Forbidden: /api/produksi/
WARNING 2025-04-29 01:46:50,741 log 2168960 140683983470592 Forbidden: /api/customers/
WARNING 2025-04-29 01:46:50,791 log 2168960 140683983470592 Forbidden: /api/order-status/
WARNING 2025-04-29 01:46:50,808 log 2168958 140683983470592 Forbidden: /api/produksi/
ERROR 2025-04-29 01:51:31,451 log 2169281 140022478274560 Internal Server Error: /api/order-status/
Traceback (most recent call last):
  File "/root/rumah-akrilik/venv/lib/python3.10/site-packages/django/core/handlers/exception.py", line 55, in inner
    response = get_response(request)
  File "/root/rumah-akrilik/venv/lib/python3.10/site-packages/django/core/handlers/base.py", line 197, in _get_response
    response = wrapped_callback(request, *callback_args, **callback_kwargs)
  File "/root/rumah-akrilik/venv/lib/python3.10/site-packages/django/views/decorators/csrf.py", line 56, in wrapper_view
    return view_func(*args, **kwargs)
  File "/root/rumah-akrilik/venv/lib/python3.10/site-packages/rest_framework/viewsets.py", line 124, in view
    return self.dispatch(request, *args, **kwargs)
  File "/root/rumah-akrilik/venv/lib/python3.10/site-packages/rest_framework/views.py", line 509, in dispatch
    response = self.handle_exception(exc)
  File "/root/rumah-akrilik/venv/lib/python3.10/site-packages/rest_framework/views.py", line 469, in handle_exception
    self.raise_uncaught_exception(exc)
  File "/root/rumah-akrilik/venv/lib/python3.10/site-packages/rest_framework/views.py", line 480, in raise_uncaught_exception
    raise exc
  File "/root/rumah-akrilik/venv/lib/python3.10/site-packages/rest_framework/views.py", line 497, in dispatch
    self.initial(request, *args, **kwargs)
  File "/root/rumah-akrilik/venv/lib/python3.10/site-packages/rest_framework/views.py", line 415, in initial
    self.check_permissions(request)
  File "/root/rumah-akrilik/venv/lib/python3.10/site-packages/rest_framework/views.py", line 332, in check_permissions
    if not permission.has_permission(request, self):
  File "/root/rumah-akrilik/rumah_akrilik_app/permissions.py", line 66, in has_permission
    raise Exception(f"DEBUG EXCEPTION: Role detected = '{role_name}'") # <-- TAMBAHKAN BARIS INI UNTUK DEBUG ERROR
Exception: DEBUG EXCEPTION: Role detected = 'Owner'
ERROR 2025-04-29 01:51:31,502 log 2169280 140022478274560 Internal Server Error: /api/produksi/
Traceback (most recent call last):
  File "/root/rumah-akrilik/venv/lib/python3.10/site-packages/django/core/handlers/exception.py", line 55, in inner
    response = get_response(request)
  File "/root/rumah-akrilik/venv/lib/python3.10/site-packages/django/core/handlers/base.py", line 197, in _get_response
    response = wrapped_callback(request, *callback_args, **callback_kwargs)
  File "/root/rumah-akrilik/venv/lib/python3.10/site-packages/django/views/decorators/csrf.py", line 56, in wrapper_view
    return view_func(*args, **kwargs)
  File "/root/rumah-akrilik/venv/lib/python3.10/site-packages/rest_framework/viewsets.py", line 124, in view
    return self.dispatch(request, *args, **kwargs)
  File "/root/rumah-akrilik/venv/lib/python3.10/site-packages/rest_framework/views.py", line 509, in dispatch
    response = self.handle_exception(exc)
  File "/root/rumah-akrilik/venv/lib/python3.10/site-packages/rest_framework/views.py", line 469, in handle_exception
    self.raise_uncaught_exception(exc)
  File "/root/rumah-akrilik/venv/lib/python3.10/site-packages/rest_framework/views.py", line 480, in raise_uncaught_exception
    raise exc
  File "/root/rumah-akrilik/venv/lib/python3.10/site-packages/rest_framework/views.py", line 497, in dispatch
    self.initial(request, *args, **kwargs)
  File "/root/rumah-akrilik/venv/lib/python3.10/site-packages/rest_framework/views.py", line 415, in initial
    self.check_permissions(request)
  File "/root/rumah-akrilik/venv/lib/python3.10/site-packages/rest_framework/views.py", line 332, in check_permissions
    if not permission.has_permission(request, self):
  File "/root/rumah-akrilik/rumah_akrilik_app/permissions.py", line 66, in has_permission
    raise Exception(f"DEBUG EXCEPTION: Role detected = '{role_name}'") # <-- TAMBAHKAN BARIS INI UNTUK DEBUG ERROR
Exception: DEBUG EXCEPTION: Role detected = 'Owner'
ERROR 2025-04-29 01:51:31,602 log 2169283 140022478274560 Internal Server Error: /api/customers/
Traceback (most recent call last):
  File "/root/rumah-akrilik/venv/lib/python3.10/site-packages/django/core/handlers/exception.py", line 55, in inner
    response = get_response(request)
  File "/root/rumah-akrilik/venv/lib/python3.10/site-packages/django/core/handlers/base.py", line 197, in _get_response
    response = wrapped_callback(request, *callback_args, **callback_kwargs)
  File "/root/rumah-akrilik/venv/lib/python3.10/site-packages/django/views/decorators/csrf.py", line 56, in wrapper_view
    return view_func(*args, **kwargs)
  File "/root/rumah-akrilik/venv/lib/python3.10/site-packages/rest_framework/viewsets.py", line 124, in view
    return self.dispatch(request, *args, **kwargs)
  File "/root/rumah-akrilik/venv/lib/python3.10/site-packages/rest_framework/views.py", line 509, in dispatch
    response = self.handle_exception(exc)
  File "/root/rumah-akrilik/venv/lib/python3.10/site-packages/rest_framework/views.py", line 469, in handle_exception
    self.raise_uncaught_exception(exc)
  File "/root/rumah-akrilik/venv/lib/python3.10/site-packages/rest_framework/views.py", line 480, in raise_uncaught_exception
    raise exc
  File "/root/rumah-akrilik/venv/lib/python3.10/site-packages/rest_framework/views.py", line 497, in dispatch
    self.initial(request, *args, **kwargs)
  File "/root/rumah-akrilik/venv/lib/python3.10/site-packages/rest_framework/views.py", line 415, in initial
    self.check_permissions(request)
  File "/root/rumah-akrilik/venv/lib/python3.10/site-packages/rest_framework/views.py", line 332, in check_permissions
    if not permission.has_permission(request, self):
  File "/root/rumah-akrilik/rumah_akrilik_app/permissions.py", line 66, in has_permission
    raise Exception(f"DEBUG EXCEPTION: Role detected = '{role_name}'") # <-- TAMBAHKAN BARIS INI UNTUK DEBUG ERROR
Exception: DEBUG EXCEPTION: Role detected = 'Owner'
ERROR 2025-04-29 01:51:32,802 log 2169283 140022478274560 Internal Server Error: /api/customers/
Traceback (most recent call last):
  File "/root/rumah-akrilik/venv/lib/python3.10/site-packages/django/core/handlers/exception.py", line 55, in inner
    response = get_response(request)
  File "/root/rumah-akrilik/venv/lib/python3.10/site-packages/django/core/handlers/base.py", line 197, in _get_response
    response = wrapped_callback(request, *callback_args, **callback_kwargs)
  File "/root/rumah-akrilik/venv/lib/python3.10/site-packages/django/views/decorators/csrf.py", line 56, in wrapper_view
    return view_func(*args, **kwargs)
  File "/root/rumah-akrilik/venv/lib/python3.10/site-packages/rest_framework/viewsets.py", line 124, in view
    return self.dispatch(request, *args, **kwargs)
  File "/root/rumah-akrilik/venv/lib/python3.10/site-packages/rest_framework/views.py", line 509, in dispatch
    response = self.handle_exception(exc)
  File "/root/rumah-akrilik/venv/lib/python3.10/site-packages/rest_framework/views.py", line 469, in handle_exception
    self.raise_uncaught_exception(exc)
  File "/root/rumah-akrilik/venv/lib/python3.10/site-packages/rest_framework/views.py", line 480, in raise_uncaught_exception
    raise exc
  File "/root/rumah-akrilik/venv/lib/python3.10/site-packages/rest_framework/views.py", line 497, in dispatch
    self.initial(request, *args, **kwargs)
  File "/root/rumah-akrilik/venv/lib/python3.10/site-packages/rest_framework/views.py", line 415, in initial
    self.check_permissions(request)
  File "/root/rumah-akrilik/venv/lib/python3.10/site-packages/rest_framework/views.py", line 332, in check_permissions
    if not permission.has_permission(request, self):
  File "/root/rumah-akrilik/rumah_akrilik_app/permissions.py", line 66, in has_permission
    raise Exception(f"DEBUG EXCEPTION: Role detected = '{role_name}'") # <-- TAMBAHKAN BARIS INI UNTUK DEBUG ERROR
Exception: DEBUG EXCEPTION: Role detected = 'Owner'
ERROR 2025-04-29 01:51:32,823 log 2169280 140022478274560 Internal Server Error: /api/produksi/
Traceback (most recent call last):
  File "/root/rumah-akrilik/venv/lib/python3.10/site-packages/django/core/handlers/exception.py", line 55, in inner
    response = get_response(request)
  File "/root/rumah-akrilik/venv/lib/python3.10/site-packages/django/core/handlers/base.py", line 197, in _get_response
    response = wrapped_callback(request, *callback_args, **callback_kwargs)
  File "/root/rumah-akrilik/venv/lib/python3.10/site-packages/django/views/decorators/csrf.py", line 56, in wrapper_view
    return view_func(*args, **kwargs)
  File "/root/rumah-akrilik/venv/lib/python3.10/site-packages/rest_framework/viewsets.py", line 124, in view
    return self.dispatch(request, *args, **kwargs)
  File "/root/rumah-akrilik/venv/lib/python3.10/site-packages/rest_framework/views.py", line 509, in dispatch
    response = self.handle_exception(exc)
  File "/root/rumah-akrilik/venv/lib/python3.10/site-packages/rest_framework/views.py", line 469, in handle_exception
    self.raise_uncaught_exception(exc)
  File "/root/rumah-akrilik/venv/lib/python3.10/site-packages/rest_framework/views.py", line 480, in raise_uncaught_exception
    raise exc
  File "/root/rumah-akrilik/venv/lib/python3.10/site-packages/rest_framework/views.py", line 497, in dispatch
    self.initial(request, *args, **kwargs)
  File "/root/rumah-akrilik/venv/lib/python3.10/site-packages/rest_framework/views.py", line 415, in initial
    self.check_permissions(request)
  File "/root/rumah-akrilik/venv/lib/python3.10/site-packages/rest_framework/views.py", line 332, in check_permissions
    if not permission.has_permission(request, self):
  File "/root/rumah-akrilik/rumah_akrilik_app/permissions.py", line 66, in has_permission
    raise Exception(f"DEBUG EXCEPTION: Role detected = '{role_name}'") # <-- TAMBAHKAN BARIS INI UNTUK DEBUG ERROR
Exception: DEBUG EXCEPTION: Role detected = 'Owner'
ERROR 2025-04-29 01:51:32,834 log 2169282 140022478274560 Internal Server Error: /api/order-status/
Traceback (most recent call last):
  File "/root/rumah-akrilik/venv/lib/python3.10/site-packages/django/core/handlers/exception.py", line 55, in inner
    response = get_response(request)
  File "/root/rumah-akrilik/venv/lib/python3.10/site-packages/django/core/handlers/base.py", line 197, in _get_response
    response = wrapped_callback(request, *callback_args, **callback_kwargs)
  File "/root/rumah-akrilik/venv/lib/python3.10/site-packages/django/views/decorators/csrf.py", line 56, in wrapper_view
    return view_func(*args, **kwargs)
  File "/root/rumah-akrilik/venv/lib/python3.10/site-packages/rest_framework/viewsets.py", line 124, in view
    return self.dispatch(request, *args, **kwargs)
  File "/root/rumah-akrilik/venv/lib/python3.10/site-packages/rest_framework/views.py", line 509, in dispatch
    response = self.handle_exception(exc)
  File "/root/rumah-akrilik/venv/lib/python3.10/site-packages/rest_framework/views.py", line 469, in handle_exception
    self.raise_uncaught_exception(exc)
  File "/root/rumah-akrilik/venv/lib/python3.10/site-packages/rest_framework/views.py", line 480, in raise_uncaught_exception
    raise exc
  File "/root/rumah-akrilik/venv/lib/python3.10/site-packages/rest_framework/views.py", line 497, in dispatch
    self.initial(request, *args, **kwargs)
  File "/root/rumah-akrilik/venv/lib/python3.10/site-packages/rest_framework/views.py", line 415, in initial
    self.check_permissions(request)
  File "/root/rumah-akrilik/venv/lib/python3.10/site-packages/rest_framework/views.py", line 332, in check_permissions
    if not permission.has_permission(request, self):
  File "/root/rumah-akrilik/rumah_akrilik_app/permissions.py", line 66, in has_permission
    raise Exception(f"DEBUG EXCEPTION: Role detected = '{role_name}'") # <-- TAMBAHKAN BARIS INI UNTUK DEBUG ERROR
Exception: DEBUG EXCEPTION: Role detected = 'Owner'
ERROR 2025-04-29 01:51:33,864 log 2169281 140022478274560 Internal Server Error: /api/customers/
Traceback (most recent call last):
  File "/root/rumah-akrilik/venv/lib/python3.10/site-packages/django/core/handlers/exception.py", line 55, in inner
    response = get_response(request)
  File "/root/rumah-akrilik/venv/lib/python3.10/site-packages/django/core/handlers/base.py", line 197, in _get_response
    response = wrapped_callback(request, *callback_args, **callback_kwargs)
  File "/root/rumah-akrilik/venv/lib/python3.10/site-packages/django/views/decorators/csrf.py", line 56, in wrapper_view
    return view_func(*args, **kwargs)
  File "/root/rumah-akrilik/venv/lib/python3.10/site-packages/rest_framework/viewsets.py", line 124, in view
    return self.dispatch(request, *args, **kwargs)
  File "/root/rumah-akrilik/venv/lib/python3.10/site-packages/rest_framework/views.py", line 509, in dispatch
    response = self.handle_exception(exc)
  File "/root/rumah-akrilik/venv/lib/python3.10/site-packages/rest_framework/views.py", line 469, in handle_exception
    self.raise_uncaught_exception(exc)
  File "/root/rumah-akrilik/venv/lib/python3.10/site-packages/rest_framework/views.py", line 480, in raise_uncaught_exception
    raise exc
  File "/root/rumah-akrilik/venv/lib/python3.10/site-packages/rest_framework/views.py", line 497, in dispatch
    self.initial(request, *args, **kwargs)
  File "/root/rumah-akrilik/venv/lib/python3.10/site-packages/rest_framework/views.py", line 415, in initial
    self.check_permissions(request)
  File "/root/rumah-akrilik/venv/lib/python3.10/site-packages/rest_framework/views.py", line 332, in check_permissions
    if not permission.has_permission(request, self):
  File "/root/rumah-akrilik/rumah_akrilik_app/permissions.py", line 66, in has_permission
    raise Exception(f"DEBUG EXCEPTION: Role detected = '{role_name}'") # <-- TAMBAHKAN BARIS INI UNTUK DEBUG ERROR
Exception: DEBUG EXCEPTION: Role detected = 'Owner'
ERROR 2025-04-29 01:51:33,911 log 2169282 140022478274560 Internal Server Error: /api/order-status/
Traceback (most recent call last):
  File "/root/rumah-akrilik/venv/lib/python3.10/site-packages/django/core/handlers/exception.py", line 55, in inner
    response = get_response(request)
  File "/root/rumah-akrilik/venv/lib/python3.10/site-packages/django/core/handlers/base.py", line 197, in _get_response
    response = wrapped_callback(request, *callback_args, **callback_kwargs)
  File "/root/rumah-akrilik/venv/lib/python3.10/site-packages/django/views/decorators/csrf.py", line 56, in wrapper_view
    return view_func(*args, **kwargs)
  File "/root/rumah-akrilik/venv/lib/python3.10/site-packages/rest_framework/viewsets.py", line 124, in view
    return self.dispatch(request, *args, **kwargs)
  File "/root/rumah-akrilik/venv/lib/python3.10/site-packages/rest_framework/views.py", line 509, in dispatch
    response = self.handle_exception(exc)
  File "/root/rumah-akrilik/venv/lib/python3.10/site-packages/rest_framework/views.py", line 469, in handle_exception
    self.raise_uncaught_exception(exc)
  File "/root/rumah-akrilik/venv/lib/python3.10/site-packages/rest_framework/views.py", line 480, in raise_uncaught_exception
    raise exc
  File "/root/rumah-akrilik/venv/lib/python3.10/site-packages/rest_framework/views.py", line 497, in dispatch
    self.initial(request, *args, **kwargs)
  File "/root/rumah-akrilik/venv/lib/python3.10/site-packages/rest_framework/views.py", line 415, in initial
    self.check_permissions(request)
  File "/root/rumah-akrilik/venv/lib/python3.10/site-packages/rest_framework/views.py", line 332, in check_permissions
    if not permission.has_permission(request, self):
  File "/root/rumah-akrilik/rumah_akrilik_app/permissions.py", line 66, in has_permission
    raise Exception(f"DEBUG EXCEPTION: Role detected = '{role_name}'") # <-- TAMBAHKAN BARIS INI UNTUK DEBUG ERROR
Exception: DEBUG EXCEPTION: Role detected = 'Owner'
ERROR 2025-04-29 01:51:33,934 log 2169283 140022478274560 Internal Server Error: /api/produksi/
Traceback (most recent call last):
  File "/root/rumah-akrilik/venv/lib/python3.10/site-packages/django/core/handlers/exception.py", line 55, in inner
    response = get_response(request)
  File "/root/rumah-akrilik/venv/lib/python3.10/site-packages/django/core/handlers/base.py", line 197, in _get_response
    response = wrapped_callback(request, *callback_args, **callback_kwargs)
  File "/root/rumah-akrilik/venv/lib/python3.10/site-packages/django/views/decorators/csrf.py", line 56, in wrapper_view
    return view_func(*args, **kwargs)
  File "/root/rumah-akrilik/venv/lib/python3.10/site-packages/rest_framework/viewsets.py", line 124, in view
    return self.dispatch(request, *args, **kwargs)
  File "/root/rumah-akrilik/venv/lib/python3.10/site-packages/rest_framework/views.py", line 509, in dispatch
    response = self.handle_exception(exc)
  File "/root/rumah-akrilik/venv/lib/python3.10/site-packages/rest_framework/views.py", line 469, in handle_exception
    self.raise_uncaught_exception(exc)
  File "/root/rumah-akrilik/venv/lib/python3.10/site-packages/rest_framework/views.py", line 480, in raise_uncaught_exception
    raise exc
  File "/root/rumah-akrilik/venv/lib/python3.10/site-packages/rest_framework/views.py", line 497, in dispatch
    self.initial(request, *args, **kwargs)
  File "/root/rumah-akrilik/venv/lib/python3.10/site-packages/rest_framework/views.py", line 415, in initial
    self.check_permissions(request)
  File "/root/rumah-akrilik/venv/lib/python3.10/site-packages/rest_framework/views.py", line 332, in check_permissions
    if not permission.has_permission(request, self):
  File "/root/rumah-akrilik/rumah_akrilik_app/permissions.py", line 66, in has_permission
    raise Exception(f"DEBUG EXCEPTION: Role detected = '{role_name}'") # <-- TAMBAHKAN BARIS INI UNTUK DEBUG ERROR
Exception: DEBUG EXCEPTION: Role detected = 'Owner'
ERROR 2025-04-29 01:55:31,190 log 2169356 140286859182080 Internal Server Error: /api/order-status/
Traceback (most recent call last):
  File "/root/rumah-akrilik/venv/lib/python3.10/site-packages/django/core/handlers/exception.py", line 55, in inner
    response = get_response(request)
  File "/root/rumah-akrilik/venv/lib/python3.10/site-packages/django/core/handlers/base.py", line 197, in _get_response
    response = wrapped_callback(request, *callback_args, **callback_kwargs)
  File "/root/rumah-akrilik/venv/lib/python3.10/site-packages/django/views/decorators/csrf.py", line 56, in wrapper_view
    return view_func(*args, **kwargs)
  File "/root/rumah-akrilik/venv/lib/python3.10/site-packages/rest_framework/viewsets.py", line 124, in view
    return self.dispatch(request, *args, **kwargs)
  File "/root/rumah-akrilik/venv/lib/python3.10/site-packages/rest_framework/views.py", line 509, in dispatch
    response = self.handle_exception(exc)
  File "/root/rumah-akrilik/venv/lib/python3.10/site-packages/rest_framework/views.py", line 469, in handle_exception
    self.raise_uncaught_exception(exc)
  File "/root/rumah-akrilik/venv/lib/python3.10/site-packages/rest_framework/views.py", line 480, in raise_uncaught_exception
    raise exc
  File "/root/rumah-akrilik/venv/lib/python3.10/site-packages/rest_framework/views.py", line 497, in dispatch
    self.initial(request, *args, **kwargs)
  File "/root/rumah-akrilik/venv/lib/python3.10/site-packages/rest_framework/views.py", line 415, in initial
    self.check_permissions(request)
  File "/root/rumah-akrilik/venv/lib/python3.10/site-packages/rest_framework/views.py", line 332, in check_permissions
    if not permission.has_permission(request, self):
  File "/root/rumah-akrilik/rumah_akrilik_app/permissions.py", line 66, in has_permission
    raise Exception(f"DEBUG EXCEPTION: Role detected = '{role_name}', Allowed = {self.allowed_roles}, Check result (role in allowed) = {is_allowed}") # <-- UBAH BARIS INI
NameError: name 'is_allowed' is not defined
ERROR 2025-04-29 01:55:31,330 log 2169358 140286859182080 Internal Server Error: /api/customers/
Traceback (most recent call last):
  File "/root/rumah-akrilik/venv/lib/python3.10/site-packages/django/core/handlers/exception.py", line 55, in inner
    response = get_response(request)
  File "/root/rumah-akrilik/venv/lib/python3.10/site-packages/django/core/handlers/base.py", line 197, in _get_response
    response = wrapped_callback(request, *callback_args, **callback_kwargs)
  File "/root/rumah-akrilik/venv/lib/python3.10/site-packages/django/views/decorators/csrf.py", line 56, in wrapper_view
    return view_func(*args, **kwargs)
  File "/root/rumah-akrilik/venv/lib/python3.10/site-packages/rest_framework/viewsets.py", line 124, in view
    return self.dispatch(request, *args, **kwargs)
  File "/root/rumah-akrilik/venv/lib/python3.10/site-packages/rest_framework/views.py", line 509, in dispatch
    response = self.handle_exception(exc)
  File "/root/rumah-akrilik/venv/lib/python3.10/site-packages/rest_framework/views.py", line 469, in handle_exception
    self.raise_uncaught_exception(exc)
  File "/root/rumah-akrilik/venv/lib/python3.10/site-packages/rest_framework/views.py", line 480, in raise_uncaught_exception
    raise exc
  File "/root/rumah-akrilik/venv/lib/python3.10/site-packages/rest_framework/views.py", line 497, in dispatch
    self.initial(request, *args, **kwargs)
  File "/root/rumah-akrilik/venv/lib/python3.10/site-packages/rest_framework/views.py", line 415, in initial
    self.check_permissions(request)
  File "/root/rumah-akrilik/venv/lib/python3.10/site-packages/rest_framework/views.py", line 332, in check_permissions
    if not permission.has_permission(request, self):
  File "/root/rumah-akrilik/rumah_akrilik_app/permissions.py", line 66, in has_permission
    raise Exception(f"DEBUG EXCEPTION: Role detected = '{role_name}', Allowed = {self.allowed_roles}, Check result (role in allowed) = {is_allowed}") # <-- UBAH BARIS INI
NameError: name 'is_allowed' is not defined
ERROR 2025-04-29 01:55:31,366 log 2169354 140286859182080 Internal Server Error: /api/produksi/
Traceback (most recent call last):
  File "/root/rumah-akrilik/venv/lib/python3.10/site-packages/django/core/handlers/exception.py", line 55, in inner
    response = get_response(request)
  File "/root/rumah-akrilik/venv/lib/python3.10/site-packages/django/core/handlers/base.py", line 197, in _get_response
    response = wrapped_callback(request, *callback_args, **callback_kwargs)
  File "/root/rumah-akrilik/venv/lib/python3.10/site-packages/django/views/decorators/csrf.py", line 56, in wrapper_view
    return view_func(*args, **kwargs)
  File "/root/rumah-akrilik/venv/lib/python3.10/site-packages/rest_framework/viewsets.py", line 124, in view
    return self.dispatch(request, *args, **kwargs)
  File "/root/rumah-akrilik/venv/lib/python3.10/site-packages/rest_framework/views.py", line 509, in dispatch
    response = self.handle_exception(exc)
  File "/root/rumah-akrilik/venv/lib/python3.10/site-packages/rest_framework/views.py", line 469, in handle_exception
    self.raise_uncaught_exception(exc)
  File "/root/rumah-akrilik/venv/lib/python3.10/site-packages/rest_framework/views.py", line 480, in raise_uncaught_exception
    raise exc
  File "/root/rumah-akrilik/venv/lib/python3.10/site-packages/rest_framework/views.py", line 497, in dispatch
    self.initial(request, *args, **kwargs)
  File "/root/rumah-akrilik/venv/lib/python3.10/site-packages/rest_framework/views.py", line 415, in initial
    self.check_permissions(request)
  File "/root/rumah-akrilik/venv/lib/python3.10/site-packages/rest_framework/views.py", line 332, in check_permissions
    if not permission.has_permission(request, self):
  File "/root/rumah-akrilik/rumah_akrilik_app/permissions.py", line 66, in has_permission
    raise Exception(f"DEBUG EXCEPTION: Role detected = '{role_name}', Allowed = {self.allowed_roles}, Check result (role in allowed) = {is_allowed}") # <-- UBAH BARIS INI
NameError: name 'is_allowed' is not defined
ERROR 2025-04-29 01:55:32,576 log 2169354 140286859182080 Internal Server Error: /api/customers/
Traceback (most recent call last):
  File "/root/rumah-akrilik/venv/lib/python3.10/site-packages/django/core/handlers/exception.py", line 55, in inner
    response = get_response(request)
  File "/root/rumah-akrilik/venv/lib/python3.10/site-packages/django/core/handlers/base.py", line 197, in _get_response
    response = wrapped_callback(request, *callback_args, **callback_kwargs)
  File "/root/rumah-akrilik/venv/lib/python3.10/site-packages/django/views/decorators/csrf.py", line 56, in wrapper_view
    return view_func(*args, **kwargs)
  File "/root/rumah-akrilik/venv/lib/python3.10/site-packages/rest_framework/viewsets.py", line 124, in view
    return self.dispatch(request, *args, **kwargs)
  File "/root/rumah-akrilik/venv/lib/python3.10/site-packages/rest_framework/views.py", line 509, in dispatch
    response = self.handle_exception(exc)
  File "/root/rumah-akrilik/venv/lib/python3.10/site-packages/rest_framework/views.py", line 469, in handle_exception
    self.raise_uncaught_exception(exc)
  File "/root/rumah-akrilik/venv/lib/python3.10/site-packages/rest_framework/views.py", line 480, in raise_uncaught_exception
    raise exc
  File "/root/rumah-akrilik/venv/lib/python3.10/site-packages/rest_framework/views.py", line 497, in dispatch
    self.initial(request, *args, **kwargs)
  File "/root/rumah-akrilik/venv/lib/python3.10/site-packages/rest_framework/views.py", line 415, in initial
    self.check_permissions(request)
  File "/root/rumah-akrilik/venv/lib/python3.10/site-packages/rest_framework/views.py", line 332, in check_permissions
    if not permission.has_permission(request, self):
  File "/root/rumah-akrilik/rumah_akrilik_app/permissions.py", line 66, in has_permission
    raise Exception(f"DEBUG EXCEPTION: Role detected = '{role_name}', Allowed = {self.allowed_roles}, Check result (role in allowed) = {is_allowed}") # <-- UBAH BARIS INI
NameError: name 'is_allowed' is not defined
ERROR 2025-04-29 01:55:32,596 log 2169356 140286859182080 Internal Server Error: /api/order-status/
Traceback (most recent call last):
  File "/root/rumah-akrilik/venv/lib/python3.10/site-packages/django/core/handlers/exception.py", line 55, in inner
    response = get_response(request)
  File "/root/rumah-akrilik/venv/lib/python3.10/site-packages/django/core/handlers/base.py", line 197, in _get_response
    response = wrapped_callback(request, *callback_args, **callback_kwargs)
  File "/root/rumah-akrilik/venv/lib/python3.10/site-packages/django/views/decorators/csrf.py", line 56, in wrapper_view
    return view_func(*args, **kwargs)
  File "/root/rumah-akrilik/venv/lib/python3.10/site-packages/rest_framework/viewsets.py", line 124, in view
    return self.dispatch(request, *args, **kwargs)
  File "/root/rumah-akrilik/venv/lib/python3.10/site-packages/rest_framework/views.py", line 509, in dispatch
    response = self.handle_exception(exc)
  File "/root/rumah-akrilik/venv/lib/python3.10/site-packages/rest_framework/views.py", line 469, in handle_exception
    self.raise_uncaught_exception(exc)
  File "/root/rumah-akrilik/venv/lib/python3.10/site-packages/rest_framework/views.py", line 480, in raise_uncaught_exception
    raise exc
  File "/root/rumah-akrilik/venv/lib/python3.10/site-packages/rest_framework/views.py", line 497, in dispatch
    self.initial(request, *args, **kwargs)
  File "/root/rumah-akrilik/venv/lib/python3.10/site-packages/rest_framework/views.py", line 415, in initial
    self.check_permissions(request)
  File "/root/rumah-akrilik/venv/lib/python3.10/site-packages/rest_framework/views.py", line 332, in check_permissions
    if not permission.has_permission(request, self):
  File "/root/rumah-akrilik/rumah_akrilik_app/permissions.py", line 66, in has_permission
    raise Exception(f"DEBUG EXCEPTION: Role detected = '{role_name}', Allowed = {self.allowed_roles}, Check result (role in allowed) = {is_allowed}") # <-- UBAH BARIS INI
NameError: name 'is_allowed' is not defined
ERROR 2025-04-29 01:55:32,630 log 2169357 140286859182080 Internal Server Error: /api/produksi/
Traceback (most recent call last):
  File "/root/rumah-akrilik/venv/lib/python3.10/site-packages/django/core/handlers/exception.py", line 55, in inner
    response = get_response(request)
  File "/root/rumah-akrilik/venv/lib/python3.10/site-packages/django/core/handlers/base.py", line 197, in _get_response
    response = wrapped_callback(request, *callback_args, **callback_kwargs)
  File "/root/rumah-akrilik/venv/lib/python3.10/site-packages/django/views/decorators/csrf.py", line 56, in wrapper_view
    return view_func(*args, **kwargs)
  File "/root/rumah-akrilik/venv/lib/python3.10/site-packages/rest_framework/viewsets.py", line 124, in view
    return self.dispatch(request, *args, **kwargs)
  File "/root/rumah-akrilik/venv/lib/python3.10/site-packages/rest_framework/views.py", line 509, in dispatch
    response = self.handle_exception(exc)
  File "/root/rumah-akrilik/venv/lib/python3.10/site-packages/rest_framework/views.py", line 469, in handle_exception
    self.raise_uncaught_exception(exc)
  File "/root/rumah-akrilik/venv/lib/python3.10/site-packages/rest_framework/views.py", line 480, in raise_uncaught_exception
    raise exc
  File "/root/rumah-akrilik/venv/lib/python3.10/site-packages/rest_framework/views.py", line 497, in dispatch
    self.initial(request, *args, **kwargs)
  File "/root/rumah-akrilik/venv/lib/python3.10/site-packages/rest_framework/views.py", line 415, in initial
    self.check_permissions(request)
  File "/root/rumah-akrilik/venv/lib/python3.10/site-packages/rest_framework/views.py", line 332, in check_permissions
    if not permission.has_permission(request, self):
  File "/root/rumah-akrilik/rumah_akrilik_app/permissions.py", line 66, in has_permission
    raise Exception(f"DEBUG EXCEPTION: Role detected = '{role_name}', Allowed = {self.allowed_roles}, Check result (role in allowed) = {is_allowed}") # <-- UBAH BARIS INI
NameError: name 'is_allowed' is not defined
ERROR 2025-04-29 01:55:33,726 log 2169358 140286859182080 Internal Server Error: /api/customers/
Traceback (most recent call last):
  File "/root/rumah-akrilik/venv/lib/python3.10/site-packages/django/core/handlers/exception.py", line 55, in inner
    response = get_response(request)
  File "/root/rumah-akrilik/venv/lib/python3.10/site-packages/django/core/handlers/base.py", line 197, in _get_response
    response = wrapped_callback(request, *callback_args, **callback_kwargs)
  File "/root/rumah-akrilik/venv/lib/python3.10/site-packages/django/views/decorators/csrf.py", line 56, in wrapper_view
    return view_func(*args, **kwargs)
  File "/root/rumah-akrilik/venv/lib/python3.10/site-packages/rest_framework/viewsets.py", line 124, in view
    return self.dispatch(request, *args, **kwargs)
  File "/root/rumah-akrilik/venv/lib/python3.10/site-packages/rest_framework/views.py", line 509, in dispatch
    response = self.handle_exception(exc)
  File "/root/rumah-akrilik/venv/lib/python3.10/site-packages/rest_framework/views.py", line 469, in handle_exception
    self.raise_uncaught_exception(exc)
  File "/root/rumah-akrilik/venv/lib/python3.10/site-packages/rest_framework/views.py", line 480, in raise_uncaught_exception
    raise exc
  File "/root/rumah-akrilik/venv/lib/python3.10/site-packages/rest_framework/views.py", line 497, in dispatch
    self.initial(request, *args, **kwargs)
  File "/root/rumah-akrilik/venv/lib/python3.10/site-packages/rest_framework/views.py", line 415, in initial
    self.check_permissions(request)
  File "/root/rumah-akrilik/venv/lib/python3.10/site-packages/rest_framework/views.py", line 332, in check_permissions
    if not permission.has_permission(request, self):
  File "/root/rumah-akrilik/rumah_akrilik_app/permissions.py", line 66, in has_permission
    raise Exception(f"DEBUG EXCEPTION: Role detected = '{role_name}', Allowed = {self.allowed_roles}, Check result (role in allowed) = {is_allowed}") # <-- UBAH BARIS INI
NameError: name 'is_allowed' is not defined
ERROR 2025-04-29 01:55:33,738 log 2169354 140286859182080 Internal Server Error: /api/order-status/
Traceback (most recent call last):
  File "/root/rumah-akrilik/venv/lib/python3.10/site-packages/django/core/handlers/exception.py", line 55, in inner
    response = get_response(request)
  File "/root/rumah-akrilik/venv/lib/python3.10/site-packages/django/core/handlers/base.py", line 197, in _get_response
    response = wrapped_callback(request, *callback_args, **callback_kwargs)
  File "/root/rumah-akrilik/venv/lib/python3.10/site-packages/django/views/decorators/csrf.py", line 56, in wrapper_view
    return view_func(*args, **kwargs)
  File "/root/rumah-akrilik/venv/lib/python3.10/site-packages/rest_framework/viewsets.py", line 124, in view
    return self.dispatch(request, *args, **kwargs)
  File "/root/rumah-akrilik/venv/lib/python3.10/site-packages/rest_framework/views.py", line 509, in dispatch
    response = self.handle_exception(exc)
  File "/root/rumah-akrilik/venv/lib/python3.10/site-packages/rest_framework/views.py", line 469, in handle_exception
    self.raise_uncaught_exception(exc)
  File "/root/rumah-akrilik/venv/lib/python3.10/site-packages/rest_framework/views.py", line 480, in raise_uncaught_exception
    raise exc
  File "/root/rumah-akrilik/venv/lib/python3.10/site-packages/rest_framework/views.py", line 497, in dispatch
    self.initial(request, *args, **kwargs)
  File "/root/rumah-akrilik/venv/lib/python3.10/site-packages/rest_framework/views.py", line 415, in initial
    self.check_permissions(request)
  File "/root/rumah-akrilik/venv/lib/python3.10/site-packages/rest_framework/views.py", line 332, in check_permissions
    if not permission.has_permission(request, self):
  File "/root/rumah-akrilik/rumah_akrilik_app/permissions.py", line 66, in has_permission
    raise Exception(f"DEBUG EXCEPTION: Role detected = '{role_name}', Allowed = {self.allowed_roles}, Check result (role in allowed) = {is_allowed}") # <-- UBAH BARIS INI
NameError: name 'is_allowed' is not defined
ERROR 2025-04-29 01:55:33,783 log 2169357 140286859182080 Internal Server Error: /api/produksi/
Traceback (most recent call last):
  File "/root/rumah-akrilik/venv/lib/python3.10/site-packages/django/core/handlers/exception.py", line 55, in inner
    response = get_response(request)
  File "/root/rumah-akrilik/venv/lib/python3.10/site-packages/django/core/handlers/base.py", line 197, in _get_response
    response = wrapped_callback(request, *callback_args, **callback_kwargs)
  File "/root/rumah-akrilik/venv/lib/python3.10/site-packages/django/views/decorators/csrf.py", line 56, in wrapper_view
    return view_func(*args, **kwargs)
  File "/root/rumah-akrilik/venv/lib/python3.10/site-packages/rest_framework/viewsets.py", line 124, in view
    return self.dispatch(request, *args, **kwargs)
  File "/root/rumah-akrilik/venv/lib/python3.10/site-packages/rest_framework/views.py", line 509, in dispatch
    response = self.handle_exception(exc)
  File "/root/rumah-akrilik/venv/lib/python3.10/site-packages/rest_framework/views.py", line 469, in handle_exception
    self.raise_uncaught_exception(exc)
  File "/root/rumah-akrilik/venv/lib/python3.10/site-packages/rest_framework/views.py", line 480, in raise_uncaught_exception
    raise exc
  File "/root/rumah-akrilik/venv/lib/python3.10/site-packages/rest_framework/views.py", line 497, in dispatch
    self.initial(request, *args, **kwargs)
  File "/root/rumah-akrilik/venv/lib/python3.10/site-packages/rest_framework/views.py", line 415, in initial
    self.check_permissions(request)
  File "/root/rumah-akrilik/venv/lib/python3.10/site-packages/rest_framework/views.py", line 332, in check_permissions
    if not permission.has_permission(request, self):
  File "/root/rumah-akrilik/rumah_akrilik_app/permissions.py", line 66, in has_permission
    raise Exception(f"DEBUG EXCEPTION: Role detected = '{role_name}', Allowed = {self.allowed_roles}, Check result (role in allowed) = {is_allowed}") # <-- UBAH BARIS INI
NameError: name 'is_allowed' is not defined
ERROR 2025-04-29 01:58:03,312 log 2169416 140587685085184 Internal Server Error: /api/produksi/
Traceback (most recent call last):
  File "/root/rumah-akrilik/venv/lib/python3.10/site-packages/django/core/handlers/exception.py", line 55, in inner
    response = get_response(request)
  File "/root/rumah-akrilik/venv/lib/python3.10/site-packages/django/core/handlers/base.py", line 197, in _get_response
    response = wrapped_callback(request, *callback_args, **callback_kwargs)
  File "/root/rumah-akrilik/venv/lib/python3.10/site-packages/django/views/decorators/csrf.py", line 56, in wrapper_view
    return view_func(*args, **kwargs)
  File "/root/rumah-akrilik/venv/lib/python3.10/site-packages/rest_framework/viewsets.py", line 124, in view
    return self.dispatch(request, *args, **kwargs)
  File "/root/rumah-akrilik/venv/lib/python3.10/site-packages/rest_framework/views.py", line 509, in dispatch
    response = self.handle_exception(exc)
  File "/root/rumah-akrilik/venv/lib/python3.10/site-packages/rest_framework/views.py", line 469, in handle_exception
    self.raise_uncaught_exception(exc)
  File "/root/rumah-akrilik/venv/lib/python3.10/site-packages/rest_framework/views.py", line 480, in raise_uncaught_exception
    raise exc
  File "/root/rumah-akrilik/venv/lib/python3.10/site-packages/rest_framework/views.py", line 497, in dispatch
    self.initial(request, *args, **kwargs)
  File "/root/rumah-akrilik/venv/lib/python3.10/site-packages/rest_framework/views.py", line 415, in initial
    self.check_permissions(request)
  File "/root/rumah-akrilik/venv/lib/python3.10/site-packages/rest_framework/views.py", line 332, in check_permissions
    if not permission.has_permission(request, self):
  File "/root/rumah-akrilik/rumah_akrilik_app/permissions.py", line 66, in has_permission
    raise Exception(f"DEBUG EXCEPTION: Role detected = '{role_name}', Allowed = {self.allowed_roles}, Check result (role in allowed) = {is_allowed}") # <-- SEKARANG is_allowed SUDAH ADA
Exception: DEBUG EXCEPTION: Role detected = 'Owner', Allowed = ['Designer', 'Operator Mesin', 'Finishing', 'Quality Control', 'Packing / Pasang', 'Koordinator Produksi', 'Supervisor Produksi', 'Manager Produksi', 'General Manager', 'Owner'], Check result (role in allowed) = True
ERROR 2025-04-29 01:58:03,379 log 2169417 140587685085184 Internal Server Error: /api/customers/
Traceback (most recent call last):
  File "/root/rumah-akrilik/venv/lib/python3.10/site-packages/django/core/handlers/exception.py", line 55, in inner
    response = get_response(request)
  File "/root/rumah-akrilik/venv/lib/python3.10/site-packages/django/core/handlers/base.py", line 197, in _get_response
    response = wrapped_callback(request, *callback_args, **callback_kwargs)
  File "/root/rumah-akrilik/venv/lib/python3.10/site-packages/django/views/decorators/csrf.py", line 56, in wrapper_view
    return view_func(*args, **kwargs)
  File "/root/rumah-akrilik/venv/lib/python3.10/site-packages/rest_framework/viewsets.py", line 124, in view
    return self.dispatch(request, *args, **kwargs)
  File "/root/rumah-akrilik/venv/lib/python3.10/site-packages/rest_framework/views.py", line 509, in dispatch
    response = self.handle_exception(exc)
  File "/root/rumah-akrilik/venv/lib/python3.10/site-packages/rest_framework/views.py", line 469, in handle_exception
    self.raise_uncaught_exception(exc)
  File "/root/rumah-akrilik/venv/lib/python3.10/site-packages/rest_framework/views.py", line 480, in raise_uncaught_exception
    raise exc
  File "/root/rumah-akrilik/venv/lib/python3.10/site-packages/rest_framework/views.py", line 497, in dispatch
    self.initial(request, *args, **kwargs)
  File "/root/rumah-akrilik/venv/lib/python3.10/site-packages/rest_framework/views.py", line 415, in initial
    self.check_permissions(request)
  File "/root/rumah-akrilik/venv/lib/python3.10/site-packages/rest_framework/views.py", line 332, in check_permissions
    if not permission.has_permission(request, self):
  File "/root/rumah-akrilik/rumah_akrilik_app/permissions.py", line 66, in has_permission
    raise Exception(f"DEBUG EXCEPTION: Role detected = '{role_name}', Allowed = {self.allowed_roles}, Check result (role in allowed) = {is_allowed}") # <-- SEKARANG is_allowed SUDAH ADA
Exception: DEBUG EXCEPTION: Role detected = 'Owner', Allowed = ['Staff Marketing Online', 'CS Online', 'CS Offline', 'Retail Representative', 'Koordinator Marketing', 'Supervisor Marketing Offline', 'Manager Marketing', 'General Manager', 'Owner'], Check result (role in allowed) = True
ERROR 2025-04-29 01:58:03,416 log 2169415 140587685085184 Internal Server Error: /api/order-status/
Traceback (most recent call last):
  File "/root/rumah-akrilik/venv/lib/python3.10/site-packages/django/core/handlers/exception.py", line 55, in inner
    response = get_response(request)
  File "/root/rumah-akrilik/venv/lib/python3.10/site-packages/django/core/handlers/base.py", line 197, in _get_response
    response = wrapped_callback(request, *callback_args, **callback_kwargs)
  File "/root/rumah-akrilik/venv/lib/python3.10/site-packages/django/views/decorators/csrf.py", line 56, in wrapper_view
    return view_func(*args, **kwargs)
  File "/root/rumah-akrilik/venv/lib/python3.10/site-packages/rest_framework/viewsets.py", line 124, in view
    return self.dispatch(request, *args, **kwargs)
  File "/root/rumah-akrilik/venv/lib/python3.10/site-packages/rest_framework/views.py", line 509, in dispatch
    response = self.handle_exception(exc)
  File "/root/rumah-akrilik/venv/lib/python3.10/site-packages/rest_framework/views.py", line 469, in handle_exception
    self.raise_uncaught_exception(exc)
  File "/root/rumah-akrilik/venv/lib/python3.10/site-packages/rest_framework/views.py", line 480, in raise_uncaught_exception
    raise exc
  File "/root/rumah-akrilik/venv/lib/python3.10/site-packages/rest_framework/views.py", line 497, in dispatch
    self.initial(request, *args, **kwargs)
  File "/root/rumah-akrilik/venv/lib/python3.10/site-packages/rest_framework/views.py", line 415, in initial
    self.check_permissions(request)
  File "/root/rumah-akrilik/venv/lib/python3.10/site-packages/rest_framework/views.py", line 332, in check_permissions
    if not permission.has_permission(request, self):
  File "/root/rumah-akrilik/rumah_akrilik_app/permissions.py", line 66, in has_permission
    raise Exception(f"DEBUG EXCEPTION: Role detected = '{role_name}', Allowed = {self.allowed_roles}, Check result (role in allowed) = {is_allowed}") # <-- SEKARANG is_allowed SUDAH ADA
Exception: DEBUG EXCEPTION: Role detected = 'Owner', Allowed = ['Owner'], Check result (role in allowed) = True
ERROR 2025-04-29 01:58:04,356 log 2169417 140587685085184 Internal Server Error: /api/customers/
Traceback (most recent call last):
  File "/root/rumah-akrilik/venv/lib/python3.10/site-packages/django/core/handlers/exception.py", line 55, in inner
    response = get_response(request)
  File "/root/rumah-akrilik/venv/lib/python3.10/site-packages/django/core/handlers/base.py", line 197, in _get_response
    response = wrapped_callback(request, *callback_args, **callback_kwargs)
  File "/root/rumah-akrilik/venv/lib/python3.10/site-packages/django/views/decorators/csrf.py", line 56, in wrapper_view
    return view_func(*args, **kwargs)
  File "/root/rumah-akrilik/venv/lib/python3.10/site-packages/rest_framework/viewsets.py", line 124, in view
    return self.dispatch(request, *args, **kwargs)
  File "/root/rumah-akrilik/venv/lib/python3.10/site-packages/rest_framework/views.py", line 509, in dispatch
    response = self.handle_exception(exc)
  File "/root/rumah-akrilik/venv/lib/python3.10/site-packages/rest_framework/views.py", line 469, in handle_exception
    self.raise_uncaught_exception(exc)
  File "/root/rumah-akrilik/venv/lib/python3.10/site-packages/rest_framework/views.py", line 480, in raise_uncaught_exception
    raise exc
  File "/root/rumah-akrilik/venv/lib/python3.10/site-packages/rest_framework/views.py", line 497, in dispatch
    self.initial(request, *args, **kwargs)
  File "/root/rumah-akrilik/venv/lib/python3.10/site-packages/rest_framework/views.py", line 415, in initial
    self.check_permissions(request)
  File "/root/rumah-akrilik/venv/lib/python3.10/site-packages/rest_framework/views.py", line 332, in check_permissions
    if not permission.has_permission(request, self):
  File "/root/rumah-akrilik/rumah_akrilik_app/permissions.py", line 66, in has_permission
    raise Exception(f"DEBUG EXCEPTION: Role detected = '{role_name}', Allowed = {self.allowed_roles}, Check result (role in allowed) = {is_allowed}") # <-- SEKARANG is_allowed SUDAH ADA
Exception: DEBUG EXCEPTION: Role detected = 'Owner', Allowed = ['Staff Marketing Online', 'CS Online', 'CS Offline', 'Retail Representative', 'Koordinator Marketing', 'Supervisor Marketing Offline', 'Manager Marketing', 'General Manager', 'Owner'], Check result (role in allowed) = True
ERROR 2025-04-29 01:58:04,424 log 2169415 140587685085184 Internal Server Error: /api/order-status/
Traceback (most recent call last):
  File "/root/rumah-akrilik/venv/lib/python3.10/site-packages/django/core/handlers/exception.py", line 55, in inner
    response = get_response(request)
  File "/root/rumah-akrilik/venv/lib/python3.10/site-packages/django/core/handlers/base.py", line 197, in _get_response
    response = wrapped_callback(request, *callback_args, **callback_kwargs)
  File "/root/rumah-akrilik/venv/lib/python3.10/site-packages/django/views/decorators/csrf.py", line 56, in wrapper_view
    return view_func(*args, **kwargs)
  File "/root/rumah-akrilik/venv/lib/python3.10/site-packages/rest_framework/viewsets.py", line 124, in view
    return self.dispatch(request, *args, **kwargs)
  File "/root/rumah-akrilik/venv/lib/python3.10/site-packages/rest_framework/views.py", line 509, in dispatch
    response = self.handle_exception(exc)
  File "/root/rumah-akrilik/venv/lib/python3.10/site-packages/rest_framework/views.py", line 469, in handle_exception
    self.raise_uncaught_exception(exc)
  File "/root/rumah-akrilik/venv/lib/python3.10/site-packages/rest_framework/views.py", line 480, in raise_uncaught_exception
    raise exc
  File "/root/rumah-akrilik/venv/lib/python3.10/site-packages/rest_framework/views.py", line 497, in dispatch
    self.initial(request, *args, **kwargs)
  File "/root/rumah-akrilik/venv/lib/python3.10/site-packages/rest_framework/views.py", line 415, in initial
    self.check_permissions(request)
  File "/root/rumah-akrilik/venv/lib/python3.10/site-packages/rest_framework/views.py", line 332, in check_permissions
    if not permission.has_permission(request, self):
  File "/root/rumah-akrilik/rumah_akrilik_app/permissions.py", line 66, in has_permission
    raise Exception(f"DEBUG EXCEPTION: Role detected = '{role_name}', Allowed = {self.allowed_roles}, Check result (role in allowed) = {is_allowed}") # <-- SEKARANG is_allowed SUDAH ADA
Exception: DEBUG EXCEPTION: Role detected = 'Owner', Allowed = ['Owner'], Check result (role in allowed) = True
ERROR 2025-04-29 01:58:04,430 log 2169416 140587685085184 Internal Server Error: /api/produksi/
Traceback (most recent call last):
  File "/root/rumah-akrilik/venv/lib/python3.10/site-packages/django/core/handlers/exception.py", line 55, in inner
    response = get_response(request)
  File "/root/rumah-akrilik/venv/lib/python3.10/site-packages/django/core/handlers/base.py", line 197, in _get_response
    response = wrapped_callback(request, *callback_args, **callback_kwargs)
  File "/root/rumah-akrilik/venv/lib/python3.10/site-packages/django/views/decorators/csrf.py", line 56, in wrapper_view
    return view_func(*args, **kwargs)
  File "/root/rumah-akrilik/venv/lib/python3.10/site-packages/rest_framework/viewsets.py", line 124, in view
    return self.dispatch(request, *args, **kwargs)
  File "/root/rumah-akrilik/venv/lib/python3.10/site-packages/rest_framework/views.py", line 509, in dispatch
    response = self.handle_exception(exc)
  File "/root/rumah-akrilik/venv/lib/python3.10/site-packages/rest_framework/views.py", line 469, in handle_exception
    self.raise_uncaught_exception(exc)
  File "/root/rumah-akrilik/venv/lib/python3.10/site-packages/rest_framework/views.py", line 480, in raise_uncaught_exception
    raise exc
  File "/root/rumah-akrilik/venv/lib/python3.10/site-packages/rest_framework/views.py", line 497, in dispatch
    self.initial(request, *args, **kwargs)
  File "/root/rumah-akrilik/venv/lib/python3.10/site-packages/rest_framework/views.py", line 415, in initial
    self.check_permissions(request)
  File "/root/rumah-akrilik/venv/lib/python3.10/site-packages/rest_framework/views.py", line 332, in check_permissions
    if not permission.has_permission(request, self):
  File "/root/rumah-akrilik/rumah_akrilik_app/permissions.py", line 66, in has_permission
    raise Exception(f"DEBUG EXCEPTION: Role detected = '{role_name}', Allowed = {self.allowed_roles}, Check result (role in allowed) = {is_allowed}") # <-- SEKARANG is_allowed SUDAH ADA
Exception: DEBUG EXCEPTION: Role detected = 'Owner', Allowed = ['Designer', 'Operator Mesin', 'Finishing', 'Quality Control', 'Packing / Pasang', 'Koordinator Produksi', 'Supervisor Produksi', 'Manager Produksi', 'General Manager', 'Owner'], Check result (role in allowed) = True
ERROR 2025-04-29 01:58:05,378 log 2169416 140587685085184 Internal Server Error: /api/order-status/
Traceback (most recent call last):
  File "/root/rumah-akrilik/venv/lib/python3.10/site-packages/django/core/handlers/exception.py", line 55, in inner
    response = get_response(request)
  File "/root/rumah-akrilik/venv/lib/python3.10/site-packages/django/core/handlers/base.py", line 197, in _get_response
    response = wrapped_callback(request, *callback_args, **callback_kwargs)
  File "/root/rumah-akrilik/venv/lib/python3.10/site-packages/django/views/decorators/csrf.py", line 56, in wrapper_view
    return view_func(*args, **kwargs)
  File "/root/rumah-akrilik/venv/lib/python3.10/site-packages/rest_framework/viewsets.py", line 124, in view
    return self.dispatch(request, *args, **kwargs)
  File "/root/rumah-akrilik/venv/lib/python3.10/site-packages/rest_framework/views.py", line 509, in dispatch
    response = self.handle_exception(exc)
  File "/root/rumah-akrilik/venv/lib/python3.10/site-packages/rest_framework/views.py", line 469, in handle_exception
    self.raise_uncaught_exception(exc)
  File "/root/rumah-akrilik/venv/lib/python3.10/site-packages/rest_framework/views.py", line 480, in raise_uncaught_exception
    raise exc
  File "/root/rumah-akrilik/venv/lib/python3.10/site-packages/rest_framework/views.py", line 497, in dispatch
    self.initial(request, *args, **kwargs)
  File "/root/rumah-akrilik/venv/lib/python3.10/site-packages/rest_framework/views.py", line 415, in initial
    self.check_permissions(request)
  File "/root/rumah-akrilik/venv/lib/python3.10/site-packages/rest_framework/views.py", line 332, in check_permissions
    if not permission.has_permission(request, self):
  File "/root/rumah-akrilik/rumah_akrilik_app/permissions.py", line 66, in has_permission
    raise Exception(f"DEBUG EXCEPTION: Role detected = '{role_name}', Allowed = {self.allowed_roles}, Check result (role in allowed) = {is_allowed}") # <-- SEKARANG is_allowed SUDAH ADA
Exception: DEBUG EXCEPTION: Role detected = 'Owner', Allowed = ['Owner'], Check result (role in allowed) = True
ERROR 2025-04-29 01:58:05,368 log 2169418 140587685085184 Internal Server Error: /api/customers/
Traceback (most recent call last):
  File "/root/rumah-akrilik/venv/lib/python3.10/site-packages/django/core/handlers/exception.py", line 55, in inner
    response = get_response(request)
  File "/root/rumah-akrilik/venv/lib/python3.10/site-packages/django/core/handlers/base.py", line 197, in _get_response
    response = wrapped_callback(request, *callback_args, **callback_kwargs)
  File "/root/rumah-akrilik/venv/lib/python3.10/site-packages/django/views/decorators/csrf.py", line 56, in wrapper_view
    return view_func(*args, **kwargs)
  File "/root/rumah-akrilik/venv/lib/python3.10/site-packages/rest_framework/viewsets.py", line 124, in view
    return self.dispatch(request, *args, **kwargs)
  File "/root/rumah-akrilik/venv/lib/python3.10/site-packages/rest_framework/views.py", line 509, in dispatch
    response = self.handle_exception(exc)
  File "/root/rumah-akrilik/venv/lib/python3.10/site-packages/rest_framework/views.py", line 469, in handle_exception
    self.raise_uncaught_exception(exc)
  File "/root/rumah-akrilik/venv/lib/python3.10/site-packages/rest_framework/views.py", line 480, in raise_uncaught_exception
    raise exc
  File "/root/rumah-akrilik/venv/lib/python3.10/site-packages/rest_framework/views.py", line 497, in dispatch
    self.initial(request, *args, **kwargs)
  File "/root/rumah-akrilik/venv/lib/python3.10/site-packages/rest_framework/views.py", line 415, in initial
    self.check_permissions(request)
  File "/root/rumah-akrilik/venv/lib/python3.10/site-packages/rest_framework/views.py", line 332, in check_permissions
    if not permission.has_permission(request, self):
  File "/root/rumah-akrilik/rumah_akrilik_app/permissions.py", line 66, in has_permission
    raise Exception(f"DEBUG EXCEPTION: Role detected = '{role_name}', Allowed = {self.allowed_roles}, Check result (role in allowed) = {is_allowed}") # <-- SEKARANG is_allowed SUDAH ADA
Exception: DEBUG EXCEPTION: Role detected = 'Owner', Allowed = ['Staff Marketing Online', 'CS Online', 'CS Offline', 'Retail Representative', 'Koordinator Marketing', 'Supervisor Marketing Offline', 'Manager Marketing', 'General Manager', 'Owner'], Check result (role in allowed) = True
ERROR 2025-04-29 01:58:05,454 log 2169414 140587685085184 Internal Server Error: /api/produksi/
Traceback (most recent call last):
  File "/root/rumah-akrilik/venv/lib/python3.10/site-packages/django/core/handlers/exception.py", line 55, in inner
    response = get_response(request)
  File "/root/rumah-akrilik/venv/lib/python3.10/site-packages/django/core/handlers/base.py", line 197, in _get_response
    response = wrapped_callback(request, *callback_args, **callback_kwargs)
  File "/root/rumah-akrilik/venv/lib/python3.10/site-packages/django/views/decorators/csrf.py", line 56, in wrapper_view
    return view_func(*args, **kwargs)
  File "/root/rumah-akrilik/venv/lib/python3.10/site-packages/rest_framework/viewsets.py", line 124, in view
    return self.dispatch(request, *args, **kwargs)
  File "/root/rumah-akrilik/venv/lib/python3.10/site-packages/rest_framework/views.py", line 509, in dispatch
    response = self.handle_exception(exc)
  File "/root/rumah-akrilik/venv/lib/python3.10/site-packages/rest_framework/views.py", line 469, in handle_exception
    self.raise_uncaught_exception(exc)
  File "/root/rumah-akrilik/venv/lib/python3.10/site-packages/rest_framework/views.py", line 480, in raise_uncaught_exception
    raise exc
  File "/root/rumah-akrilik/venv/lib/python3.10/site-packages/rest_framework/views.py", line 497, in dispatch
    self.initial(request, *args, **kwargs)
  File "/root/rumah-akrilik/venv/lib/python3.10/site-packages/rest_framework/views.py", line 415, in initial
    self.check_permissions(request)
  File "/root/rumah-akrilik/venv/lib/python3.10/site-packages/rest_framework/views.py", line 332, in check_permissions
    if not permission.has_permission(request, self):
  File "/root/rumah-akrilik/rumah_akrilik_app/permissions.py", line 66, in has_permission
    raise Exception(f"DEBUG EXCEPTION: Role detected = '{role_name}', Allowed = {self.allowed_roles}, Check result (role in allowed) = {is_allowed}") # <-- SEKARANG is_allowed SUDAH ADA
Exception: DEBUG EXCEPTION: Role detected = 'Owner', Allowed = ['Designer', 'Operator Mesin', 'Finishing', 'Quality Control', 'Packing / Pasang', 'Koordinator Produksi', 'Supervisor Produksi', 'Manager Produksi', 'General Manager', 'Owner'], Check result (role in allowed) = True
ERROR 2025-04-29 01:58:06,831 log 2169417 140587685085184 Internal Server Error: /api/customers/
Traceback (most recent call last):
  File "/root/rumah-akrilik/venv/lib/python3.10/site-packages/django/core/handlers/exception.py", line 55, in inner
    response = get_response(request)
  File "/root/rumah-akrilik/venv/lib/python3.10/site-packages/django/core/handlers/base.py", line 197, in _get_response
    response = wrapped_callback(request, *callback_args, **callback_kwargs)
  File "/root/rumah-akrilik/venv/lib/python3.10/site-packages/django/views/decorators/csrf.py", line 56, in wrapper_view
    return view_func(*args, **kwargs)
  File "/root/rumah-akrilik/venv/lib/python3.10/site-packages/rest_framework/viewsets.py", line 124, in view
    return self.dispatch(request, *args, **kwargs)
  File "/root/rumah-akrilik/venv/lib/python3.10/site-packages/rest_framework/views.py", line 509, in dispatch
    response = self.handle_exception(exc)
  File "/root/rumah-akrilik/venv/lib/python3.10/site-packages/rest_framework/views.py", line 469, in handle_exception
    self.raise_uncaught_exception(exc)
  File "/root/rumah-akrilik/venv/lib/python3.10/site-packages/rest_framework/views.py", line 480, in raise_uncaught_exception
    raise exc
  File "/root/rumah-akrilik/venv/lib/python3.10/site-packages/rest_framework/views.py", line 497, in dispatch
    self.initial(request, *args, **kwargs)
  File "/root/rumah-akrilik/venv/lib/python3.10/site-packages/rest_framework/views.py", line 415, in initial
    self.check_permissions(request)
  File "/root/rumah-akrilik/venv/lib/python3.10/site-packages/rest_framework/views.py", line 332, in check_permissions
    if not permission.has_permission(request, self):
  File "/root/rumah-akrilik/rumah_akrilik_app/permissions.py", line 66, in has_permission
    raise Exception(f"DEBUG EXCEPTION: Role detected = '{role_name}', Allowed = {self.allowed_roles}, Check result (role in allowed) = {is_allowed}") # <-- SEKARANG is_allowed SUDAH ADA
Exception: DEBUG EXCEPTION: Role detected = 'Owner', Allowed = ['Staff Marketing Online', 'CS Online', 'CS Offline', 'Retail Representative', 'Koordinator Marketing', 'Supervisor Marketing Offline', 'Manager Marketing', 'General Manager', 'Owner'], Check result (role in allowed) = True
ERROR 2025-04-29 01:58:06,842 log 2169418 140587685085184 Internal Server Error: /api/order-status/
Traceback (most recent call last):
  File "/root/rumah-akrilik/venv/lib/python3.10/site-packages/django/core/handlers/exception.py", line 55, in inner
    response = get_response(request)
  File "/root/rumah-akrilik/venv/lib/python3.10/site-packages/django/core/handlers/base.py", line 197, in _get_response
    response = wrapped_callback(request, *callback_args, **callback_kwargs)
  File "/root/rumah-akrilik/venv/lib/python3.10/site-packages/django/views/decorators/csrf.py", line 56, in wrapper_view
    return view_func(*args, **kwargs)
  File "/root/rumah-akrilik/venv/lib/python3.10/site-packages/rest_framework/viewsets.py", line 124, in view
    return self.dispatch(request, *args, **kwargs)
  File "/root/rumah-akrilik/venv/lib/python3.10/site-packages/rest_framework/views.py", line 509, in dispatch
    response = self.handle_exception(exc)
  File "/root/rumah-akrilik/venv/lib/python3.10/site-packages/rest_framework/views.py", line 469, in handle_exception
    self.raise_uncaught_exception(exc)
  File "/root/rumah-akrilik/venv/lib/python3.10/site-packages/rest_framework/views.py", line 480, in raise_uncaught_exception
    raise exc
  File "/root/rumah-akrilik/venv/lib/python3.10/site-packages/rest_framework/views.py", line 497, in dispatch
    self.initial(request, *args, **kwargs)
  File "/root/rumah-akrilik/venv/lib/python3.10/site-packages/rest_framework/views.py", line 415, in initial
    self.check_permissions(request)
  File "/root/rumah-akrilik/venv/lib/python3.10/site-packages/rest_framework/views.py", line 332, in check_permissions
    if not permission.has_permission(request, self):
  File "/root/rumah-akrilik/rumah_akrilik_app/permissions.py", line 66, in has_permission
    raise Exception(f"DEBUG EXCEPTION: Role detected = '{role_name}', Allowed = {self.allowed_roles}, Check result (role in allowed) = {is_allowed}") # <-- SEKARANG is_allowed SUDAH ADA
Exception: DEBUG EXCEPTION: Role detected = 'Owner', Allowed = ['Owner'], Check result (role in allowed) = True
ERROR 2025-04-29 01:58:06,893 log 2169414 140587685085184 Internal Server Error: /api/produksi/
Traceback (most recent call last):
  File "/root/rumah-akrilik/venv/lib/python3.10/site-packages/django/core/handlers/exception.py", line 55, in inner
    response = get_response(request)
  File "/root/rumah-akrilik/venv/lib/python3.10/site-packages/django/core/handlers/base.py", line 197, in _get_response
    response = wrapped_callback(request, *callback_args, **callback_kwargs)
  File "/root/rumah-akrilik/venv/lib/python3.10/site-packages/django/views/decorators/csrf.py", line 56, in wrapper_view
    return view_func(*args, **kwargs)
  File "/root/rumah-akrilik/venv/lib/python3.10/site-packages/rest_framework/viewsets.py", line 124, in view
    return self.dispatch(request, *args, **kwargs)
  File "/root/rumah-akrilik/venv/lib/python3.10/site-packages/rest_framework/views.py", line 509, in dispatch
    response = self.handle_exception(exc)
  File "/root/rumah-akrilik/venv/lib/python3.10/site-packages/rest_framework/views.py", line 469, in handle_exception
    self.raise_uncaught_exception(exc)
  File "/root/rumah-akrilik/venv/lib/python3.10/site-packages/rest_framework/views.py", line 480, in raise_uncaught_exception
    raise exc
  File "/root/rumah-akrilik/venv/lib/python3.10/site-packages/rest_framework/views.py", line 497, in dispatch
    self.initial(request, *args, **kwargs)
  File "/root/rumah-akrilik/venv/lib/python3.10/site-packages/rest_framework/views.py", line 415, in initial
    self.check_permissions(request)
  File "/root/rumah-akrilik/venv/lib/python3.10/site-packages/rest_framework/views.py", line 332, in check_permissions
    if not permission.has_permission(request, self):
  File "/root/rumah-akrilik/rumah_akrilik_app/permissions.py", line 66, in has_permission
    raise Exception(f"DEBUG EXCEPTION: Role detected = '{role_name}', Allowed = {self.allowed_roles}, Check result (role in allowed) = {is_allowed}") # <-- SEKARANG is_allowed SUDAH ADA
Exception: DEBUG EXCEPTION: Role detected = 'Owner', Allowed = ['Designer', 'Operator Mesin', 'Finishing', 'Quality Control', 'Packing / Pasang', 'Koordinator Produksi', 'Supervisor Produksi', 'Manager Produksi', 'General Manager', 'Owner'], Check result (role in allowed) = True
WARNING 2025-04-29 02:29:44,219 log 2170070 140199723274240 Forbidden: /api/customers/
WARNING 2025-04-29 02:29:44,249 log 2170070 140199723274240 Forbidden: /api/produksi/
WARNING 2025-04-29 02:29:44,352 log 2170071 140199723274240 Forbidden: /api/order-status/
WARNING 2025-04-29 11:42:11,599 log 2170130 139666226925568 Not Found: /api/.env
WARNING 2025-04-29 11:42:15,532 log 2170134 139666226925568 Not Found: /api/config.js
WARNING 2025-04-29 17:39:09,421 log 2170133 139666226925568 Not Found: /api/.git/config
WARNING 2025-04-29 17:39:12,961 log 2170131 139666226925568 Not Found: /api/.env
WARNING 2025-04-29 17:57:07,194 log 2170132 139666226925568 Bad Request: /api/order/
WARNING 2025-04-29 18:04:58,407 log 2183002 140337171660800 Unauthorized: /api/auth/token/verify/
WARNING 2025-04-29 18:07:53,350 log 2183002 140337171660800 Bad Request: /api/order/
WARNING 2025-04-29 18:44:45,770 log 2183660 139659183292416 Bad Request: /api/order/
WARNING 2025-04-29 18:54:06,675 log 2184024 140189998448640 Bad Request: /api/order/
WARNING 2025-04-29 19:08:05,433 log 2184438 139913763225600 Unauthorized: /api/auth/token/verify/
WARNING 2025-04-29 19:09:27,904 log 2184437 139913763225600 Bad Request: /api/order/
WARNING 2025-04-29 19:20:07,129 log 2184651 140488681074688 Bad Request: /api/order/
WARNING 2025-04-29 19:21:45,898 log 2184651 140488681074688 Bad Request: /api/order/
WARNING 2025-04-29 19:32:17,386 log 2185015 140565101129728 Bad Request: /api/order/
WARNING 2025-04-29 19:40:46,623 log 2185015 140565101129728 Bad Request: /api/order/
WARNING 2025-04-29 19:46:08,491 log 2185349 140503636230144 Bad Request: /api/order/
WARNING 2025-04-29 19:50:35,358 log 2185565 140233290637312 Bad Request: /api/order/
WARNING 2025-04-29 19:56:59,604 log 2185751 140653851865088 Bad Request: /api/order/
WARNING 2025-04-29 20:29:28,089 log 2186967 140206566010880 Unauthorized: /api/auth/token/verify/
WARNING 2025-04-29 20:29:32,521 log 2186968 140206566010880 Unauthorized: /api/auth/token/verify/
WARNING 2025-04-29 20:30:16,354 log 2186966 140206566010880 Bad Request: /api/order/
WARNING 2025-04-29 21:54:10,768 log 2186965 140206566010880 Not Found: /api/user/binLookup
WARNING 2025-04-29 23:08:51,946 log 2191561 140270854778880 Unauthorized: /api/auth/token/verify/
WARNING 2025-04-29 23:10:04,904 log 2191559 140270854778880 Bad Request: /api/order/
WARNING 2025-04-29 23:18:34,453 log 2191664 139827460612096 Bad Request: /api/order/
WARNING 2025-04-29 23:22:56,632 log 2191665 139827460612096 Bad Request: /api/order/
WARNING 2025-04-29 23:22:59,161 log 2191665 139827460612096 Bad Request: /api/order/
WARNING 2025-04-29 23:23:09,304 log 2191662 139827460612096 Bad Request: /api/order/
WARNING 2025-04-29 23:23:29,182 log 2191665 139827460612096 Bad Request: /api/order/
INFO 2025-04-29 23:35:22,069 autoreload 2192051 139961201381376 Watching for file changes with StatReloader
WARNING 2025-04-29 23:36:40,885 log 2192042 139728601952256 Bad Request: /api/order/
WARNING 2025-04-29 23:47:00,532 log 2192274 139955184140288 Bad Request: /api/order/
